# https://github.com/mikedh/trimesh
v -97.00000000 -74.00000000 0.00000000
v -96.40000153 -74.00000000 0.00000000
v -97.00000000 -73.40000153 0.00000000
v -96.40000153 -73.40000153 0.00000000
v -97.00000000 -74.00000000 0.60000002
v -96.40000153 -74.00000000 0.60000002
v -97.00000000 -73.40000153 0.60000002
v -96.40000153 -73.40000153 0.60000002
v -86.00000000 -61.00000000 0.00000000
v -85.00000000 -60.00000000 0.00000000
v -86.00000000 -59.00000000 0.00000000
v -84.00000000 -61.00000000 0.00000000
v -84.00000000 -59.00000000 0.00000000
v -62.00000000 -74.00000000 0.00000000
v -62.00000000 -70.00000000 0.00000000
v -58.00000000 -74.00000000 0.00000000
v -60.00000000 -72.00000000 0.00000000
v -58.00000000 -70.00000000 0.00000000
v -50.00000000 -74.00000000 0.00000000
v -50.00000000 -64.50000000 0.00000000
v -50.00000000 -74.00000000 6.00000000
v -50.00000000 -64.50000000 6.00000000
v -50.00000000 -55.00000000 0.00000000
v -50.00000000 -45.50000000 0.00000000
v -50.00000000 -55.00000000 6.00000000
v -50.00000000 -45.50000000 6.00000000
v -50.00000000 -45.50000000 9.39999962
v -50.00000000 -45.00000000 9.39999962
v -50.00000000 -74.00000000 10.00000000
v -50.00000000 -74.00000000 14.00000000
v -50.00000000 -64.50000000 10.00000000
v -50.00000000 -64.50000000 14.00000000
v -50.00000000 -74.00000000 18.00000000
v -50.00000000 -64.50000000 17.39999962
v -50.00000000 -64.00000000 17.39999962
v -50.00000000 -64.50000000 18.00000000
v -50.00000000 -64.00000000 18.00000000
v -50.00000000 -55.00000000 10.00000000
v -50.00000000 -55.00000000 13.39999962
v -50.00000000 -54.50000000 13.39999962
v -50.00000000 -55.00000000 14.00000000
v -50.00000000 -54.50000000 14.00000000
v -50.00000000 -45.50000000 10.00000000
v -50.00000000 -45.00000000 10.00000000
v -97.00000000 -32.00000000 0.00000000
v -86.25000000 -32.00000000 0.00000000
v -75.50000000 -32.00000000 0.00000000
v -97.00000000 -32.00000000 6.00000000
v -86.25000000 -32.00000000 6.00000000
v -75.50000000 -32.00000000 6.00000000
v -91.82274628 -1.17725754 0.00000000
v -91.34741974 -1.65258217 0.00000000
v -64.75000000 -32.00000000 0.00000000
v -50.00000000 -36.00000000 0.00000000
v -49.70000076 -36.00000000 0.00000000
v -49.70000076 -35.59999847 0.00000000
v -49.50000000 -35.79999924 0.00000000
v -49.29999924 -36.00000000 0.00000000
v -49.29999924 -35.59999847 0.00000000
v -54.00000000 -32.00000000 0.00000000
v -50.00000000 -32.00000000 0.00000000
v -50.00000000 -32.00000000 0.80000001
v -50.00000000 -32.00000000 1.39999998
v -50.00000000 -32.00000000 1.70000005
v -49.59999847 -31.60000038 1.70000005
v -49.20000076 -32.00000000 1.70000005
v -49.20000076 -31.20000076 1.39999998
v -50.00000000 -31.20000076 1.70000005
v -49.20000076 -31.20000076 1.70000005
v -49.70000076 -36.00000000 3.00000000
v -49.70000076 -35.59999847 3.00000000
v -49.29999924 -36.00000000 3.00000000
v -49.29999924 -35.59999847 3.00000000
v -49.70000076 -35.79999924 3.13333344
v -49.29999924 -35.79999924 3.13333344
v -49.70000076 -35.79999924 3.40000010
v -49.29999924 -35.79999924 3.40000010
v -49.20000076 -20.00000000 1.39999998
v -49.34363174 -19.99684715 1.70000005
v -49.20000076 -20.00000000 1.70000005
v -49.20000076 -19.20000076 1.39999998
v -49.35384750 -19.20000076 1.70000005
v -49.20000076 -19.20000076 1.70000005
v -64.75000000 -32.00000000 6.00000000
v -64.75000000 -32.00000000 9.39999962
v -64.25000000 -32.00000000 9.39999962
v -50.00000000 -36.00000000 5.40000010
v -50.00000000 -35.50000000 5.40000010
v -50.00000000 -36.00000000 6.00000000
v -50.00000000 -35.50000000 6.00000000
v -54.00000000 -32.00000000 5.40000010
v -53.50000000 -32.00000000 5.40000010
v -54.00000000 -32.00000000 6.00000000
v -53.50000000 -32.00000000 6.00000000
v -53.00000000 -13.50000000 0.00000000
v -53.15000153 -13.30000019 1.00000000
v -53.15000153 -13.00000000 1.00000000
v -53.00000000 -13.50000000 1.00000000
v -53.00000000 -13.30000019 1.00000000
v -52.84999847 -13.30000019 1.00000000
v -53.00000000 -13.00000000 1.00000000
v -52.84999847 -13.00000000 1.00000000
v -51.84999847 -13.30000019 1.00000000
v -51.54999924 -13.30000019 1.00000000
v -51.84999847 -13.00000000 1.00000000
v -51.54999924 -13.00000000 1.00000000
v -52.20000076 -11.00000000 0.00000000
v -52.20000076 -11.00000000 1.00000000
v -51.40000153 -13.50000000 0.00000000
v -51.40000153 -13.50000000 1.00000000
v -49.20000076 -12.30000019 1.39999998
v -49.20000076 -12.30000019 1.70000005
v -49.20000076 -11.50000000 1.39999998
v -49.20000076 -11.50000000 1.70000005
v -53.40000153 -13.69999981 3.00000000
v -53.15000153 -13.30000019 3.00000000
v -53.15000153 -13.00000000 3.00000000
v -52.84999847 -13.30000019 3.00000000
v -52.84999847 -13.00000000 3.00000000
v -51.84999847 -13.30000019 3.00000000
v -51.54999924 -13.30000019 3.00000000
v -51.84999847 -13.00000000 3.00000000
v -51.54999924 -13.00000000 3.00000000
v -52.29999924 -13.69999981 3.40000010
v -51.20000076 -13.69999981 3.00000000
v -52.29999924 -13.69999981 4.19999981
v -53.00000000 -8.50000000 0.00000000
v -53.15000153 -9.00000000 1.00000000
v -53.15000153 -8.69999981 1.00000000
v -53.00000000 -9.00000000 1.00000000
v -52.84999847 -9.00000000 1.00000000
v -53.00000000 -8.69999981 1.00000000
v -53.00000000 -8.50000000 1.00000000
v -52.84999847 -8.69999981 1.00000000
v -51.84999847 -9.00000000 1.00000000
v -51.54999924 -9.00000000 1.00000000
v -51.84999847 -8.69999981 1.00000000
v -51.54999924 -8.69999981 1.00000000
v -51.40000153 -8.50000000 0.00000000
v -51.40000153 -8.50000000 1.00000000
v -52.20000076 -3.70000005 0.00000000
v -50.20000076 -3.70000005 0.00000000
v -50.09999847 -3.59999990 0.00000000
v -50.20000076 -3.50000000 0.00000000
v -50.00000000 -3.70000005 0.00000000
v -50.00000000 -3.50000000 0.00000000
v -50.00000000 -3.70000005 1.39999998
v -50.00000000 -3.50000000 1.39999998
v -50.00000000 -3.70000005 1.70000005
v -50.00000000 -3.50000000 1.70000005
v -53.15000153 -9.00000000 3.00000000
v -53.15000153 -8.69999981 3.00000000
v -53.40000153 -8.30000019 3.00000000
v -52.84999847 -9.00000000 3.00000000
v -52.84999847 -8.69999981 3.00000000
v -51.84999847 -9.00000000 3.00000000
v -51.54999924 -9.00000000 3.00000000
v -51.84999847 -8.69999981 3.00000000
v -51.54999924 -8.69999981 3.00000000
v -52.29999924 -8.30000019 3.40000010
v -51.20000076 -8.30000019 3.00000000
v -52.29999924 -8.30000019 4.19999981
v -52.20000076 -3.70000005 2.50000000
v -50.20000076 -3.70000005 2.50000000
v -50.20000076 -3.59999990 2.50000000
v -50.20000076 -3.50000000 2.50000000
v -50.20000076 -3.59999990 2.70000005
v -50.00000000 -3.70000005 2.50000000
v -50.00000000 -3.59999990 2.50000000
v -50.00000000 -3.50000000 2.50000000
v -50.00000000 -3.59999990 2.70000005
v -97.00000000 -32.00000000 10.00000000
v -86.25000000 -32.00000000 10.00000000
v -97.00000000 -32.00000000 14.00000000
v -86.25000000 -32.00000000 14.00000000
v -75.50000000 -32.00000000 10.00000000
v -75.50000000 -32.00000000 13.39999962
v -75.00000000 -32.00000000 13.39999962
v -75.50000000 -32.00000000 14.00000000
v -75.00000000 -32.00000000 14.00000000
v -86.25000000 -32.00000000 17.39999962
v -85.75000000 -32.00000000 17.39999962
v -97.00000000 -32.00000000 18.00000000
v -86.25000000 -32.00000000 18.00000000
v -85.75000000 -32.00000000 18.00000000
v -95.00000000 -26.00000000 18.00000000
v -91.00000000 -26.00000000 18.00000000
v -95.00000000 -22.00000000 18.00000000
v -91.00000000 -22.00000000 18.00000000
v -95.00000000 -2.00000000 18.00000000
v -91.00000000 -2.00000000 18.00000000
v -64.75000000 -32.00000000 10.00000000
v -64.25000000 -32.00000000 10.00000000
v -38.00000000 -74.00000000 18.00000000
v -38.00000000 -70.00000000 18.00000000
v -34.00000000 -74.00000000 18.00000000
v -34.00000000 -70.00000000 18.00000000
v -14.00000000 -74.00000000 18.00000000
v -14.00000000 -70.00000000 18.00000000
v -10.00000000 -74.00000000 18.00000000
v -10.00000000 -70.00000000 18.00000000
v -46.00000000 -32.59999847 0.00000000
v -46.00000000 -32.59999847 1.50000000
v -46.00000000 -32.20000076 0.00000000
v -46.00000000 -32.20000076 1.50000000
v -40.00000000 -32.00000000 0.00000000
v -40.00000000 -32.00000000 0.80000001
v -40.00000000 -32.00000000 1.39999998
v -40.00000000 -31.20000076 1.39999998
v -42.25000000 -19.60000038 1.70000005
v -40.00000000 -20.00000000 1.39999998
v -40.00000000 -19.20000076 1.39999998
v -30.00000000 -32.00000000 0.00000000
v -30.00000000 -32.00000000 0.80000001
v -30.00000000 -32.00000000 1.39999998
v -30.00000000 -31.20000076 1.39999998
v -35.09999847 -20.00000000 1.39999998
v -35.09999847 -20.00000000 1.70000005
v -35.09999847 -19.39999962 1.39999998
v -35.09999847 -19.20000076 1.39999998
v -35.09999847 -19.39999962 1.70000005
v -35.09999847 -19.20000076 1.70000005
v -34.29999924 -19.39999962 1.39999998
v -34.29999924 -19.39999962 1.70000005
v -47.50000000 -11.89999962 1.70000005
v -45.59999847 -12.30000019 1.39999998
v -45.59999847 -11.69999981 1.39999998
v -45.59999847 -12.30000019 1.70000005
v -45.59999847 -11.69999981 1.70000005
v -45.59999847 -11.50000000 1.39999998
v -45.59999847 -11.50000000 1.70000005
v -44.79999924 -11.69999981 1.39999998
v -44.79999924 -11.69999981 1.70000005
v -39.70000076 -0.50000000 1.39999998
v -39.70000076 -0.50000000 1.70000005
v -38.70000076 -0.50000000 1.39999998
v -38.70000076 -0.50000000 1.70000005
v -20.00000000 -32.00000000 0.00000000
v -20.00000000 -32.00000000 0.80000001
v -20.00000000 -32.00000000 1.39999998
v -20.00000000 -31.20000076 1.39999998
v -7.50000000 -34.00000000 0.00000000
v -7.50000000 -32.59999847 0.00000000
v -7.50000000 -32.59999847 1.50000000
v -10.00000000 -32.00000000 0.00000000
v -10.00000000 -32.00000000 0.80000001
v -7.50000000 -32.36739349 0.00000000
v -7.50000000 -32.20000076 0.00000000
v -7.50000000 -32.00000000 0.00000000
v -6.07359219 -32.42640686 0.00000000
v -6.12663603 -32.37336349 0.00000000
v -10.00000000 -32.00000000 1.39999998
v -10.00000000 -31.20000076 1.39999998
v -7.50000000 -32.20000076 1.50000000
v -7.50000000 -32.00000000 1.39999998
v -7.50000000 -32.00000000 1.70000005
v -7.50000000 -31.20000076 1.39999998
v -7.50000000 -31.00000000 1.39999998
v -7.50000000 -31.20000076 1.70000005
v -5.90000153 -32.59999847 0.00000000
v -4.50000000 -34.00000000 0.00000000
v -4.50000000 -32.59999847 0.00000000
v -4.50000000 -32.59999847 1.50000000
v -5.92576551 -32.42576599 0.00000000
v -5.50000000 -32.00000000 0.00000000
v -4.50000000 -32.38043594 0.00000000
v -4.50000000 -32.20000076 0.00000000
v -4.50000000 -32.00000000 0.00000000
v -4.50000000 -32.20000076 1.50000000
v -4.50000000 -32.00000000 1.39999998
v -4.50000000 -32.00000000 1.70000005
v -4.50000000 -31.20000076 1.39999998
v -4.50000000 -31.00000000 1.39999998
v -4.50000000 -31.20000076 1.70000005
v -0.50000000 -31.20000076 1.39999998
v -0.50000000 -31.20000076 1.70000005
v -7.86121607 -4.75000000 1.39999998
v -7.86121607 -4.75000000 1.70000005
v -6.51040745 -6.51040745 1.39999998
v -6.51040745 -6.51040745 1.70000005
v -6.86121607 -4.75000000 1.39999998
v -6.51040745 -5.51040745 1.39999998
v -6.86121607 -4.75000000 1.70000005
v -6.51040745 -5.51040745 1.70000005
v -7.86121607 -3.75000000 1.39999998
v -7.86121607 -3.75000000 1.70000005
v -8.71036911 -2.69996190 1.39999998
v -7.71036959 -2.69996190 1.39999998
v -8.71036911 -2.69996190 1.70000005
v -7.71036959 -2.69996190 1.70000005
v -6.86121607 -3.75000000 1.39999998
v -7.36121607 -4.25000000 1.70000005
v -6.86121607 -3.75000000 1.70000005
v -8.71036911 -1.69996190 1.39999998
v -7.71036959 -1.69996190 1.39999998
v -8.71036911 -1.69996190 1.70000005
v -8.21036911 -2.19996190 1.70000005
v -7.71036959 -1.69996190 1.70000005
v -9.00000000 -0.50000000 1.39999998
v -8.00000000 -0.50000000 1.39999998
v -9.00000000 -0.50000000 1.70000005
v -8.00000000 -0.50000000 1.70000005
v -4.75000000 -7.86121607 1.39999998
v -4.75000000 -7.86121607 1.70000005
v -3.75000000 -7.86121607 1.39999998
v -4.25000000 -7.36121607 1.70000005
v -3.75000000 -7.86121607 1.70000005
v -5.51040745 -6.51040745 1.39999998
v -4.75000000 -6.86121607 1.39999998
v -5.51040745 -6.51040745 1.70000005
v -6.01040745 -6.01040745 1.70000005
v -4.75000000 -6.86121607 1.70000005
v -5.51040745 -5.51040745 1.39999998
v -5.51040745 -5.51040745 1.70000005
v -3.75000000 -6.86121607 1.39999998
v -3.75000000 -6.86121607 1.70000005
v -2.69996190 -8.71036911 1.39999998
v -1.69996190 -8.71036911 1.39999998
v -2.69996190 -8.71036911 1.70000005
v -2.19996190 -8.21036911 1.70000005
v -1.69996190 -8.71036911 1.70000005
v -2.69996190 -7.71036959 1.39999998
v -1.69996190 -7.71036959 1.39999998
v -2.69996190 -7.71036959 1.70000005
v -1.69996190 -7.71036959 1.70000005
v -9.00000000 -33.00000000 10.00000000
v -7.50000000 -34.00000000 10.00000000
v -7.50000000 -33.00000000 10.00000000
v -9.00000000 -33.00000000 12.00000000
v -9.00000000 -31.00000000 10.00000000
v -7.50000000 -31.00000000 10.00000000
v -9.00000000 -31.00000000 12.00000000
v -4.50000000 -34.00000000 10.00000000
v -4.50000000 -33.00000000 10.00000000
v -4.50000000 -31.00000000 10.00000000
v -97.00000000 -49.00000000 22.00000000
v -74.00000000 -49.00000000 25.33333397
v -62.00000000 -74.00000000 22.00000000
v -62.00000000 -70.00000000 22.00000000
v -58.00000000 -74.00000000 22.00000000
v -60.00000000 -72.00000000 22.00000000
v -58.00000000 -70.00000000 22.00000000
v -51.00000000 -49.00000000 22.00000000
v -86.00000000 -59.00000000 33.00000000
v -85.00000000 -58.00000000 33.00000000
v -86.00000000 -57.00000000 33.00000000
v -84.00000000 -59.00000000 33.00000000
v -84.00000000 -57.00000000 33.00000000
v -86.00000000 -59.00000000 35.00000000
v -86.00000000 -59.00000000 35.50000000
v -85.00000000 -58.00000000 35.00000000
v -85.00000000 -58.00000000 35.50000000
v -86.00000000 -57.00000000 35.00000000
v -86.00000000 -57.00000000 35.50000000
v -86.00000000 -61.00000000 40.00000000
v -86.00000000 -59.00000000 37.50000000
v -86.00000000 -59.00000000 38.00000000
v -85.00000000 -58.00000000 37.50000000
v -85.00000000 -58.00000000 38.00000000
v -86.00000000 -57.00000000 37.50000000
v -86.00000000 -57.00000000 38.00000000
v -85.00000000 -60.00000000 40.00000000
v -86.00000000 -59.00000000 40.00000000
v -85.00000000 -58.00000000 40.00000000
v -86.00000000 -57.00000000 40.00000000
v -84.00000000 -59.00000000 35.00000000
v -84.00000000 -59.00000000 35.50000000
v -84.00000000 -57.00000000 35.00000000
v -84.00000000 -57.00000000 35.50000000
v -84.00000000 -61.00000000 40.00000000
v -84.00000000 -59.00000000 37.50000000
v -84.00000000 -59.00000000 38.00000000
v -84.00000000 -57.00000000 37.50000000
v -84.00000000 -57.00000000 38.00000000
v -84.00000000 -59.00000000 40.00000000
v -84.00000000 -57.00000000 40.00000000
v -74.00000000 -49.00000000 32.00000000
v -95.00000000 -26.00000000 22.00000000
v -91.00000000 -26.00000000 22.00000000
v -95.00000000 -22.00000000 22.00000000
v -91.00000000 -22.00000000 22.00000000
v -95.00000000 -2.00000000 22.00000000
v -91.00000000 -2.00000000 22.00000000
v -38.00000000 -74.00000000 22.00000000
v -38.00000000 -70.00000000 22.00000000
v -34.00000000 -74.00000000 22.00000000
v -36.00000000 -72.00000000 22.00000000
v -34.00000000 -70.00000000 22.00000000
v -25.00000000 -74.50000000 22.00000000
v -25.00000000 -37.50000000 25.33333397
v -14.00000000 -74.00000000 22.00000000
v -14.00000000 -70.00000000 22.00000000
v -10.00000000 -74.00000000 22.00000000
v -10.00000000 -70.00000000 22.00000000
v -25.00000000 -37.50000000 32.00000000
v -25.00000000 -0.50000000 22.00000000
v -91.82274628 1.17725754 0.00000000
v -91.34741974 1.65258217 0.00000000
v -80.87500000 0.00000000 0.00000000
v -97.00000000 32.00000000 0.00000000
v -86.25000000 32.00000000 0.00000000
v -75.50000000 32.00000000 0.00000000
v -97.00000000 32.00000000 6.00000000
v -86.25000000 32.00000000 6.00000000
v -75.50000000 32.00000000 6.00000000
v -70.12500000 0.00000000 0.00000000
v -59.37500000 0.00000000 0.00000000
v -52.20000076 3.70000005 0.00000000
v -51.20000076 0.00000000 0.00000000
v -50.09999847 3.59999990 0.00000000
v -50.20000076 3.50000000 0.00000000
v -50.20000076 3.70000005 0.00000000
v -50.00000000 3.50000000 0.00000000
v -50.00000000 3.70000005 0.00000000
v -49.59999847 0.00000000 1.70000005
v -50.00000000 3.50000000 1.39999998
v -50.00000000 3.70000005 1.39999998
v -50.00000000 3.50000000 1.70000005
v -50.00000000 3.70000005 1.70000005
v -52.20000076 3.70000005 2.50000000
v -51.20000076 0.00000000 2.50000000
v -50.09999847 0.00000000 2.50000000
v -50.09999847 0.00000000 2.70000005
v -50.20000076 3.50000000 2.50000000
v -50.20000076 3.59999990 2.50000000
v -50.20000076 3.70000005 2.50000000
v -50.20000076 3.59999990 2.70000005
v -50.00000000 3.50000000 2.50000000
v -50.00000000 3.59999990 2.50000000
v -50.00000000 3.70000005 2.50000000
v -50.00000000 3.59999990 2.70000005
v -53.50000000 10.00000000 0.00000000
v -53.50000000 10.60000038 0.00000000
v -51.75000000 10.30000019 0.00000000
v -53.50000000 10.00000000 1.00000000
v -53.50000000 10.60000038 1.00000000
v -51.75000000 13.00000000 0.00000000
v -50.00000000 10.00000000 0.00000000
v -50.00000000 10.60000038 1.00000000
v -50.00000000 10.00000000 1.39999998
v -50.00000000 10.00000000 1.70000005
v -50.00000000 10.60000038 1.39999998
v -49.20000076 11.50000000 1.39999998
v -50.00000000 10.60000038 1.70000005
v -49.20000076 11.50000000 1.70000005
v -49.20000076 12.30000019 1.39999998
v -49.20000076 12.30000019 1.70000005
v -53.50000000 15.39999962 0.00000000
v -53.50000000 16.00000000 0.00000000
v -51.75000000 15.69999981 0.00000000
v -53.50000000 15.39999962 1.00000000
v -53.50000000 16.00000000 1.00000000
v -50.00000000 16.00000000 0.00000000
v -50.00000000 15.39999962 1.00000000
v -50.00000000 15.39999962 1.39999998
v -50.00000000 16.00000000 1.39999998
v -50.00000000 15.39999962 1.70000005
v -50.00000000 16.00000000 1.70000005
v -53.50000000 10.00000000 4.59999990
v -53.50000000 10.60000038 4.59999990
v -50.00000000 10.00000000 4.59999990
v -50.00000000 10.60000038 4.59999990
v -53.50000000 15.39999962 4.59999990
v -53.50000000 16.00000000 4.59999990
v -50.00000000 15.39999962 4.59999990
v -50.00000000 16.00000000 4.59999990
v -64.50000000 0.00000000 9.39999962
v -59.37500000 0.00000000 6.00000000
v -53.75000000 0.00000000 5.40000010
v -53.75000000 0.00000000 6.00000000
v -53.50000000 10.00000000 5.40000010
v -53.50000000 10.00000000 5.59999990
v -51.75000000 13.00000000 5.59999990
v -50.00000000 10.00000000 5.59999990
v -53.50000000 16.00000000 5.40000010
v -53.50000000 16.00000000 5.59999990
v -50.00000000 16.00000000 5.59999990
v -64.75000000 32.00000000 0.00000000
v -49.20000076 19.20000076 1.39999998
v -49.35384750 19.20000076 1.70000005
v -49.20000076 19.20000076 1.70000005
v -49.20000076 20.00000000 1.39999998
v -49.34358978 20.00000000 1.70000005
v -49.20000076 20.00000000 1.70000005
v -54.00000000 32.00000000 0.00000000
v -50.00000000 32.00000000 0.00000000
v -50.00000000 32.00000000 0.80000001
v -49.20000076 31.20000076 1.39999998
v -50.00000000 31.20000076 1.70000005
v -49.20000076 31.20000076 1.70000005
v -50.00000000 32.00000000 1.39999998
v -50.00000000 32.00000000 1.70000005
v -49.59999847 31.60000038 1.70000005
v -49.20000076 32.00000000 1.70000005
v -49.70000076 35.59999847 0.00000000
v -50.00000000 36.00000000 0.00000000
v -49.70000076 36.00000000 0.00000000
v -49.29999924 35.59999847 0.00000000
v -49.50000000 35.79999924 0.00000000
v -49.29999924 36.00000000 0.00000000
v -49.70000076 35.59999847 3.00000000
v -49.70000076 36.00000000 3.00000000
v -49.29999924 35.59999847 3.00000000
v -49.29999924 36.00000000 3.00000000
v -49.70000076 35.79999924 3.13333344
v -49.29999924 35.79999924 3.13333344
v -49.70000076 35.79999924 3.40000010
v -49.29999924 35.79999924 3.40000010
v -64.75000000 32.00000000 6.00000000
v -64.75000000 32.00000000 9.39999962
v -64.25000000 32.00000000 9.39999962
v -54.00000000 32.00000000 5.40000010
v -53.50000000 32.00000000 5.40000010
v -54.00000000 32.00000000 6.00000000
v -53.50000000 32.00000000 6.00000000
v -50.00000000 35.50000000 5.40000010
v -50.00000000 36.00000000 5.40000010
v -50.00000000 35.50000000 6.00000000
v -50.00000000 36.00000000 6.00000000
v -80.87500000 0.00000000 14.00000000
v -75.25000000 0.00000000 13.39999962
v -75.25000000 0.00000000 14.00000000
v -86.00000000 0.00000000 17.39999962
v -95.00000000 2.00000000 18.00000000
v -91.00000000 2.00000000 18.00000000
v -86.00000000 0.00000000 18.00000000
v -97.00000000 32.00000000 10.00000000
v -86.25000000 32.00000000 10.00000000
v -97.00000000 32.00000000 14.00000000
v -86.25000000 32.00000000 14.00000000
v -75.50000000 32.00000000 10.00000000
v -75.50000000 32.00000000 13.39999962
v -75.00000000 32.00000000 13.39999962
v -75.50000000 32.00000000 14.00000000
v -75.00000000 32.00000000 14.00000000
v -95.00000000 22.00000000 18.00000000
v -91.00000000 22.00000000 18.00000000
v -95.00000000 26.00000000 18.00000000
v -91.00000000 26.00000000 18.00000000
v -86.25000000 32.00000000 17.39999962
v -85.75000000 32.00000000 17.39999962
v -97.00000000 32.00000000 18.00000000
v -86.25000000 32.00000000 18.00000000
v -85.75000000 32.00000000 18.00000000
v -70.12500000 0.00000000 10.00000000
v -64.50000000 0.00000000 10.00000000
v -64.75000000 32.00000000 10.00000000
v -64.25000000 32.00000000 10.00000000
v -86.00000000 59.00000000 0.00000000
v -85.00000000 60.00000000 0.00000000
v -86.00000000 61.00000000 0.00000000
v -97.00000000 73.40000153 0.00000000
v -96.69999695 73.69999695 0.00000000
v -96.40000153 73.40000153 0.00000000
v -97.00000000 74.00000000 0.00000000
v -96.40000153 74.00000000 0.00000000
v -97.00000000 73.40000153 0.60000002
v -96.69999695 73.69999695 0.60000002
v -96.40000153 73.40000153 0.60000002
v -97.00000000 74.00000000 0.60000002
v -96.40000153 74.00000000 0.60000002
v -84.00000000 59.00000000 0.00000000
v -84.00000000 61.00000000 0.00000000
v -50.00000000 45.50000000 0.00000000
v -50.00000000 55.00000000 0.00000000
v -50.00000000 45.50000000 6.00000000
v -50.00000000 45.00000000 9.39999962
v -50.00000000 45.50000000 9.39999962
v -50.00000000 45.50000000 9.47826099
v -50.00000000 55.00000000 6.00000000
v -62.00000000 70.00000000 0.00000000
v -62.00000000 74.00000000 0.00000000
v -50.00000000 64.50000000 0.00000000
v -60.00000000 72.00000000 0.00000000
v -58.00000000 70.00000000 0.00000000
v -58.00000000 74.00000000 0.00000000
v -50.00000000 74.00000000 0.00000000
v -50.00000000 64.50000000 6.00000000
v -50.00000000 74.00000000 6.00000000
v -50.00000000 45.00000000 10.00000000
v -50.00000000 45.50000000 10.00000000
v -50.00000000 55.00000000 10.00000000
v -50.00000000 54.50000000 13.39999962
v -50.00000000 55.00000000 13.39999962
v -50.00000000 55.00000000 13.47826099
v -50.00000000 54.50000000 14.00000000
v -50.00000000 55.00000000 14.00000000
v -50.00000000 64.50000000 10.00000000
v -50.00000000 64.50000000 14.00000000
v -50.00000000 74.00000000 10.00000000
v -50.00000000 74.00000000 14.00000000
v -50.00000000 64.00000000 17.39999962
v -50.00000000 64.50000000 17.39999962
v -50.00000000 64.00000000 18.00000000
v -50.00000000 64.50000000 18.00000000
v -50.00000000 74.00000000 18.00000000
v -45.00000000 0.00000000 0.00000000
v -45.20000076 0.00000000 1.70000005
v -39.70000076 0.50000000 1.39999998
v -39.70000076 0.50000000 1.70000005
v -39.20000076 0.00000000 1.39999998
v -38.70000076 0.50000000 1.39999998
v -39.20000076 0.00000000 1.70000005
v -38.70000076 0.50000000 1.70000005
v -45.59999847 11.50000000 1.39999998
v -45.59999847 11.50000000 1.70000005
v -47.50000000 11.89999962 1.70000005
v -45.59999847 11.69999981 1.39999998
v -45.59999847 12.30000019 1.39999998
v -45.59999847 11.69999981 1.70000005
v -45.59999847 12.30000019 1.70000005
v -44.79999924 11.69999981 1.39999998
v -44.79999924 11.69999981 1.70000005
v -35.00000000 0.00000000 0.00000000
v -35.00000000 0.00000000 0.80000001
v -34.70000076 0.00000000 1.39999998
v -34.70000076 0.00000000 1.70000005
v -25.00000000 0.00000000 0.00000000
v -25.00000000 0.00000000 1.39999998
v -42.25000000 19.60000038 1.70000005
v -40.00000000 19.20000076 1.39999998
v -40.00000000 20.00000000 1.39999998
v -46.00000000 32.20000076 0.00000000
v -46.00000000 32.20000076 1.50000000
v -46.00000000 32.59999847 0.00000000
v -46.00000000 32.59999847 1.50000000
v -40.00000000 32.00000000 0.00000000
v -40.00000000 32.00000000 0.80000001
v -40.00000000 31.20000076 1.39999998
v -40.00000000 32.00000000 1.39999998
v -35.09999847 19.20000076 1.39999998
v -35.09999847 19.39999962 1.39999998
v -35.09999847 19.20000076 1.70000005
v -35.09999847 19.39999962 1.70000005
v -35.09999847 20.00000000 1.39999998
v -35.09999847 20.00000000 1.70000005
v -34.29999924 19.39999962 1.39999998
v -34.29999924 19.39999962 1.70000005
v -30.00000000 32.00000000 0.00000000
v -30.00000000 32.00000000 0.80000001
v -30.00000000 31.20000076 1.39999998
v -30.00000000 32.00000000 1.39999998
v -15.00000000 0.00000000 0.00000000
v -15.00000000 0.00000000 0.80000001
v -9.00000000 0.50000000 1.39999998
v -8.00000000 0.50000000 1.39999998
v -9.00000000 0.50000000 1.70000005
v -8.50000000 0.00000000 1.70000005
v -8.00000000 0.50000000 1.70000005
v -8.71036911 1.69996190 1.39999998
v -7.71036959 1.69996190 1.39999998
v -8.71036911 1.69996190 1.70000005
v -7.71036959 1.69996190 1.70000005
v -8.21036911 2.19996190 1.70000005
v -8.71036911 2.69996190 1.39999998
v -7.71036959 2.69996190 1.39999998
v -8.71036911 2.69996190 1.70000005
v -7.71036959 2.69996190 1.70000005
v -7.86121607 3.75000000 1.39999998
v -7.86121607 3.75000000 1.70000005
v -6.86121607 3.75000000 1.39999998
v -6.86121607 3.75000000 1.70000005
v -7.36121607 4.25000000 1.70000005
v -7.86121607 4.75000000 1.39999998
v -7.86121607 4.75000000 1.70000005
v -6.86121607 4.75000000 1.39999998
v -6.51040745 5.51040745 1.39999998
v -6.86121607 4.75000000 1.70000005
v -6.51040745 5.51040745 1.70000005
v -6.51040745 6.51040745 1.39999998
v -6.51040745 6.51040745 1.70000005
v -5.00000000 0.00000000 0.00000000
v -5.00000000 0.00000000 1.39999998
v -5.51040745 5.51040745 1.39999998
v -5.51040745 5.51040745 1.70000005
v -5.51040745 6.51040745 1.39999998
v -4.75000000 6.86121607 1.39999998
v -6.01040745 6.01040745 1.70000005
v -5.51040745 6.51040745 1.70000005
v -4.75000000 6.86121607 1.70000005
v -3.75000000 6.86121607 1.39999998
v -3.75000000 6.86121607 1.70000005
v -4.75000000 7.86121607 1.39999998
v -4.75000000 7.86121607 1.70000005
v -3.75000000 7.86121607 1.39999998
v -4.25000000 7.36121607 1.70000005
v -3.75000000 7.86121607 1.70000005
v -2.69996190 7.71036959 1.39999998
v -1.69996190 7.71036959 1.39999998
v -2.69996190 7.71036959 1.70000005
v -1.69996190 7.71036959 1.70000005
v -2.69996190 8.71036911 1.39999998
v -1.69996190 8.71036911 1.39999998
v -2.69996190 8.71036911 1.70000005
v -2.19996190 8.21036911 1.70000005
v -1.69996190 8.71036911 1.70000005
v -20.00000000 32.00000000 0.00000000
v -20.00000000 32.00000000 0.80000001
v -20.00000000 31.20000076 1.39999998
v -20.00000000 32.00000000 1.39999998
v -10.00000000 32.00000000 0.00000000
v -10.00000000 32.00000000 0.80000001
v -10.00000000 31.20000076 1.39999998
v -10.00000000 32.00000000 1.39999998
v -0.50000000 31.20000076 1.39999998
v -0.50000000 31.20000076 1.70000005
v -38.00000000 70.00000000 18.00000000
v -38.00000000 74.00000000 18.00000000
v -34.00000000 70.00000000 18.00000000
v -34.00000000 74.00000000 18.00000000
v -14.00000000 70.00000000 18.00000000
v -14.00000000 74.00000000 18.00000000
v -10.00000000 65.00000000 18.00000000
v -9.00000000 64.80000305 18.50000000
v -9.00000000 65.00000000 18.50000000
v -10.00000000 67.00000000 18.00000000
v -9.00000000 67.00000000 18.50000000
v -9.00000000 67.19999695 18.50000000
v -10.00000000 70.00000000 18.00000000
v -10.00000000 74.00000000 18.00000000
v -95.00000000 2.00000000 22.00000000
v -91.00000000 2.00000000 22.00000000
v -95.00000000 22.00000000 22.00000000
v -91.00000000 22.00000000 22.00000000
v -95.00000000 26.00000000 22.00000000
v -91.00000000 26.00000000 22.00000000
v -97.00000000 49.00000000 22.00000000
v -74.00000000 49.00000000 25.33333397
v -51.00000000 49.00000000 22.00000000
v -62.00000000 70.00000000 22.00000000
v -62.00000000 74.00000000 22.00000000
v -60.00000000 72.00000000 22.00000000
v -58.00000000 70.00000000 22.00000000
v -58.00000000 74.00000000 22.00000000
v -74.00000000 49.00000000 32.00000000
v -86.00000000 57.00000000 33.00000000
v -85.00000000 58.00000000 33.00000000
v -86.00000000 59.00000000 33.00000000
v -84.00000000 57.00000000 33.00000000
v -84.00000000 59.00000000 33.00000000
v -86.00000000 57.00000000 35.00000000
v -86.00000000 57.00000000 35.50000000
v -85.00000000 58.00000000 35.00000000
v -85.00000000 58.00000000 35.50000000
v -86.00000000 59.00000000 35.00000000
v -86.00000000 59.00000000 35.50000000
v -86.00000000 57.00000000 37.50000000
v -86.00000000 57.00000000 38.00000000
v -85.00000000 58.00000000 37.50000000
v -85.00000000 58.00000000 38.00000000
v -86.00000000 59.00000000 37.50000000
v -86.00000000 59.00000000 38.00000000
v -86.00000000 57.00000000 40.00000000
v -85.00000000 58.00000000 40.00000000
v -86.00000000 59.00000000 40.00000000
v -85.00000000 60.00000000 40.00000000
v -86.00000000 61.00000000 40.00000000
v -84.00000000 57.00000000 35.00000000
v -84.00000000 57.00000000 35.50000000
v -84.00000000 59.00000000 35.00000000
v -84.00000000 59.00000000 35.50000000
v -84.00000000 57.00000000 37.50000000
v -84.00000000 57.00000000 38.00000000
v -84.00000000 59.00000000 37.50000000
v -84.00000000 59.00000000 38.00000000
v -84.00000000 57.00000000 40.00000000
v -84.00000000 59.00000000 40.00000000
v -84.00000000 61.00000000 40.00000000
v -25.00000000 0.50000000 22.00000000
v -25.00000000 37.50000000 25.33333397
v -38.00000000 70.00000000 22.00000000
v -38.00000000 74.00000000 22.00000000
v -36.00000000 72.00000000 22.00000000
v -34.00000000 70.00000000 22.00000000
v -34.00000000 74.00000000 22.00000000
v -25.00000000 74.50000000 22.00000000
v -14.00000000 70.00000000 22.00000000
v -14.00000000 74.00000000 22.00000000
v -10.00000000 65.00000000 22.00000000
v -9.00000000 64.80000305 21.50000000
v -9.00000000 65.00000000 21.50000000
v -10.00000000 67.00000000 22.00000000
v -9.00000000 67.00000000 21.50000000
v -9.00000000 67.19999695 21.50000000
v -10.00000000 70.00000000 22.00000000
v -10.00000000 74.00000000 22.00000000
v -25.00000000 37.50000000 32.00000000
v 0.00000000 -69.25000000 0.00000000
v 0.00000000 -59.75000000 0.00000000
v 0.00000000 -50.25000000 0.00000000
v 0.00000000 -40.75000000 0.00000000
v 0.00000000 -40.75000000 6.00000000
v 0.00000000 -45.25000000 9.39999962
v 0.00000000 -59.75000000 14.00000000
v 0.00000000 -69.25000000 18.00000000
v 10.00000000 -74.00000000 18.00000000
v 10.00000000 -70.00000000 18.00000000
v 0.00000000 -64.25000000 17.39999962
v 0.00000000 -64.25000000 18.00000000
v 14.00000000 -74.00000000 18.00000000
v 14.00000000 -70.00000000 18.00000000
v 0.00000000 -50.25000000 10.00000000
v 0.00000000 -54.75000000 13.39999962
v 0.00000000 -54.75000000 14.00000000
v 0.00000000 -45.25000000 10.00000000
v 34.00000000 -74.00000000 18.00000000
v 34.00000000 -70.00000000 18.00000000
v 38.00000000 -74.00000000 18.00000000
v 38.00000000 -70.00000000 18.00000000
v 4.50000000 -34.00000000 0.00000000
v 4.50000000 -32.59999847 0.00000000
v 4.50000000 -32.59999847 1.50000000
v 0.00000000 -32.40000153 0.00000000
v 0.00000000 -32.00000000 0.00000000
v 0.00000000 -32.00000000 0.80000001
v 4.50000000 -32.38043594 0.00000000
v 4.50000000 -32.20000076 0.00000000
v 4.50000000 -32.00000000 0.00000000
v 5.92576551 -32.42576599 0.00000000
v 5.87446022 -32.37446213 0.00000000
v 4.50000000 -32.00000000 0.80000001
v 4.50000000 -31.00000000 0.80000001
v 0.00000000 -32.40000153 1.50000000
v 0.00000000 -32.00000000 1.39999998
v 0.00000000 -31.60000038 1.70000005
v 0.50000000 -31.20000076 1.39999998
v 0.50000000 -31.20000076 1.70000005
v 4.50000000 -32.20000076 1.50000000
v 4.50000000 -32.00000000 1.39999998
v 4.50000000 -32.00000000 1.70000005
v 4.50000000 -31.20000076 1.39999998
v 4.50000000 -31.20000076 1.70000005
v 7.50000000 -34.00000000 0.00000000
v 6.09999847 -32.59999847 0.00000000
v 7.50000000 -32.59999847 0.00000000
v 7.50000000 -32.59999847 1.50000000
v 6.07359219 -32.42640686 0.00000000
v 6.50000000 -32.00000000 0.00000000
v 7.50000000 -32.36739349 0.00000000
v 7.50000000 -32.20000076 0.00000000
v 7.50000000 -32.00000000 0.00000000
v 7.50000000 -32.00000000 0.80000001
v 7.50000000 -31.00000000 0.80000001
v 10.00000000 -32.00000000 0.00000000
v 10.00000000 -32.00000000 0.80000001
v 7.50000000 -32.20000076 1.50000000
v 7.50000000 -32.00000000 1.39999998
v 7.50000000 -32.00000000 1.70000005
v 7.50000000 -31.20000076 1.39999998
v 7.50000000 -31.20000076 1.70000005
v 10.00000000 -32.00000000 1.39999998
v 10.00000000 -31.20000076 1.39999998
v 20.00000000 -32.00000000 0.00000000
v 20.00000000 -32.00000000 0.80000001
v 20.00000000 -32.00000000 1.39999998
v 20.00000000 -31.20000076 1.39999998
v 0.00000000 -35.75000000 5.40000010
v 0.00000000 -35.75000000 6.00000000
v 1.69996190 -8.71036911 1.39999998
v 2.19996190 -8.21036911 1.39999998
v 2.69996190 -8.71036911 1.39999998
v 1.69996190 -8.71036911 1.70000005
v 2.19996190 -8.21036911 1.70000005
v 2.69996190 -8.71036911 1.70000005
v 1.69996190 -7.71036959 1.39999998
v 2.69996190 -7.71036959 1.39999998
v 1.69996190 -7.71036959 1.70000005
v 2.69996190 -7.71036959 1.70000005
v 3.75000000 -7.86121607 1.39999998
v 4.25000000 -7.36121607 1.39999998
v 3.75000000 -7.86121607 1.70000005
v 4.25000000 -7.36121607 1.70000005
v 4.75000000 -7.86121607 1.39999998
v 4.75000000 -7.86121607 1.70000005
v 3.75000000 -6.86121607 1.39999998
v 3.75000000 -6.86121607 1.70000005
v 4.75000000 -6.86121607 1.39999998
v 5.51040745 -6.51040745 1.39999998
v 6.01040745 -6.01040745 1.39999998
v 4.75000000 -6.86121607 1.70000005
v 5.51040745 -6.51040745 1.70000005
v 6.01040745 -6.01040745 1.70000005
v 5.51040745 -5.51040745 1.39999998
v 5.51040745 -5.51040745 1.70000005
v 6.51040745 -6.51040745 1.39999998
v 6.51040745 -6.51040745 1.70000005
v 6.51040745 -5.51040745 1.39999998
v 6.86121607 -4.75000000 1.39999998
v 6.51040745 -5.51040745 1.70000005
v 6.86121607 -4.75000000 1.70000005
v 7.86121607 -4.75000000 1.39999998
v 7.86121607 -4.75000000 1.70000005
v 7.36121607 -4.25000000 1.39999998
v 6.86121607 -3.75000000 1.39999998
v 7.36121607 -4.25000000 1.70000005
v 6.86121607 -3.75000000 1.70000005
v 7.86121607 -3.75000000 1.39999998
v 7.86121607 -3.75000000 1.70000005
v 7.71036959 -2.69996190 1.39999998
v 8.71036911 -2.69996190 1.39999998
v 7.71036959 -2.69996190 1.70000005
v 8.71036911 -2.69996190 1.70000005
v 8.21036911 -2.19996190 1.39999998
v 7.71036959 -1.69996190 1.39999998
v 8.71036911 -1.69996190 1.39999998
v 8.21036911 -2.19996190 1.70000005
v 7.71036959 -1.69996190 1.70000005
v 8.71036911 -1.69996190 1.70000005
v 8.00000000 -0.50000000 1.39999998
v 9.00000000 -0.50000000 1.39999998
v 8.00000000 -0.50000000 1.70000005
v 9.00000000 -0.50000000 1.70000005
v 30.00000000 -32.00000000 0.00000000
v 30.00000000 -32.00000000 0.80000001
v 30.00000000 -32.00000000 1.39999998
v 30.00000000 -31.20000076 1.39999998
v 34.29999924 -19.39999962 1.39999998
v 34.29999924 -19.39999962 1.70000005
v 35.09999847 -20.00000000 1.39999998
v 35.09999847 -20.00000000 1.70000005
v 35.09999847 -19.39999962 1.39999998
v 35.09999847 -19.20000076 1.39999998
v 35.09999847 -19.39999962 1.70000005
v 35.09999847 -19.20000076 1.70000005
v 40.00000000 -32.00000000 0.00000000
v 40.00000000 -32.00000000 0.80000001
v 40.00000000 -32.00000000 1.39999998
v 40.00000000 -31.20000076 1.39999998
v 46.00000000 -32.59999847 0.00000000
v 46.00000000 -32.59999847 1.50000000
v 46.00000000 -32.20000076 0.00000000
v 46.00000000 -32.20000076 1.50000000
v 40.00000000 -20.00000000 1.39999998
v 40.00000000 -19.20000076 1.39999998
v 42.25000000 -19.60000038 1.39999998
v 42.25000000 -19.60000038 1.70000005
v 44.79999924 -11.69999981 1.39999998
v 44.79999924 -11.69999981 1.70000005
v 45.59999847 -12.30000019 1.39999998
v 45.59999847 -11.69999981 1.39999998
v 45.59999847 -12.30000019 1.70000005
v 45.59999847 -11.69999981 1.70000005
v 47.50000000 -11.89999962 1.39999998
v 47.50000000 -11.89999962 1.70000005
v 45.59999847 -11.50000000 1.39999998
v 45.59999847 -11.50000000 1.70000005
v 38.70000076 -0.50000000 1.39999998
v 38.70000076 -0.50000000 1.70000005
v 39.70000076 -0.50000000 1.39999998
v 39.70000076 -0.50000000 1.70000005
v 4.50000000 -34.00000000 10.00000000
v 4.50000000 -33.00000000 10.00000000
v 0.00000000 -32.00000000 10.00000000
v 4.50000000 -31.00000000 10.00000000
v 7.50000000 -34.00000000 10.00000000
v 7.50000000 -33.00000000 10.00000000
v 9.00000000 -33.00000000 10.00000000
v 9.00000000 -33.00000000 12.00000000
v 7.50000000 -31.00000000 10.00000000
v 9.00000000 -31.00000000 10.00000000
v 9.00000000 -31.00000000 12.00000000
v 0.00000000 -33.00000000 13.00000000
v 0.00000000 -31.00000000 13.00000000
v 0.00000000 -33.00000000 15.00000000
v 0.00000000 -31.00000000 15.00000000
v 50.00000000 -74.00000000 0.00000000
v 58.00000000 -74.00000000 0.00000000
v 58.00000000 -70.00000000 0.00000000
v 60.00000000 -72.00000000 0.00000000
v 50.00000000 -64.50000000 0.00000000
v 62.00000000 -74.00000000 0.00000000
v 62.00000000 -70.00000000 0.00000000
v 50.00000000 -74.00000000 6.00000000
v 50.00000000 -64.50000000 6.00000000
v 50.00000000 -55.00000000 0.00000000
v 50.00000000 -45.50000000 0.00000000
v 50.00000000 -55.00000000 6.00000000
v 50.00000000 -45.50000000 6.00000000
v 50.00000000 -45.50000000 9.39999962
v 50.00000000 -45.00000000 9.39999962
v 84.00000000 -61.00000000 0.00000000
v 84.00000000 -59.00000000 0.00000000
v 96.40000153 -74.00000000 0.00000000
v 97.00000000 -74.00000000 0.00000000
v 96.40000153 -73.40000153 0.00000000
v 96.69999695 -73.69999695 0.00000000
v 97.00000000 -73.40000153 0.00000000
v 96.40000153 -74.00000000 0.60000002
v 97.00000000 -74.00000000 0.60000002
v 96.40000153 -73.40000153 0.60000002
v 96.69999695 -73.69999695 0.60000002
v 97.00000000 -73.40000153 0.60000002
v 92.00000000 -67.00000000 0.00000000
v 92.00000000 -66.00000000 0.00000000
v 93.00000000 -67.00000000 0.00000000
v 92.50000000 -66.50000000 0.00000000
v 93.00000000 -66.00000000 0.00000000
v 86.00000000 -61.00000000 0.00000000
v 85.00000000 -60.00000000 0.00000000
v 86.00000000 -59.00000000 0.00000000
v 50.00000000 -74.00000000 10.00000000
v 50.00000000 -74.00000000 14.00000000
v 50.00000000 -64.50000000 10.00000000
v 50.00000000 -64.50000000 14.00000000
v 50.00000000 -74.00000000 18.00000000
v 50.00000000 -64.50000000 17.39999962
v 50.00000000 -64.00000000 17.39999962
v 50.00000000 -64.50000000 18.00000000
v 50.00000000 -64.00000000 18.00000000
v 50.00000000 -55.00000000 10.00000000
v 50.00000000 -55.00000000 13.39999962
v 50.00000000 -54.50000000 13.39999962
v 50.00000000 -55.00000000 14.00000000
v 50.00000000 -54.50000000 14.00000000
v 50.00000000 -45.50000000 10.00000000
v 50.00000000 -45.00000000 10.00000000
v 92.00000000 -66.94999695 14.00000000
v 92.00000000 -66.84999847 14.00000000
v 93.00000000 -66.94999695 14.00000000
v 93.00000000 -66.84999847 14.00000000
v 93.50000000 -66.94999695 14.00000000
v 93.25000000 -66.90000153 14.00000000
v 93.50000000 -66.84999847 14.00000000
v 92.00000000 -66.94999695 15.19999981
v 92.00000000 -66.84999847 15.19999981
v 93.00000000 -66.94999695 15.19999981
v 93.00000000 -66.84999847 15.19999981
v 93.50000000 -66.94999695 15.19999981
v 93.25000000 -66.90000153 15.19999981
v 93.50000000 -66.84999847 15.19999981
v 92.00000000 -67.00000000 16.00000000
v 92.00000000 -66.00000000 16.00000000
v 93.00000000 -67.00000000 16.00000000
v 92.50000000 -66.50000000 16.00000000
v 93.00000000 -66.00000000 16.00000000
v 49.29999924 -36.00000000 0.00000000
v 49.50000000 -35.79999924 0.00000000
v 49.29999924 -35.59999847 0.00000000
v 49.70000076 -36.00000000 0.00000000
v 50.00000000 -36.00000000 0.00000000
v 49.70000076 -35.59999847 0.00000000
v 50.00000000 -32.00000000 0.00000000
v 50.00000000 -32.00000000 0.80000001
v 54.00000000 -32.00000000 0.00000000
v 49.20000076 -32.00000000 1.39999998
v 49.59999847 -31.60000038 1.39999998
v 50.00000000 -32.00000000 1.39999998
v 49.20000076 -32.00000000 1.70000005
v 49.59999847 -31.60000038 1.70000005
v 50.00000000 -32.00000000 1.70000005
v 49.20000076 -31.20000076 1.39999998
v 50.00000000 -31.20000076 1.39999998
v 49.20000076 -31.20000076 1.70000005
v 50.00000000 -31.20000076 1.70000005
v 49.29999924 -36.00000000 3.00000000
v 49.29999924 -35.59999847 3.00000000
v 49.70000076 -36.00000000 3.00000000
v 49.70000076 -35.59999847 3.00000000
v 49.29999924 -35.79999924 3.13333344
v 49.70000076 -35.79999924 3.13333344
v 49.29999924 -35.79999924 3.40000010
v 49.70000076 -35.79999924 3.40000010
v 49.20000076 -20.00000000 1.39999998
v 49.20000076 -20.00000000 1.70000005
v 49.34358978 -20.00000000 1.70000005
v 49.20000076 -19.21118927 1.39999998
v 49.20000076 -19.20000076 1.39999998
v 49.20000076 -19.20000076 1.70000005
v 49.35384750 -19.20000076 1.70000005
v 64.75000000 -32.00000000 0.00000000
v 50.00000000 -36.00000000 5.40000010
v 50.00000000 -35.50000000 5.40000010
v 50.00000000 -36.00000000 6.00000000
v 50.00000000 -35.50000000 6.00000000
v 53.50000000 -32.00000000 5.40000010
v 54.00000000 -32.00000000 5.40000010
v 53.50000000 -32.00000000 6.00000000
v 54.00000000 -32.00000000 6.00000000
v 64.75000000 -32.00000000 6.00000000
v 64.25000000 -32.00000000 9.39999962
v 64.75000000 -32.00000000 9.39999962
v 49.20000076 -12.30000019 1.39999998
v 49.20000076 -12.30000019 1.70000005
v 49.20000076 -11.54210567 1.39999998
v 49.20000076 -11.50000000 1.39999998
v 49.20000076 -11.50000000 1.70000005
v 50.00000000 -3.70000005 0.00000000
v 50.00000000 -3.50000000 0.00000000
v 50.20000076 -3.70000005 0.00000000
v 50.09999847 -3.59999990 0.00000000
v 50.20000076 -3.50000000 0.00000000
v 50.00000000 -3.70000005 0.80000001
v 50.00000000 -3.50000000 0.80000001
v 52.20000076 -3.70000005 0.00000000
v 50.00000000 -3.70000005 1.39999998
v 50.00000000 -3.50000000 1.39999998
v 50.00000000 -3.70000005 1.70000005
v 50.00000000 -3.50000000 1.70000005
v 50.00000000 -3.70000005 2.50000000
v 50.00000000 -3.59999990 2.50000000
v 50.00000000 -3.50000000 2.50000000
v 50.00000000 -3.59999990 2.70000005
v 50.20000076 -3.70000005 2.50000000
v 50.20000076 -3.50000000 2.50000000
v 50.20000076 -3.59999990 2.50000000
v 50.20000076 -3.59999990 2.70000005
v 52.20000076 -3.70000005 2.50000000
v 75.50000000 -32.00000000 0.00000000
v 86.25000000 -32.00000000 0.00000000
v 97.00000000 -32.00000000 0.00000000
v 75.50000000 -32.00000000 6.00000000
v 86.25000000 -32.00000000 6.00000000
v 97.00000000 -32.00000000 6.00000000
v 91.34741974 -1.65258217 0.00000000
v 91.82274628 -1.17725754 0.00000000
v 64.25000000 -32.00000000 10.00000000
v 64.75000000 -32.00000000 10.00000000
v 75.50000000 -32.00000000 10.00000000
v 75.00000000 -32.00000000 13.39999962
v 75.50000000 -32.00000000 13.39999962
v 75.00000000 -32.00000000 14.00000000
v 75.50000000 -32.00000000 14.00000000
v 86.25000000 -32.00000000 10.00000000
v 97.00000000 -32.00000000 10.00000000
v 86.25000000 -32.00000000 14.00000000
v 97.00000000 -32.00000000 14.00000000
v 85.75000000 -32.00000000 17.39999962
v 86.25000000 -32.00000000 17.39999962
v 85.75000000 -32.00000000 18.00000000
v 86.25000000 -32.00000000 18.00000000
v 97.00000000 -32.00000000 18.00000000
v 91.00000000 -26.00000000 18.00000000
v 95.00000000 -26.00000000 18.00000000
v 91.00000000 -22.00000000 18.00000000
v 95.00000000 -22.00000000 18.00000000
v 91.00000000 -2.00000000 18.00000000
v 95.00000000 -2.00000000 18.00000000
v 10.00000000 -74.00000000 22.00000000
v 10.00000000 -70.00000000 22.00000000
v 14.00000000 -74.00000000 22.00000000
v 14.00000000 -70.00000000 22.00000000
v 25.00000000 -74.50000000 22.00000000
v 34.00000000 -74.00000000 22.00000000
v 34.00000000 -70.00000000 22.00000000
v 36.00000000 -72.00000000 22.00000000
v 38.00000000 -74.00000000 22.00000000
v 38.00000000 -70.00000000 22.00000000
v 25.00000000 -37.50000000 25.33333397
v 25.00000000 -37.50000000 32.00000000
v 25.00000000 -0.50000000 22.00000000
v 58.00000000 -74.00000000 22.00000000
v 58.00000000 -70.00000000 22.00000000
v 60.00000000 -72.00000000 22.00000000
v 62.00000000 -74.00000000 22.00000000
v 62.00000000 -70.00000000 22.00000000
v 51.00000000 -49.00000000 22.00000000
v 97.00000000 -49.00000000 22.00000000
v 74.00000000 -49.00000000 25.33333397
v 84.00000000 -59.00000000 33.00000000
v 84.00000000 -57.00000000 33.00000000
v 86.00000000 -59.00000000 33.00000000
v 85.00000000 -58.00000000 33.00000000
v 86.00000000 -57.00000000 33.00000000
v 84.00000000 -59.00000000 35.00000000
v 84.00000000 -59.00000000 35.50000000
v 84.00000000 -57.00000000 35.00000000
v 84.00000000 -57.00000000 35.50000000
v 84.00000000 -61.00000000 40.00000000
v 84.00000000 -59.00000000 37.50000000
v 84.00000000 -59.00000000 38.00000000
v 84.00000000 -57.00000000 37.50000000
v 84.00000000 -57.00000000 38.00000000
v 84.00000000 -59.00000000 40.00000000
v 84.00000000 -57.00000000 40.00000000
v 86.00000000 -59.00000000 35.00000000
v 86.00000000 -59.00000000 35.50000000
v 85.00000000 -58.00000000 35.00000000
v 85.00000000 -58.00000000 35.50000000
v 86.00000000 -57.00000000 35.00000000
v 86.00000000 -57.00000000 35.50000000
v 86.00000000 -61.00000000 40.00000000
v 86.00000000 -59.00000000 37.50000000
v 86.00000000 -59.00000000 38.00000000
v 85.00000000 -58.00000000 37.50000000
v 85.00000000 -58.00000000 38.00000000
v 86.00000000 -57.00000000 37.50000000
v 86.00000000 -57.00000000 38.00000000
v 85.00000000 -60.00000000 40.00000000
v 86.00000000 -59.00000000 40.00000000
v 85.00000000 -58.00000000 40.00000000
v 86.00000000 -57.00000000 40.00000000
v 74.00000000 -49.00000000 32.00000000
v 91.00000000 -26.00000000 22.00000000
v 95.00000000 -26.00000000 22.00000000
v 91.00000000 -22.00000000 22.00000000
v 95.00000000 -22.00000000 22.00000000
v 91.00000000 -2.00000000 22.00000000
v 95.00000000 -2.00000000 22.00000000
v 5.00000000 0.00000000 0.00000000
v 5.00000000 0.00000000 0.80000001
v 0.00000000 0.00000000 1.70000005
v 1.69996190 7.71036959 1.39999998
v 2.69996190 7.71036959 1.39999998
v 1.69996190 7.71036959 1.70000005
v 2.69996190 7.71036959 1.70000005
v 1.69996190 8.71036911 1.39999998
v 2.19996190 8.21036911 1.39999998
v 2.69996190 8.71036911 1.39999998
v 1.69996190 8.71036911 1.70000005
v 2.19996190 8.21036911 1.70000005
v 2.69996190 8.71036911 1.70000005
v 3.75000000 6.86121607 1.39999998
v 3.75000000 6.86121607 1.70000005
v 5.51040745 5.51040745 1.39999998
v 5.51040745 5.51040745 1.70000005
v 4.75000000 6.86121607 1.39999998
v 6.01040745 6.01040745 1.39999998
v 5.51040745 6.51040745 1.39999998
v 4.75000000 6.86121607 1.70000005
v 6.01040745 6.01040745 1.70000005
v 5.51040745 6.51040745 1.70000005
v 3.75000000 7.86121607 1.39999998
v 4.25000000 7.36121607 1.39999998
v 3.75000000 7.86121607 1.70000005
v 4.25000000 7.36121607 1.70000005
v 4.75000000 7.86121607 1.39999998
v 4.75000000 7.86121607 1.70000005
v 8.00000000 0.50000000 1.39999998
v 8.50000000 0.00000000 1.39999998
v 9.00000000 0.50000000 1.39999998
v 8.00000000 0.50000000 1.70000005
v 8.50000000 0.00000000 1.70000005
v 9.00000000 0.50000000 1.70000005
v 7.71036959 1.69996190 1.39999998
v 8.21036911 2.19996190 1.39999998
v 8.71036911 1.69996190 1.39999998
v 7.71036959 1.69996190 1.70000005
v 8.21036911 2.19996190 1.70000005
v 8.71036911 1.69996190 1.70000005
v 6.86121607 3.75000000 1.39999998
v 7.36121607 4.25000000 1.39999998
v 6.86121607 3.75000000 1.70000005
v 7.36121607 4.25000000 1.70000005
v 7.71036959 2.69996190 1.39999998
v 8.71036911 2.69996190 1.39999998
v 7.71036959 2.69996190 1.70000005
v 8.71036911 2.69996190 1.70000005
v 7.86121607 3.75000000 1.39999998
v 7.86121607 3.75000000 1.70000005
v 6.51040745 5.51040745 1.39999998
v 6.86121607 4.75000000 1.39999998
v 6.51040745 5.51040745 1.70000005
v 6.86121607 4.75000000 1.70000005
v 6.51040745 6.51040745 1.39999998
v 6.51040745 6.51040745 1.70000005
v 7.86121607 4.75000000 1.39999998
v 7.86121607 4.75000000 1.70000005
v 15.00000000 0.00000000 0.00000000
v 15.00000000 0.00000000 1.39999998
v 0.00000000 32.00000000 0.00000000
v 0.00000000 32.40000153 0.00000000
v 0.00000000 32.00000000 0.80000001
v 0.50000000 31.20000076 1.39999998
v 0.50000000 31.20000076 1.70000005
v 0.00000000 32.00000000 1.39999998
v 0.00000000 32.40000153 1.50000000
v 0.00000000 31.60000038 1.70000005
v 10.00000000 32.00000000 0.00000000
v 10.00000000 32.00000000 0.80000001
v 10.00000000 31.20000076 1.39999998
v 10.00000000 32.00000000 1.39999998
v 20.00000000 32.00000000 0.00000000
v 20.00000000 32.00000000 0.80000001
v 20.00000000 31.20000076 1.39999998
v 20.00000000 32.00000000 1.39999998
v 0.00000000 35.75000000 5.40000010
v 0.00000000 35.75000000 6.00000000
v 25.00000000 0.00000000 0.00000000
v 25.00000000 0.00000000 0.80000001
v 35.00000000 0.00000000 0.00000000
v 34.70000076 0.00000000 1.70000005
v 38.70000076 0.50000000 1.39999998
v 38.70000076 0.50000000 1.70000005
v 39.20000076 0.00000000 1.70000005
v 39.70000076 0.50000000 1.39999998
v 39.70000076 0.50000000 1.70000005
v 45.00000000 0.00000000 0.00000000
v 45.00000000 0.00000000 0.80000001
v 45.20000076 0.00000000 1.39999998
v 45.20000076 0.00000000 1.70000005
v 44.79999924 11.69999981 1.39999998
v 44.79999924 11.69999981 1.70000005
v 45.59999847 11.50000000 1.39999998
v 45.59999847 11.50000000 1.70000005
v 45.59999847 11.69999981 1.39999998
v 45.59999847 12.30000019 1.39999998
v 45.59999847 11.69999981 1.70000005
v 45.59999847 12.30000019 1.70000005
v 47.50000000 11.89999962 1.39999998
v 47.50000000 11.89999962 1.70000005
v 34.29999924 19.39999962 1.39999998
v 34.29999924 19.39999962 1.70000005
v 35.09999847 19.20000076 1.39999998
v 35.09999847 19.39999962 1.39999998
v 35.09999847 19.20000076 1.70000005
v 35.09999847 19.39999962 1.70000005
v 35.09999847 20.00000000 1.39999998
v 35.09999847 20.00000000 1.70000005
v 30.00000000 32.00000000 0.00000000
v 30.00000000 32.00000000 0.80000001
v 30.00000000 31.20000076 1.39999998
v 30.00000000 32.00000000 1.39999998
v 40.00000000 19.20000076 1.39999998
v 40.00000000 20.00000000 1.39999998
v 42.25000000 19.60000038 1.39999998
v 42.25000000 19.60000038 1.70000005
v 40.00000000 32.00000000 0.00000000
v 40.00000000 32.00000000 0.80000001
v 40.00000000 31.20000076 1.39999998
v 40.00000000 32.00000000 1.39999998
v 46.00000000 32.20000076 0.00000000
v 46.00000000 32.20000076 1.50000000
v 46.00000000 32.59999847 0.00000000
v 46.00000000 32.59999847 1.50000000
v 0.00000000 40.75000000 0.00000000
v 0.00000000 50.25000000 0.00000000
v 0.00000000 40.75000000 6.00000000
v 0.00000000 45.25000000 9.39999962
v 0.00000000 59.75000000 0.00000000
v 0.00000000 69.25000000 0.00000000
v 0.00000000 45.25000000 10.00000000
v 0.00000000 50.25000000 10.00000000
v 0.00000000 54.75000000 13.39999962
v 0.00000000 54.75000000 14.00000000
v 0.00000000 59.75000000 14.00000000
v 0.00000000 64.25000000 17.39999962
v 0.00000000 64.25000000 18.00000000
v 0.00000000 64.90000153 18.50000000
v 9.00000000 64.80000305 18.50000000
v 9.00000000 65.00000000 18.50000000
v 10.00000000 65.00000000 18.00000000
v 0.00000000 67.09999847 18.50000000
v 0.00000000 69.25000000 18.00000000
v 9.00000000 67.00000000 18.50000000
v 9.00000000 67.19999695 18.50000000
v 10.00000000 67.00000000 18.00000000
v 10.00000000 70.00000000 18.00000000
v 10.00000000 74.00000000 18.00000000
v 14.00000000 70.00000000 18.00000000
v 14.00000000 74.00000000 18.00000000
v 34.00000000 70.00000000 18.00000000
v 34.00000000 74.00000000 18.00000000
v 38.00000000 70.00000000 18.00000000
v 38.00000000 74.00000000 18.00000000
v 51.20000076 0.00000000 0.00000000
v 50.00000000 3.50000000 0.00000000
v 50.00000000 3.70000005 0.00000000
v 50.09999847 3.59999990 0.00000000
v 50.20000076 3.50000000 0.00000000
v 50.20000076 3.70000005 0.00000000
v 50.00000000 3.50000000 0.80000001
v 50.00000000 3.70000005 0.80000001
v 52.20000076 3.70000005 0.00000000
v 49.59999847 0.00000000 1.39999998
v 49.59999847 0.00000000 1.70000005
v 50.00000000 3.50000000 1.39999998
v 50.00000000 3.70000005 1.39999998
v 50.00000000 3.50000000 1.70000005
v 50.00000000 3.70000005 1.70000005
v 51.40000153 8.50000000 0.00000000
v 51.40000153 8.50000000 1.00000000
v 53.00000000 8.50000000 0.00000000
v 51.54999924 8.69999981 1.00000000
v 51.84999847 8.69999981 1.00000000
v 51.54999924 9.00000000 1.00000000
v 51.84999847 9.00000000 1.00000000
v 52.84999847 8.69999981 1.00000000
v 53.00000000 8.50000000 1.00000000
v 53.00000000 8.69999981 1.00000000
v 52.84999847 9.00000000 1.00000000
v 53.00000000 9.00000000 1.00000000
v 53.15000153 8.69999981 1.00000000
v 53.15000153 9.00000000 1.00000000
v 59.37500000 0.00000000 0.00000000
v 50.09999847 0.00000000 2.50000000
v 50.09999847 0.00000000 2.70000005
v 51.20000076 0.00000000 2.50000000
v 50.00000000 3.50000000 2.50000000
v 50.00000000 3.59999990 2.50000000
v 50.00000000 3.70000005 2.50000000
v 50.00000000 3.59999990 2.70000005
v 50.20000076 3.50000000 2.50000000
v 50.20000076 3.59999990 2.50000000
v 50.20000076 3.70000005 2.50000000
v 50.20000076 3.59999990 2.70000005
v 52.20000076 3.70000005 2.50000000
v 51.20000076 8.30000019 3.00000000
v 51.54999924 8.69999981 3.00000000
v 51.84999847 8.69999981 3.00000000
v 51.54999924 9.00000000 3.00000000
v 51.84999847 9.00000000 3.00000000
v 52.84999847 8.69999981 3.00000000
v 52.84999847 9.00000000 3.00000000
v 53.40000153 8.30000019 3.00000000
v 53.15000153 8.69999981 3.00000000
v 53.15000153 9.00000000 3.00000000
v 52.29999924 8.30000019 3.40000010
v 52.29999924 8.30000019 4.19999981
v 51.40000153 13.50000000 0.00000000
v 51.40000153 13.50000000 1.00000000
v 52.20000076 11.00000000 0.00000000
v 52.20000076 11.00000000 1.00000000
v 53.00000000 13.50000000 0.00000000
v 51.54999924 13.00000000 1.00000000
v 51.84999847 13.00000000 1.00000000
v 51.54999924 13.30000019 1.00000000
v 51.84999847 13.30000019 1.00000000
v 52.84999847 13.00000000 1.00000000
v 53.00000000 13.00000000 1.00000000
v 52.84999847 13.30000019 1.00000000
v 53.00000000 13.30000019 1.00000000
v 53.00000000 13.50000000 1.00000000
v 53.15000153 13.00000000 1.00000000
v 53.15000153 13.30000019 1.00000000
v 49.20000076 11.50000000 1.39999998
v 49.20000076 11.50000000 1.70000005
v 49.20000076 12.25789452 1.39999998
v 49.20000076 12.30000019 1.39999998
v 49.20000076 12.30000019 1.70000005
v 51.20000076 13.69999981 3.00000000
v 51.54999924 13.00000000 3.00000000
v 51.84999847 13.00000000 3.00000000
v 51.54999924 13.30000019 3.00000000
v 51.84999847 13.30000019 3.00000000
v 52.84999847 13.00000000 3.00000000
v 52.84999847 13.30000019 3.00000000
v 53.15000153 13.00000000 3.00000000
v 53.15000153 13.30000019 3.00000000
v 53.40000153 13.69999981 3.00000000
v 52.29999924 13.69999981 3.40000010
v 52.29999924 13.69999981 4.19999981
v 70.12500000 0.00000000 0.00000000
v 53.75000000 0.00000000 5.40000010
v 53.75000000 0.00000000 6.00000000
v 59.37500000 0.00000000 6.00000000
v 64.50000000 0.00000000 9.39999962
v 49.20000076 19.20000076 1.39999998
v 49.35381317 19.20258522 1.39999998
v 49.20000076 19.20000076 1.70000005
v 49.35381317 19.20258522 1.70000005
v 49.20000076 20.00000000 1.39999998
v 49.20000076 19.98881149 1.39999998
v 49.34363174 19.99684715 1.39999998
v 49.20000076 20.00000000 1.70000005
v 49.34358978 20.00000000 1.70000005
v 50.00000000 32.00000000 0.00000000
v 50.00000000 32.00000000 0.80000001
v 54.00000000 32.00000000 0.00000000
v 49.20000076 31.20000076 1.39999998
v 50.00000000 31.20000076 1.39999998
v 49.20000076 31.20000076 1.70000005
v 50.00000000 31.20000076 1.70000005
v 49.20000076 32.00000000 1.39999998
v 49.59999847 31.60000038 1.39999998
v 50.00000000 32.00000000 1.39999998
v 49.20000076 32.00000000 1.70000005
v 49.59999847 31.60000038 1.70000005
v 50.00000000 32.00000000 1.70000005
v 49.29999924 35.59999847 0.00000000
v 49.29999924 36.00000000 0.00000000
v 49.50000000 35.79999924 0.00000000
v 49.70000076 35.59999847 0.00000000
v 49.70000076 36.00000000 0.00000000
v 50.00000000 36.00000000 0.00000000
v 49.29999924 35.59999847 3.00000000
v 49.29999924 36.00000000 3.00000000
v 49.70000076 35.59999847 3.00000000
v 49.70000076 36.00000000 3.00000000
v 49.29999924 35.79999924 3.13333344
v 49.70000076 35.79999924 3.13333344
v 49.29999924 35.79999924 3.40000010
v 49.70000076 35.79999924 3.40000010
v 64.75000000 32.00000000 0.00000000
v 53.50000000 32.00000000 5.40000010
v 54.00000000 32.00000000 5.40000010
v 53.50000000 32.00000000 6.00000000
v 54.00000000 32.00000000 6.00000000
v 50.00000000 35.50000000 5.40000010
v 50.00000000 36.00000000 5.40000010
v 50.00000000 35.50000000 6.00000000
v 50.00000000 36.00000000 6.00000000
v 64.75000000 32.00000000 6.00000000
v 64.25000000 32.00000000 9.39999962
v 64.75000000 32.00000000 9.39999962
v 80.87500000 0.00000000 0.00000000
v 91.34741974 1.65258217 0.00000000
v 91.82274628 1.17725754 0.00000000
v 75.50000000 32.00000000 0.00000000
v 86.25000000 32.00000000 0.00000000
v 97.00000000 32.00000000 0.00000000
v 75.50000000 32.00000000 6.00000000
v 86.25000000 32.00000000 6.00000000
v 97.00000000 32.00000000 6.00000000
v 64.50000000 0.00000000 10.00000000
v 70.12500000 0.00000000 10.00000000
v 64.25000000 32.00000000 10.00000000
v 64.75000000 32.00000000 10.00000000
v 75.25000000 0.00000000 13.39999962
v 75.25000000 0.00000000 14.00000000
v 80.87500000 0.00000000 14.00000000
v 86.00000000 0.00000000 17.39999962
v 86.00000000 0.00000000 18.00000000
v 91.00000000 2.00000000 18.00000000
v 95.00000000 2.00000000 18.00000000
v 75.50000000 32.00000000 10.00000000
v 75.00000000 32.00000000 13.39999962
v 75.50000000 32.00000000 13.39999962
v 75.00000000 32.00000000 14.00000000
v 75.50000000 32.00000000 14.00000000
v 86.25000000 32.00000000 10.00000000
v 97.00000000 32.00000000 10.00000000
v 86.25000000 32.00000000 14.00000000
v 97.00000000 32.00000000 14.00000000
v 91.00000000 22.00000000 18.00000000
v 95.00000000 22.00000000 18.00000000
v 91.00000000 26.00000000 18.00000000
v 95.00000000 26.00000000 18.00000000
v 85.75000000 32.00000000 17.39999962
v 86.25000000 32.00000000 17.39999962
v 85.75000000 32.00000000 18.00000000
v 86.25000000 32.00000000 18.00000000
v 97.00000000 32.00000000 18.00000000
v 50.00000000 45.50000000 0.00000000
v 50.00000000 55.00000000 0.00000000
v 50.00000000 45.50000000 6.00000000
v 50.00000000 45.00000000 9.39999962
v 50.00000000 45.50000000 9.39999962
v 50.00000000 55.00000000 6.00000000
v 50.00000000 64.50000000 0.00000000
v 50.00000000 74.00000000 0.00000000
v 58.00000000 70.00000000 0.00000000
v 60.00000000 72.00000000 0.00000000
v 58.00000000 74.00000000 0.00000000
v 62.00000000 70.00000000 0.00000000
v 62.00000000 74.00000000 0.00000000
v 50.00000000 64.50000000 6.00000000
v 50.00000000 74.00000000 6.00000000
v 84.00000000 59.00000000 0.00000000
v 84.00000000 61.00000000 0.00000000
v 86.00000000 59.00000000 0.00000000
v 85.00000000 60.00000000 0.00000000
v 86.00000000 61.00000000 0.00000000
v 96.40000153 73.40000153 0.00000000
v 97.00000000 73.40000153 0.00000000
v 96.40000153 74.00000000 0.00000000
v 97.00000000 74.00000000 0.00000000
v 96.40000153 73.40000153 0.60000002
v 97.00000000 73.40000153 0.60000002
v 96.40000153 74.00000000 0.60000002
v 97.00000000 74.00000000 0.60000002
v 50.00000000 45.00000000 10.00000000
v 50.00000000 45.50000000 10.00000000
v 50.00000000 55.00000000 10.00000000
v 50.00000000 54.50000000 13.39999962
v 50.00000000 55.00000000 13.39999962
v 50.00000000 54.50000000 14.00000000
v 50.00000000 55.00000000 14.00000000
v 50.00000000 64.50000000 10.00000000
v 50.00000000 64.50000000 14.00000000
v 50.00000000 74.00000000 10.00000000
v 50.00000000 74.00000000 14.00000000
v 50.00000000 64.00000000 17.39999962
v 50.00000000 64.50000000 17.39999962
v 50.00000000 64.00000000 18.00000000
v 50.00000000 64.50000000 18.00000000
v 50.00000000 74.00000000 18.00000000
v 25.00000000 0.50000000 22.00000000
v 0.00000000 64.90000153 21.50000000
v 9.00000000 64.80000305 21.50000000
v 9.00000000 65.00000000 21.50000000
v 10.00000000 65.00000000 22.00000000
v 0.00000000 67.09999847 21.50000000
v 9.00000000 67.00000000 21.50000000
v 9.00000000 67.19999695 21.50000000
v 10.00000000 67.00000000 22.00000000
v 10.00000000 70.00000000 22.00000000
v 10.00000000 74.00000000 22.00000000
v 14.00000000 70.00000000 22.00000000
v 14.00000000 74.00000000 22.00000000
v 25.00000000 37.50000000 25.33333397
v 25.00000000 74.50000000 22.00000000
v 34.00000000 70.00000000 22.00000000
v 36.00000000 72.00000000 22.00000000
v 34.00000000 74.00000000 22.00000000
v 38.00000000 70.00000000 22.00000000
v 38.00000000 74.00000000 22.00000000
v 25.00000000 37.50000000 32.00000000
v 91.00000000 2.00000000 22.00000000
v 95.00000000 2.00000000 22.00000000
v 91.00000000 22.00000000 22.00000000
v 95.00000000 22.00000000 22.00000000
v 91.00000000 26.00000000 22.00000000
v 95.00000000 26.00000000 22.00000000
v 51.00000000 49.00000000 22.00000000
v 58.00000000 70.00000000 22.00000000
v 60.00000000 72.00000000 22.00000000
v 58.00000000 74.00000000 22.00000000
v 62.00000000 70.00000000 22.00000000
v 62.00000000 74.00000000 22.00000000
v 97.00000000 49.00000000 22.00000000
v 74.00000000 49.00000000 25.33333397
v 74.00000000 49.00000000 32.00000000
v 84.00000000 57.00000000 33.00000000
v 84.00000000 59.00000000 33.00000000
v 86.00000000 57.00000000 33.00000000
v 85.00000000 58.00000000 33.00000000
v 86.00000000 59.00000000 33.00000000
v 84.00000000 57.00000000 35.00000000
v 84.00000000 57.00000000 35.50000000
v 84.00000000 59.00000000 35.00000000
v 84.00000000 59.00000000 35.50000000
v 84.00000000 57.00000000 37.50000000
v 84.00000000 57.00000000 38.00000000
v 84.00000000 59.00000000 37.50000000
v 84.00000000 59.00000000 38.00000000
v 84.00000000 57.00000000 40.00000000
v 84.00000000 59.00000000 40.00000000
v 84.00000000 61.00000000 40.00000000
v 86.00000000 57.00000000 35.00000000
v 86.00000000 57.00000000 35.50000000
v 85.00000000 58.00000000 35.00000000
v 85.00000000 58.00000000 35.50000000
v 86.00000000 59.00000000 35.00000000
v 86.00000000 59.00000000 35.50000000
v 86.00000000 57.00000000 37.50000000
v 86.00000000 57.00000000 38.00000000
v 85.00000000 58.00000000 37.50000000
v 85.00000000 58.00000000 38.00000000
v 86.00000000 59.00000000 37.50000000
v 86.00000000 59.00000000 38.00000000
v 86.00000000 57.00000000 40.00000000
v 85.00000000 58.00000000 40.00000000
v 86.00000000 59.00000000 40.00000000
v 85.00000000 60.00000000 40.00000000
v 86.00000000 61.00000000 40.00000000
f 61 62 147
f 62 63 147
f 61 147 145
f 146 148 416
f 61 207 62
f 62 208 63
f 61 206 207
f 62 207 208
f 207 209 208
f 206 214 207
f 67 211 78
f 67 209 211
f 61 597 206
f 207 211 209
f 207 212 211
f 206 213 214
f 213 239 214
f 214 240 215
f 206 614 213
f 207 214 615
f 213 618 238
f 216 241 619
f 81 226 111
f 81 212 226
f 212 232 226
f 61 145 597
f 226 232 227
f 207 621 212
f 212 612 232
f 145 146 597
f 113 230 443
f 214 215 640
f 215 216 640
f 213 238 239
f 214 239 240
f 239 241 240
f 238 246 239
f 238 245 246
f 238 643 245
f 239 246 644
f 245 249 246
f 246 249 252
f 249 255 252
f 253 257 258
f 268 814 270
f 270 814 815
f 270 815 824
f 272 275 273
f 245 672 249
f 253 258 308
f 249 672 265
f 265 672 268
f 268 672 814
f 258 273 308
f 273 275 308
f 239 699 241
f 253 279 277
f 253 308 279
f 246 252 702
f 252 253 702
f 253 287 299
f 253 299 645
f 253 277 287
f 275 303 308
f 275 317 305
f 275 305 303
f 275 318 317
f 275 323 318
f 277 279 282
f 277 282 281
f 277 285 287
f 285 288 287
f 285 291 288
f 281 282 673
f 281 673 291
f 287 294 299
f 294 295 300
f 294 300 299
f 288 291 673
f 288 673 295
f 295 673 300
f 303 309 308
f 305 317 322
f 305 322 315
f 308 309 313
f 315 322 673
f 322 323 673
f 282 313 673
f 309 673 313
f 309 315 673
f 275 705 323
f 146 416 413
f 414 417 440
f 414 440 438
f 439 442 454
f 442 455 454
f 453 456 487
f 453 487 486
f 456 491 487
f 146 413 597
f 413 414 597
f 414 438 597
f 230 605 443
f 438 453 597
f 206 597 627
f 207 622 621
f 206 627 614
f 207 615 628
f 212 621 612
f 207 629 622
f 608 612 609
f 453 486 597
f 446 621 479
f 446 609 621
f 609 612 621
f 207 630 629
f 207 628 630
f 213 614 639
f 214 640 615
f 213 639 618
f 216 619 641
f 216 641 640
f 486 627 597
f 482 629 488
f 482 622 629
f 486 487 627
f 487 491 628
f 487 628 627
f 491 630 628
f 627 628 639
f 614 627 639
f 615 640 628
f 618 639 697
f 619 699 641
f 628 640 639
f 640 641 642
f 639 640 697
f 640 642 698
f 238 618 697
f 238 697 643
f 239 644 698
f 241 699 619
f 239 700 699
f 239 698 700
f 245 643 701
f 246 702 644
f 245 701 672
f 253 645 703
f 645 646 650
f 645 650 655
f 646 651 650
f 300 673 646
f 646 673 651
f 651 673 656
f 656 673 661
f 655 656 659
f 655 659 664
f 656 661 659
f 661 673 666
f 664 666 667
f 664 667 670
f 666 674 667
f 672 1260 814
f 666 673 674
f 673 681 674
f 323 689 673
f 674 677 676
f 674 681 677
f 673 688 681
f 673 689 688
f 676 677 683
f 681 688 685
f 683 685 692
f 685 688 692
f 253 703 702
f 645 655 703
f 655 664 703
f 664 670 703
f 323 705 689
f 670 676 705
f 676 683 705
f 683 692 705
f 692 693 705
f 689 705 693
f 643 697 701
f 644 702 698
f 640 698 697
f 642 700 698
f 697 698 701
f 698 702 701
f 672 701 1260
f 670 705 703
f 702 703 704
f 701 702 1260
f 702 704 1262
f 702 1262 1260
f 704 1265 1262
f 814 818 815
f 815 818 821
f 815 821 822
f 841 844 842
f 842 845 843
f 842 844 845
f 814 1199 818
f 818 1199 838
f 815 822 1200
f 822 843 1200
f 838 1199 841
f 841 1199 844
f 843 845 1200
f 844 854 845
f 845 855 851
f 844 853 854
f 845 854 855
f 854 856 855
f 853 914 854
f 844 1258 853
f 852 856 1259
f 815 1265 824
f 845 851 1269
f 851 852 1269
f 854 1274 856
f 853 913 914
f 913 926 914
f 914 927 915
f 853 1278 913
f 854 914 1279
f 916 919 917
f 916 933 919
f 913 1280 925
f 917 919 921
f 913 925 926
f 914 926 927
f 926 928 927
f 925 1043 926
f 925 1042 1043
f 926 933 928
f 926 934 933
f 916 928 933
f 925 1287 1042
f 926 1043 1288
f 914 915 1310
f 915 916 1310
f 916 917 1311
f 922 947 1303
f 926 1313 934
f 922 934 947
f 1042 1287 1087
f 1043 1092 1288
f 934 949 947
f 934 1285 949
f 1087 1287 1088
f 1092 1093 1288
f 1042 1087 1043
f 1043 1087 1092
f 1088 1356 1093
f 814 1260 1199
f 815 1200 1262
f 844 1199 1268
f 845 1269 1200
f 844 1268 1258
f 852 1259 1270
f 815 1262 1265
f 852 1270 1269
f 853 1258 1272
f 853 1272 1278
f 854 1279 1273
f 856 1274 1259
f 854 1275 1274
f 854 1273 1275
f 1199 1260 1268
f 1200 1269 1262
f 1260 1262 1268
f 1262 1269 1268
f 1269 1270 1271
f 1258 1268 1272
f 1259 1274 1270
f 1268 1269 1272
f 1269 1271 1273
f 1269 1273 1272
f 1271 1275 1273
f 1272 1273 1309
f 913 1278 1309
f 914 1310 1279
f 913 1309 1280
f 916 1311 1310
f 917 1301 1311
f 925 1280 1317
f 925 1317 1287
f 926 1288 1318
f 926 1314 1313
f 934 1313 1285
f 926 1319 1314
f 947 1282 1303
f 1282 1285 1313
f 1088 1287 1356
f 1093 1361 1288
f 1287 1357 1356
f 1288 1361 1362
f 926 1320 1319
f 926 1318 1320
f 1282 1313 1303
f 1287 1456 1357
f 1288 1362 1457
f 1272 1309 1278
f 1273 1279 1310
f 1280 1309 1317
f 1301 1304 1307
f 1301 1307 1311
f 1307 1319 1311
f 1273 1310 1309
f 1310 1311 1312
f 1309 1310 1317
f 1310 1312 1318
f 1307 1314 1319
f 1287 1317 1456
f 1288 1457 1318
f 1310 1318 1317
f 1312 1320 1318
f 1317 1318 1456
f 1318 1457 1456
f 1093 1356 1361
f 1357 1456 1362
f 1362 1456 1457
f 19 22 20
f 19 21 22
f 20 25 23
f 20 22 25
f 21 31 22
f 21 29 31
f 22 38 25
f 22 31 38
f 23 26 24
f 23 25 26
f 24 87 54
f 24 26 89
f 24 89 87
f 25 27 26
f 25 38 43
f 25 43 27
f 29 32 31
f 29 30 32
f 31 39 38
f 31 41 39
f 31 32 41
f 30 33 36
f 30 34 32
f 30 36 34
f 45 46 48
f 46 49 48
f 45 52 46
f 46 47 49
f 47 50 49
f 46 399 47
f 48 49 172
f 49 173 172
f 49 50 173
f 50 176 173
f 45 51 52
f 45 397 51
f 46 52 398
f 45 48 403
f 48 172 527
f 47 53 50
f 53 60 84
f 50 53 84
f 47 406 53
f 54 70 55
f 60 91 84
f 54 87 70
f 53 407 60
f 50 84 176
f 84 85 176
f 85 192 176
f 84 91 93
f 84 93 468
f 60 485 91
f 84 509 85
f 172 173 174
f 173 175 174
f 173 176 175
f 175 176 177
f 175 177 179
f 175 179 520
f 174 175 183
f 175 181 183
f 183 187 186
f 183 184 187
f 181 184 183
f 183 186 188
f 183 188 190
f 184 189 187
f 184 191 189
f 172 174 529
f 176 531 177
f 174 183 542
f 175 530 181
f 188 189 191
f 188 191 190
f 183 190 542
f 184 543 191
f 176 192 545
f 19 20 788
f 20 23 789
f 23 24 790
f 24 54 791
f 54 55 791
f 55 58 791
f 26 792 89
f 19 966 21
f 21 973 29
f 26 27 979
f 32 794 41
f 33 195 36
f 33 194 195
f 36 195 197
f 36 197 199
f 196 198 197
f 36 199 201
f 38 802 43
f 29 1001 30
f 30 1002 33
f 33 1002 194
f 197 198 199
f 36 201 795
f 32 34 1006
f 194 1002 196
f 200 795 201
f 38 39 1011
f 58 72 1071
f 70 1071 72
f 70 87 1071
f 242 243 260
f 242 244 243
f 247 248 251
f 248 249 265
f 248 265 251
f 248 255 249
f 248 254 255
f 255 254 256
f 242 260 261
f 260 262 261
f 261 262 263
f 250 251 265
f 250 265 264
f 260 264 266
f 264 265 267
f 260 266 262
f 264 267 266
f 265 268 267
f 267 268 270
f 267 270 269
f 270 271 269
f 272 273 274
f 242 327 244
f 244 327 254
f 254 327 256
f 257 331 258
f 257 259 331
f 256 327 259
f 242 261 333
f 258 335 273
f 261 263 335
f 263 269 335
f 273 335 274
f 269 271 335
f 271 274 335
f 242 333 327
f 259 327 328
f 259 328 331
f 258 331 335
f 261 334 333
f 261 335 334
f 327 334 328
f 326 330 328
f 328 330 331
f 326 329 330
f 330 332 331
f 331 332 335
f 330 329 332
f 327 333 334
f 326 328 958
f 328 334 958
f 326 958 329
f 334 335 953
f 335 332 954
f 45 400 397
f 46 398 401
f 397 400 398
f 45 403 400
f 46 401 399
f 47 399 402
f 47 402 406
f 48 527 403
f 398 400 401
f 400 404 401
f 400 403 404
f 399 401 402
f 401 405 402
f 401 404 405
f 403 528 404
f 403 527 528
f 404 531 405
f 404 528 531
f 53 406 478
f 53 478 407
f 60 407 485
f 91 485 512
f 84 468 509
f 85 509 510
f 93 514 468
f 402 478 406
f 402 509 478
f 402 405 509
f 478 509 514
f 407 478 485
f 478 512 485
f 496 497 502
f 478 514 512
f 496 502 517
f 502 504 517
f 405 510 509
f 405 531 547
f 405 547 510
f 468 514 509
f 172 529 527
f 176 545 531
f 175 520 530
f 179 534 520
f 177 531 532
f 174 542 529
f 181 530 540
f 190 524 542
f 524 537 536
f 191 543 525
f 524 525 543
f 527 530 528
f 527 529 530
f 520 534 530
f 528 532 531
f 528 534 532
f 528 530 534
f 524 536 542
f 536 538 542
f 524 543 537
f 537 543 539
f 529 542 543
f 529 540 530
f 529 543 540
f 538 539 542
f 539 543 542
f 192 547 545
f 531 545 547
f 496 517 564
f 517 519 564
f 519 566 564
f 564 566 565
f 565 566 570
f 566 568 570
f 568 569 570
f 569 581 570
f 570 581 582
f 565 570 573
f 570 578 573
f 573 578 577
f 577 578 579
f 570 582 578
f 578 582 588
f 578 588 579
f 579 588 590
f 582 584 588
f 584 585 588
f 585 587 588
f 587 589 588
f 588 589 590
f 589 591 590
f 589 593 591
f 591 593 595
f 591 595 596
f 500 1470 504
f 504 1476 517
f 496 1325 497
f 497 1325 500
f 496 564 1325
f 564 565 1326
f 519 1327 566
f 565 573 1329
f 573 577 1330
f 566 1535 568
f 577 579 1540
f 579 590 1547
f 581 1332 582
f 587 1335 589
f 595 707 596
f 595 709 707
f 596 707 708
f 595 711 709
f 595 719 711
f 709 711 710
f 582 1563 584
f 590 591 1570
f 589 1569 593
f 595 1341 713
f 591 596 1571
f 596 708 1571
f 595 713 716
f 595 716 1343
f 595 1343 719
f 710 711 712
f 708 710 1571
f 719 1343 720
f 19 788 966
f 20 970 788
f 20 789 970
f 23 975 789
f 21 966 973
f 29 973 1001
f 23 790 975
f 24 976 790
f 24 791 976
f 58 1036 791
f 26 978 792
f 89 792 1073
f 26 979 978
f 788 970 966
f 789 975 970
f 790 976 975
f 791 1040 976
f 791 1036 1039
f 791 1039 1040
f 792 978 1073
f 32 1004 794
f 41 794 1013
f 30 1001 1002
f 196 1002 198
f 198 1002 200
f 200 796 795
f 36 795 1008
f 795 796 797
f 200 1002 796
f 800 806 801
f 795 797 1008
f 32 1006 1004
f 38 1010 802
f 43 802 1015
f 38 1011 1010
f 794 1004 1013
f 796 1002 800
f 800 1002 806
f 801 806 807
f 797 801 1008
f 801 807 1008
f 806 1002 808
f 808 1002 1005
f 808 1005 809
f 807 809 1008
f 809 1005 1008
f 802 1010 1015
f 810 812 811
f 810 811 834
f 810 834 833
f 817 821 818
f 816 817 820
f 817 818 838
f 817 838 820
f 819 820 837
f 817 829 821
f 817 828 829
f 821 829 831
f 821 831 822
f 829 828 830
f 833 834 835
f 833 835 836
f 820 838 837
f 834 837 839
f 837 838 840
f 834 839 835
f 837 840 839
f 838 841 840
f 840 841 842
f 840 842 847
f 840 847 846
f 842 843 847
f 843 849 847
f 847 848 846
f 843 850 849
f 810 951 812
f 812 951 828
f 828 951 830
f 822 831 954
f 831 832 954
f 830 951 832
f 810 833 955
f 833 836 959
f 836 846 959
f 822 959 843
f 843 959 850
f 846 848 959
f 848 850 959
f 58 1055 1036
f 58 1071 1055
f 810 955 951
f 832 951 952
f 832 952 954
f 822 954 959
f 833 956 955
f 833 959 956
f 334 953 952
f 334 952 958
f 951 956 952
f 335 954 953
f 952 953 954
f 954 332 959
f 959 332 960
f 960 332 961
f 951 955 956
f 952 956 958
f 956 957 958
f 956 959 957
f 957 959 960
f 957 960 961
f 957 961 958
f 966 970 973
f 970 974 973
f 970 975 974
f 974 975 977
f 973 974 1001
f 974 1003 1001
f 974 977 1003
f 977 1010 1003
f 975 976 977
f 976 978 977
f 976 1040 978
f 978 1040 1071
f 977 978 1010
f 978 979 1010
f 979 1015 1010
f 978 1071 1073
f 1001 1003 1002
f 1002 1003 1004
f 1003 1010 1004
f 1004 1010 1011
f 1004 1011 1013
f 1002 1004 1005
f 1004 1006 1005
f 1005 1006 1008
f 1039 1057 1040
f 1040 1057 1071
f 1055 1071 1057
f 1044 1079 1076
f 1044 1384 1070
f 1044 1070 1079
f 1070 1108 1111
f 1070 1111 1079
f 1070 1442 1108
f 1076 1079 1078
f 1078 1079 1445
f 1079 1111 1118
f 1079 1118 1081
f 1081 1118 1117
f 1044 1076 1485
f 1079 1081 1494
f 1108 1109 1112
f 1108 1112 1111
f 1108 1495 1109
f 1109 1110 1113
f 1109 1113 1112
f 1109 1114 1110
f 1111 1112 1123
f 1111 1123 1118
f 1112 1113 1124
f 1112 1124 1123
f 1109 1496 1114
f 1110 1114 1115
f 1110 1115 1497
f 1110 1503 1113
f 1113 1521 1124
f 1117 1118 1505
f 1118 1125 1120
f 1118 1123 1125
f 1120 1125 1122
f 1122 1125 1510
f 1123 1124 1126
f 1123 1126 1125
f 1125 1131 1128
f 1125 1126 1131
f 1128 1131 1130
f 1130 1131 1132
f 1131 1133 1132
f 1130 1132 1134
f 1130 1134 1137
f 1131 1135 1133
f 1131 1137 1135
f 1118 1120 1517
f 1124 1523 1126
f 1125 1128 1529
f 1126 1532 1131
f 1130 1137 1136
f 1130 1136 1513
f 1134 1135 1137
f 1131 1514 1137
f 504 1470 1476
f 517 1476 1478
f 517 1478 1489
f 500 1325 1470
f 564 1533 1325
f 564 1326 1533
f 565 1534 1326
f 519 1491 1327
f 566 1327 1535
f 568 1535 1537
f 565 1329 1534
f 573 1539 1329
f 573 1330 1539
f 577 1540 1330
f 579 1547 1540
f 590 1570 1547
f 1325 1473 1470
f 1325 1474 1473
f 1325 1533 1474
f 1326 1534 1533
f 1327 1491 1535
f 1329 1539 1534
f 1330 1540 1539
f 581 1562 1332
f 582 1332 1563
f 584 1563 1565
f 587 1567 1335
f 589 1335 1569
f 591 1571 1570
f 595 1575 1341
f 710 712 1571
f 712 720 1571
f 716 1346 1343
f 720 1343 1348
f 1343 1347 1348
f 593 1569 1573
f 720 1348 1571
f 1343 1346 1575
f 1343 1575 1347
f 1341 1575 1346
f 1349 1351 1350
f 1332 1562 1563
f 1335 1567 1569
f 1348 1350 1571
f 1350 1352 1571
f 1347 1575 1349
f 1350 1351 1352
f 1349 1575 1351
f 1352 1354 1571
f 1354 1576 1571
f 1351 1575 1353
f 1353 1576 1354
f 1353 1575 1576
f 1044 1458 1384
f 1044 1485 1458
f 1070 1384 1483
f 1070 1483 1442
f 1078 1445 1487
f 1079 1492 1445
f 1079 1494 1492
f 1384 1458 1483
f 1473 1474 1478
f 1458 1485 1483
f 1474 1489 1478
f 1483 1485 1487
f 1442 1483 1498
f 1483 1492 1498
f 1483 1487 1492
f 1492 1501 1498
f 1445 1492 1487
f 1492 1494 1501
f 1494 1507 1501
f 1501 1507 1515
f 1108 1442 1498
f 1108 1498 1495
f 1109 1495 1499
f 1109 1499 1496
f 1110 1497 1500
f 1496 1500 1497
f 1110 1500 1503
f 1113 1503 1521
f 1495 1498 1499
f 1498 1501 1499
f 1499 1501 1502
f 1496 1499 1500
f 1499 1502 1500
f 1500 1502 1503
f 1501 1515 1502
f 1502 1515 1520
f 1502 1520 1503
f 1503 1520 1521
f 1117 1505 1507
f 1505 1515 1507
f 1118 1515 1505
f 1122 1510 1519
f 1125 1522 1510
f 1118 1517 1515
f 1124 1521 1523
f 1130 1513 1531
f 1131 1532 1514
f 1513 1514 1525
f 1125 1529 1522
f 1126 1523 1532
f 1513 1525 1524
f 1510 1522 1519
f 1515 1517 1520
f 1517 1519 1520
f 1519 1522 1520
f 1520 1522 1521
f 1521 1522 1523
f 1513 1524 1531
f 1524 1526 1531
f 1514 1532 1525
f 1525 1532 1527
f 1522 1529 1523
f 1523 1529 1531
f 1523 1531 1532
f 1526 1532 1531
f 1526 1527 1532
f 1474 1533 1535
f 1474 1535 1489
f 1533 1534 1538
f 1533 1538 1535
f 1489 1535 1491
f 1535 1538 1563
f 1535 1563 1537
f 1537 1563 1562
f 1534 1539 1546
f 1534 1546 1538
f 1539 1540 1547
f 1539 1547 1546
f 1538 1546 1568
f 1538 1568 1563
f 1546 1547 1570
f 1546 1570 1568
f 1563 1569 1565
f 1563 1568 1569
f 1565 1569 1567
f 1568 1570 1571
f 1568 1571 1569
f 1569 1576 1573
f 1569 1571 1576
f 1573 1576 1575
f 2 1 4
f 2 4 8
f 2 8 6
f 6 8 5
f 63 64 68
f 63 66 64
f 64 65 68
f 64 66 65
f 65 66 69
f 65 69 68
f 67 78 69
f 68 69 79
f 68 79 82
f 69 78 80
f 69 80 79
f 63 68 149
f 79 83 82
f 81 111 83
f 68 82 415
f 82 83 112
f 83 111 112
f 63 149 147
f 112 225 114
f 68 415 149
f 82 112 415
f 112 114 415
f 142 143 145
f 142 144 143
f 143 146 145
f 143 144 146
f 144 148 146
f 142 145 164
f 144 150 148
f 145 147 164
f 144 170 150
f 144 166 170
f 147 149 164
f 113 443 114
f 149 415 150
f 149 168 164
f 149 150 168
f 150 169 168
f 150 170 169
f 148 150 418
f 164 168 169
f 164 169 165
f 165 169 167
f 167 169 171
f 166 422 170
f 167 171 423
f 169 170 171
f 165 167 427
f 170 428 171
f 202 203 204
f 203 205 204
f 63 208 66
f 67 69 209
f 69 216 209
f 208 209 215
f 79 80 210
f 81 83 212
f 79 210 83
f 78 218 80
f 78 211 218
f 80 218 210
f 83 220 212
f 83 210 222
f 83 222 220
f 211 212 217
f 211 217 218
f 212 219 217
f 212 220 219
f 210 218 221
f 210 221 222
f 202 244 203
f 202 204 247
f 204 205 248
f 66 259 69
f 203 254 205
f 209 216 215
f 66 208 256
f 69 241 216
f 208 215 256
f 69 253 241
f 217 221 218
f 217 219 221
f 219 223 221
f 221 223 224
f 111 228 112
f 112 228 225
f 111 226 228
f 226 227 229
f 225 228 229
f 225 229 231
f 226 229 228
f 113 114 230
f 114 225 231
f 114 231 230
f 227 232 229
f 229 232 233
f 229 598 231
f 229 233 598
f 230 231 606
f 232 612 233
f 234 235 600
f 234 601 236
f 234 236 235
f 236 602 237
f 235 236 237
f 235 237 603
f 219 220 616
f 221 617 222
f 219 616 223
f 221 224 617
f 220 222 633
f 223 637 224
f 202 243 244
f 204 248 247
f 202 250 243
f 202 247 251
f 202 251 250
f 205 254 248
f 66 256 259
f 69 257 253
f 69 259 257
f 203 244 254
f 215 240 256
f 240 241 252
f 241 253 252
f 240 252 256
f 243 250 260
f 252 255 256
f 262 812 263
f 250 264 260
f 262 266 813
f 266 267 813
f 267 269 828
f 271 276 274
f 272 274 275
f 263 823 269
f 271 825 276
f 274 276 275
f 270 830 271
f 275 276 705
f 279 280 282
f 279 310 280
f 280 284 282
f 280 311 284
f 277 281 283
f 282 284 313
f 277 283 278
f 277 278 285
f 278 286 285
f 278 292 286
f 287 289 294
f 287 288 290
f 287 290 289
f 289 290 297
f 288 298 290
f 281 291 293
f 285 286 291
f 278 283 292
f 281 293 283
f 283 293 292
f 286 292 293
f 286 293 291
f 294 296 295
f 288 295 298
f 289 297 296
f 289 296 294
f 296 297 298
f 290 298 297
f 295 296 298
f 299 301 645
f 299 300 302
f 299 302 301
f 301 302 648
f 300 649 302
f 303 304 309
f 304 306 312
f 304 312 309
f 303 305 307
f 305 315 316
f 303 307 304
f 304 307 306
f 306 316 312
f 306 307 316
f 305 316 307
f 279 308 310
f 308 313 314
f 280 310 311
f 308 314 310
f 310 314 311
f 284 311 314
f 284 314 313
f 309 312 315
f 312 316 315
f 317 319 322
f 317 318 321
f 317 321 319
f 319 320 324
f 319 321 320
f 318 325 321
f 321 325 320
f 322 324 323
f 318 323 325
f 319 324 322
f 320 325 324
f 323 324 325
f 410 413 411
f 410 411 412
f 410 414 413
f 410 412 414
f 412 417 414
f 411 413 424
f 412 419 417
f 150 415 418
f 114 445 415
f 148 418 416
f 413 416 424
f 412 430 419
f 412 426 430
f 416 418 424
f 415 419 418
f 415 441 419
f 114 443 445
f 418 428 424
f 418 419 428
f 419 429 428
f 419 430 429
f 417 419 440
f 415 444 441
f 419 441 440
f 415 445 447
f 415 457 444
f 166 424 422
f 170 422 428
f 167 423 427
f 171 431 423
f 165 427 425
f 171 428 429
f 171 429 431
f 422 424 428
f 423 431 427
f 425 429 430
f 425 431 429
f 425 430 426
f 425 427 431
f 415 458 457
f 415 447 480
f 442 444 455
f 445 607 447
f 444 457 455
f 446 479 447
f 415 489 458
f 415 480 489
f 447 479 481
f 447 481 480
f 456 458 489
f 482 488 484
f 480 483 489
f 483 484 490
f 456 489 491
f 483 490 489
f 484 488 490
f 489 490 493
f 489 493 492
f 489 492 491
f 491 492 494
f 490 494 493
f 493 494 492
f 552 553 554
f 556 554 553
f 554 556 561
f 554 561 559
f 559 558 557
f 559 561 558
f 230 606 605
f 231 598 606
f 233 613 598
f 233 612 613
f 598 610 606
f 598 613 610
f 234 599 601
f 234 600 599
f 235 603 600
f 599 602 601
f 236 601 602
f 599 604 602
f 599 600 604
f 600 603 604
f 237 602 604
f 237 604 603
f 443 606 445
f 445 606 607
f 443 605 606
f 446 447 609
f 447 607 611
f 608 609 611
f 606 610 607
f 607 610 611
f 447 611 609
f 608 611 610
f 608 613 612
f 608 610 613
f 220 631 616
f 222 617 633
f 223 616 637
f 224 638 617
f 220 633 631
f 224 637 638
f 616 631 632
f 617 634 633
f 616 632 637
f 617 638 634
f 480 481 620
f 480 620 483
f 482 484 622
f 483 620 484
f 479 633 481
f 479 621 633
f 481 633 620
f 484 635 622
f 484 620 636
f 484 636 635
f 621 622 631
f 621 631 633
f 622 632 631
f 620 633 634
f 620 634 636
f 622 635 632
f 623 624 625
f 624 626 625
f 488 629 490
f 491 494 630
f 490 629 641
f 494 642 630
f 629 630 641
f 632 636 634
f 632 635 636
f 632 638 637
f 632 634 638
f 623 625 1261
f 490 641 699
f 630 642 641
f 494 700 642
f 490 1267 494
f 624 1266 626
f 490 699 703
f 494 704 700
f 645 647 646
f 300 646 649
f 301 647 645
f 301 648 647
f 647 648 649
f 302 649 648
f 646 647 649
f 650 652 655
f 650 651 653
f 650 653 652
f 652 654 657
f 652 653 654
f 651 658 653
f 653 658 654
f 655 657 656
f 651 656 658
f 652 657 655
f 654 658 657
f 656 657 658
f 659 660 664
f 660 663 665
f 660 665 664
f 659 661 662
f 661 666 668
f 659 662 660
f 660 662 663
f 663 668 665
f 661 668 662
f 662 668 663
f 664 665 666
f 665 668 666
f 667 675 669
f 667 669 670
f 670 671 676
f 669 671 670
f 669 678 671
f 276 1201 706
f 667 674 675
f 669 675 678
f 674 676 679
f 671 678 679
f 674 679 675
f 675 679 678
f 671 679 676
f 677 681 682
f 677 682 680
f 677 680 683
f 680 684 683
f 680 686 684
f 683 684 685
f 681 685 687
f 680 682 686
f 682 687 686
f 684 686 687
f 684 687 685
f 681 687 682
f 688 690 692
f 688 689 691
f 688 691 690
f 690 691 695
f 689 696 691
f 692 694 693
f 689 693 696
f 690 694 692
f 690 695 694
f 693 694 696
f 694 695 696
f 691 696 695
f 276 706 705
f 490 703 705
f 494 1265 704
f 623 1322 624
f 490 705 706
f 490 706 1267
f 699 700 703
f 700 704 703
f 494 1271 1265
f 625 626 1323
f 494 1275 1271
f 714 780 715
f 714 715 1338
f 717 783 718
f 717 718 1342
f 718 784 1345
f 715 780 781
f 714 1579 780
f 780 1578 781
f 718 783 784
f 783 1582 784
f 262 811 812
f 262 813 811
f 267 817 813
f 267 828 817
f 813 817 816
f 813 819 811
f 813 816 819
f 816 820 819
f 811 837 834
f 811 819 837
f 263 812 823
f 269 823 828
f 270 824 830
f 271 830 825
f 276 825 827
f 824 826 829
f 823 812 828
f 824 829 830
f 825 830 832
f 826 827 831
f 825 832 827
f 826 831 829
f 827 832 831
f 847 849 851
f 849 850 852
f 849 852 851
f 276 827 1201
f 850 856 852
f 835 930 836
f 835 839 929
f 839 840 931
f 840 846 932
f 850 916 856
f 836 932 846
f 847 851 1048
f 847 1048 848
f 848 1053 850
f 855 856 915
f 824 1265 826
f 826 1264 827
f 859 865 860
f 859 860 861
f 859 862 865
f 860 866 861
f 859 861 864
f 862 863 867
f 859 864 862
f 862 864 863
f 863 864 868
f 861 868 864
f 860 865 866
f 865 867 866
f 861 866 868
f 862 867 865
f 863 868 867
f 866 867 868
f 869 871 875
f 869 870 873
f 869 873 874
f 869 875 870
f 870 875 877
f 871 876 875
f 869 874 871
f 871 874 872
f 871 872 876
f 872 880 876
f 870 877 873
f 873 877 880
f 873 880 874
f 872 874 880
f 875 876 877
f 876 880 877
f 878 883 879
f 878 879 885
f 878 881 883
f 878 886 881
f 881 884 883
f 881 882 884
f 881 886 882
f 879 883 887
f 883 884 887
f 882 889 884
f 878 885 886
f 879 887 885
f 885 887 889
f 882 886 889
f 885 889 886
f 888 891 892
f 884 889 887
f 888 892 890
f 888 894 893
f 888 893 891
f 888 890 894
f 893 894 897
f 894 896 897
f 890 896 894
f 890 895 896
f 890 892 895
f 895 898 896
f 896 898 897
f 891 893 897
f 891 897 898
f 891 898 892
f 892 898 895
f 899 903 900
f 899 901 904
f 899 900 902
f 899 902 901
f 901 902 906
f 900 908 902
f 899 904 903
f 903 904 905
f 904 907 905
f 900 903 905
f 900 905 908
f 901 906 907
f 901 907 904
f 906 908 907
f 902 908 906
f 905 907 908
f 909 911 1228
f 909 1229 910
f 909 910 912
f 909 912 911
f 911 912 1232
f 910 1233 912
f 851 855 1048
f 856 916 915
f 850 928 916
f 835 929 930
f 839 931 929
f 840 932 931
f 836 930 932
f 855 915 1048
f 850 1051 928
f 848 1048 1053
f 850 1053 1051
f 917 921 923
f 917 923 918
f 919 920 921
f 920 923 921
f 915 927 1048
f 929 931 932
f 929 932 930
f 927 928 1045
f 928 1051 1045
f 927 1045 1048
f 922 924 934
f 920 936 923
f 923 936 924
f 919 1064 920
f 933 934 935
f 919 933 1064
f 920 1064 936
f 924 1067 934
f 924 936 1068
f 933 935 1063
f 934 1067 935
f 924 1068 1067
f 933 1063 1064
f 936 1064 1065
f 935 1066 1063
f 935 1067 1066
f 936 1065 1069
f 936 1069 1068
f 918 923 1281
f 923 924 1281
f 917 918 1301
f 922 1303 924
f 937 940 942
f 937 942 938
f 939 941 940
f 939 940 943
f 940 945 943
f 940 941 942
f 939 1083 941
f 941 944 942
f 942 944 946
f 939 943 1082
f 939 1082 1083
f 941 1083 944
f 945 946 1085
f 943 945 1085
f 944 1086 946
f 946 1086 1085
f 947 948 1282
f 947 949 950
f 947 950 948
f 948 950 1284
f 949 1286 950
f 937 1289 940
f 940 1289 945
f 938 942 1290
f 942 946 1290
f 937 938 1291
f 945 1293 946
f 984 983 986
f 987 984 986
f 984 987 992
f 984 992 989
f 989 991 988
f 989 992 991
f 1045 1046 1047
f 1045 1051 1046
f 1047 1046 1052
f 1045 1047 1050
f 1047 1052 1054
f 1045 1050 1048
f 1048 1050 1049
f 1048 1049 1053
f 1047 1054 1050
f 1050 1054 1049
f 1046 1051 1052
f 1049 1054 1053
f 1051 1053 1064
f 1053 1054 1065
f 1051 1064 1063
f 1053 1065 1064
f 1054 1069 1065
f 1052 1095 1054
f 1051 1364 1052
f 1051 1063 1364
f 1067 1068 1083
f 1068 1069 1083
f 1054 1365 1069
f 1067 1083 1082
f 1063 1066 1364
f 1054 1095 1097
f 943 1084 1082
f 943 1085 1084
f 1067 1364 1066
f 944 1083 1086
f 1052 1364 1095
f 1067 1082 1364
f 1054 1097 1365
f 1069 1365 1083
f 1082 1084 1364
f 1084 1085 1364
f 1083 1365 1086
f 1087 1090 1089
f 1087 1088 1090
f 1089 1090 1091
f 1088 1091 1090
f 1088 1093 1091
f 1092 1096 1093
f 1092 1095 1096
f 1091 1093 1096
f 1087 1089 1103
f 1091 1096 1098
f 1087 1103 1092
f 1085 1086 1426
f 1095 1364 1096
f 1097 1098 1365
f 1091 1098 1101
f 1092 1103 1095
f 1091 1101 1104
f 1095 1103 1097
f 1097 1100 1098
f 1097 1099 1100
f 1098 1100 1101
f 1097 1103 1099
f 1096 1366 1098
f 1100 1102 1101
f 1099 1103 1100
f 1100 1103 1105
f 1100 1105 1106
f 1100 1106 1102
f 1101 1385 1104
f 1102 1106 1386
f 1101 1102 1388
f 1105 1395 1106
f 827 1264 1201
f 1202 1207 1203
f 1202 1204 1206
f 1202 1203 1205
f 1202 1205 1204
f 1204 1205 1210
f 1203 1211 1205
f 1202 1206 1207
f 1207 1206 1208
f 1206 1209 1208
f 1203 1207 1208
f 1203 1208 1211
f 1204 1209 1206
f 1204 1210 1209
f 1210 1211 1209
f 1205 1211 1210
f 1208 1209 1211
f 1212 1216 1219
f 1212 1219 1213
f 1214 1217 1250
f 1214 1252 1215
f 1215 1252 1220
f 1214 1218 1217
f 1217 1218 1254
f 1214 1215 1218
f 1218 1221 1254
f 1215 1220 1221
f 1215 1221 1218
f 1220 1255 1221
f 1212 1213 1222
f 1212 1222 1223
f 1212 1223 1216
f 1222 1226 1223
f 1222 1224 1226
f 1213 1224 1222
f 1213 1225 1224
f 1213 1219 1225
f 1224 1225 1227
f 1224 1227 1226
f 1216 1223 1226
f 1216 1226 1227
f 1216 1227 1219
f 1219 1227 1225
f 909 1228 1229
f 1228 1231 1230
f 1228 1230 1229
f 910 1229 1230
f 910 1230 1233
f 911 1231 1228
f 911 1232 1231
f 1230 1231 1233
f 1231 1232 1233
f 912 1233 1232
f 1234 1244 1235
f 1234 1235 1236
f 1234 1237 1244
f 1234 1236 1239
f 1235 1245 1236
f 1234 1239 1237
f 1237 1238 1246
f 1237 1239 1238
f 1236 1247 1239
f 1238 1239 1247
f 1240 1241 1248
f 1240 1248 1249
f 1240 1251 1241
f 1241 1251 1256
f 1240 1242 1251
f 1240 1249 1242
f 1242 1249 1243
f 1242 1243 1253
f 1242 1253 1251
f 1243 1257 1253
f 1235 1244 1245
f 1244 1246 1245
f 1236 1245 1247
f 1237 1246 1244
f 1238 1247 1246
f 1245 1246 1247
f 1241 1256 1248
f 1248 1256 1257
f 1248 1257 1249
f 1243 1249 1257
f 1214 1250 1252
f 1251 1253 1256
f 1253 1257 1256
f 1217 1254 1250
f 1250 1254 1255
f 1220 1252 1255
f 1250 1255 1252
f 1221 1255 1254
f 826 1263 1264
f 826 1265 1263
f 706 1201 1264
f 623 1261 1321
f 625 1323 1261
f 706 1264 1267
f 494 1312 1275
f 624 1322 1266
f 626 1266 1324
f 494 1267 1466
f 1263 1270 1264
f 1263 1265 1270
f 1265 1271 1270
f 494 1320 1312
f 1264 1270 1274
f 623 1321 1322
f 494 1463 1320
f 1264 1461 1267
f 494 1466 1463
f 1264 1274 1311
f 626 1324 1323
f 1264 1311 1319
f 1274 1275 1311
f 918 1281 1302
f 924 1305 1281
f 918 1302 1301
f 924 1303 1305
f 1281 1306 1302
f 1281 1305 1306
f 1282 1283 1285
f 948 1283 1282
f 948 1284 1283
f 1283 1286 1285
f 1283 1284 1286
f 949 1285 1286
f 950 1286 1284
f 937 1291 1289
f 945 1289 1293
f 938 1290 1292
f 946 1294 1290
f 938 1292 1291
f 946 1293 1294
f 1289 1291 1295
f 1289 1295 1293
f 1290 1297 1292
f 1290 1294 1297
f 1291 1292 1295
f 1292 1297 1295
f 1293 1426 1294
f 1293 1299 1425
f 1293 1425 1426
f 1294 1426 1300
f 1295 1297 1296
f 1293 1295 1299
f 1295 1296 1299
f 1296 1298 1428
f 1296 1297 1298
f 1294 1300 1297
f 1297 1300 1298
f 1296 1428 1299
f 1298 1300 1429
f 1298 1429 1428
f 1301 1302 1304
f 1302 1306 1304
f 1304 1306 1307
f 1306 1308 1307
f 1275 1312 1311
f 1264 1319 1459
f 1261 1323 1321
f 1266 1322 1324
f 1264 1459 1461
f 1267 1461 1466
f 1305 1316 1306
f 1306 1316 1308
f 1307 1308 1314
f 1313 1314 1315
f 1303 1449 1305
f 1303 1313 1449
f 1305 1449 1316
f 1308 1451 1314
f 1308 1316 1454
f 1313 1315 1447
f 1314 1451 1315
f 1308 1454 1451
f 1313 1447 1449
f 1315 1448 1447
f 1315 1452 1448
f 1316 1449 1450
f 1316 1450 1455
f 1315 1451 1452
f 1316 1455 1454
f 1321 1323 1324
f 1321 1324 1322
f 1319 1320 1459
f 1320 1463 1459
f 714 1338 1339
f 715 1340 1338
f 1338 1340 1339
f 714 1339 1579
f 1339 1340 1580
f 717 1342 1344
f 718 1345 1342
f 1342 1345 1344
f 1344 1345 1584
f 1356 1357 1358
f 1356 1358 1359
f 1358 1360 1359
f 1357 1360 1358
f 1357 1362 1360
f 1361 1367 1362
f 1361 1366 1367
f 1360 1362 1367
f 1356 1359 1392
f 1360 1367 1369
f 1356 1392 1361
f 1085 1425 1364
f 1096 1364 1366
f 1086 1365 1426
f 1098 1368 1365
f 1098 1366 1368
f 1364 1367 1366
f 1365 1368 1369
f 1085 1426 1425
f 1360 1369 1390
f 1361 1392 1366
f 1360 1390 1394
f 1366 1392 1368
f 1368 1389 1369
f 1368 1388 1389
f 1369 1389 1390
f 1368 1392 1388
f 1364 1425 1427
f 1365 1429 1426
f 1102 1389 1388
f 1102 1391 1389
f 1101 1388 1385
f 1104 1385 1392
f 1102 1386 1391
f 1106 1395 1386
f 1105 1393 1395
f 1385 1388 1392
f 1386 1395 1391
f 1389 1393 1390
f 1389 1391 1393
f 1390 1393 1394
f 1391 1395 1393
f 1364 1427 1448
f 1364 1460 1367
f 1365 1450 1429
f 1365 1369 1462
f 1299 1427 1425
f 1299 1428 1427
f 1300 1426 1429
f 1367 1460 1369
f 1427 1428 1448
f 1428 1429 1449
f 1428 1447 1448
f 1428 1449 1447
f 1364 1448 1460
f 1429 1450 1449
f 1365 1462 1450
f 1448 1452 1453
f 1451 1453 1452
f 1369 1460 1462
f 1451 1459 1453
f 1448 1453 1460
f 1451 1454 1461
f 1454 1455 1461
f 1450 1462 1455
f 1451 1461 1459
f 1453 1459 1460
f 1455 1462 1461
f 1459 1464 1460
f 1461 1462 1467
f 1459 1463 1464
f 1463 1465 1464
f 1460 1464 1465
f 1463 1466 1465
f 1460 1465 1468
f 1461 1467 1466
f 1466 1467 1468
f 1460 1468 1462
f 1462 1468 1467
f 1465 1466 1468
f 1553 1556 1554
f 1554 1556 1560
f 1554 1560 1558
f 1558 1560 1557
f 780 1579 1578
f 781 1578 1580
f 1578 1579 1580
f 1339 1580 1579
f 784 1584 1345
f 783 1583 1582
f 784 1582 1584
f 1582 1583 1584
f 1344 1584 1583
f 9 10 12
f 9 11 10
f 11 13 10
f 10 13 12
f 14 15 17
f 14 17 16
f 15 18 17
f 17 18 16
f 14 338 15
f 15 339 18
f 14 16 340
f 16 18 342
f 9 355 11
f 12 13 347
f 11 347 13
f 9 12 370
f 14 340 338
f 15 338 339
f 16 342 340
f 18 339 342
f 51 398 52
f 186 380 188
f 186 187 378
f 187 189 379
f 188 381 189
f 190 191 382
f 191 525 383
f 194 196 384
f 194 385 195
f 196 197 386
f 195 388 197
f 198 200 391
f 198 392 199
f 200 201 393
f 199 394 201
f 11 344 347
f 11 355 344
f 12 347 366
f 12 366 367
f 12 367 371
f 9 370 355
f 12 371 372
f 12 372 375
f 12 375 370
f 338 341 339
f 338 340 341
f 339 341 342
f 341 340 342
f 349 350 367
f 344 355 349
f 349 355 350
f 355 370 362
f 350 355 356
f 356 357 372
f 355 357 356
f 355 363 357
f 355 362 363
f 363 362 375
f 349 367 366
f 356 372 371
f 362 370 375
f 186 378 380
f 187 379 378
f 189 381 379
f 188 380 381
f 190 382 721
f 191 383 382
f 194 384 385
f 195 385 388
f 384 387 385
f 196 386 384
f 197 388 386
f 384 386 387
f 385 387 388
f 387 386 388
f 198 391 392
f 199 392 394
f 200 393 391
f 201 394 393
f 51 397 398
f 190 721 524
f 524 722 525
f 536 537 723
f 536 725 538
f 537 539 724
f 538 726 539
f 549 550 562
f 549 551 550
f 550 551 563
f 550 563 562
f 571 572 574
f 571 574 575
f 575 574 576
f 572 576 574
f 571 730 572
f 572 731 576
f 571 575 733
f 575 576 734
f 549 562 738
f 549 757 551
f 562 563 740
f 551 768 563
f 571 733 730
f 572 730 731
f 575 734 733
f 576 731 734
f 707 709 771
f 707 772 708
f 709 710 774
f 708 775 710
f 711 719 777
f 711 778 712
f 719 720 785
f 712 786 720
f 524 721 722
f 525 722 383
f 537 724 723
f 536 723 725
f 539 726 724
f 538 725 726
f 549 738 757
f 562 740 738
f 563 760 740
f 563 761 760
f 563 764 761
f 551 757 768
f 563 765 764
f 563 767 765
f 563 768 767
f 730 732 731
f 730 733 732
f 733 734 732
f 731 732 734
f 745 760 746
f 738 745 757
f 745 746 757
f 751 764 752
f 746 751 757
f 751 752 757
f 752 755 757
f 755 767 756
f 755 756 757
f 756 768 757
f 746 760 761
f 752 764 765
f 756 767 768
f 707 771 772
f 708 772 775
f 771 773 772
f 709 774 771
f 710 775 774
f 771 774 773
f 774 775 773
f 772 773 775
f 711 777 778
f 712 778 786
f 719 785 777
f 720 786 785
f 796 800 1138
f 796 1139 797
f 800 801 1140
f 797 1141 801
f 806 808 1143
f 806 1144 807
f 808 809 1146
f 807 1147 809
f 967 969 971
f 967 968 969
f 969 968 972
f 969 972 971
f 967 1151 968
f 968 1152 972
f 967 971 1154
f 971 972 1155
f 981 982 999
f 981 999 998
f 998 999 1000
f 982 1000 999
f 967 1154 1151
f 968 1151 1152
f 971 1155 1154
f 972 1152 1155
f 981 1159 982
f 981 998 1168
f 982 1161 1000
f 998 1000 1181
f 1114 1497 1115
f 1132 1133 1193
f 1132 1195 1134
f 1133 1135 1194
f 1134 1196 1135
f 1136 1137 1197
f 1137 1514 1198
f 796 1138 1139
f 797 1139 1141
f 800 1140 1138
f 801 1141 1140
f 806 1143 1144
f 807 1144 1147
f 1143 1146 1145
f 1143 1145 1144
f 1145 1147 1144
f 808 1146 1143
f 809 1147 1146
f 1145 1146 1147
f 1151 1154 1153
f 1151 1153 1152
f 1153 1155 1152
f 1153 1154 1155
f 982 1159 1161
f 981 1164 1159
f 981 1165 1164
f 981 1169 1165
f 1000 1161 1181
f 981 1170 1169
f 981 1173 1170
f 981 1168 1173
f 998 1181 1168
f 1164 1165 1176
f 1169 1170 1183
f 1168 1188 1173
f 1164 1176 1175
f 1161 1175 1181
f 1175 1176 1181
f 1168 1181 1188
f 1176 1182 1181
f 1169 1183 1182
f 1181 1182 1183
f 1181 1183 1189
f 1181 1189 1188
f 1173 1188 1189
f 1133 1194 1193
f 1132 1193 1195
f 1135 1196 1194
f 1134 1195 1196
f 1136 1197 1598
f 1137 1198 1197
f 1347 1349 1586
f 1347 1587 1348
f 1349 1350 1588
f 1348 1589 1350
f 1351 1353 1592
f 1351 1594 1352
f 1353 1354 1595
f 1352 1596 1354
f 1114 1496 1497
f 1136 1598 1513
f 1513 1599 1514
f 1524 1525 1600
f 1524 1602 1526
f 1526 1603 1527
f 1525 1527 1601
f 1541 1543 1542
f 1541 1542 1544
f 1543 1545 1542
f 1542 1545 1544
f 1541 1605 1543
f 1543 1607 1545
f 1541 1544 1608
f 1544 1545 1609
f 1548 1549 1551
f 1548 1551 1550
f 1551 1552 1550
f 1549 1552 1551
f 1541 1608 1605
f 1543 1605 1607
f 1544 1609 1608
f 1545 1607 1609
f 1548 1550 1614
f 1548 1614 1549
f 1549 1628 1552
f 1550 1552 1645
f 1347 1586 1587
f 1348 1587 1589
f 1349 1588 1586
f 1350 1589 1588
f 1351 1592 1594
f 1352 1594 1596
f 1592 1593 1594
f 1592 1595 1593
f 1594 1593 1596
f 1353 1595 1592
f 1354 1596 1595
f 1593 1595 1596
f 1513 1598 1599
f 1514 1599 1198
f 1525 1601 1600
f 1524 1600 1602
f 1526 1602 1603
f 1527 1603 1601
f 1605 1606 1607
f 1605 1608 1606
f 1607 1606 1609
f 1606 1608 1609
f 1549 1614 1620
f 1549 1620 1621
f 1549 1621 1624
f 1550 1617 1614
f 1550 1645 1617
f 1549 1624 1625
f 1549 1625 1627
f 1549 1627 1628
f 1552 1628 1645
f 1620 1633 1621
f 1624 1639 1625
f 1627 1644 1628
f 1621 1633 1634
f 1617 1645 1633
f 1633 1645 1634
f 1625 1639 1640
f 1634 1645 1639
f 1639 1645 1640
f 1640 1645 1643
f 1627 1643 1644
f 1644 1643 1645
f 1628 1644 1645
f 1 2 6
f 1 3 4
f 1 5 3
f 3 7 4
f 1 6 5
f 3 5 7
f 7 8 4
f 7 5 8
f 115 116 118
f 115 117 116
f 115 118 120
f 118 119 122
f 115 120 125
f 125 120 121
f 118 122 120
f 115 156 117
f 115 125 124
f 115 124 126
f 124 125 126
f 115 126 153
f 115 151 154
f 115 153 152
f 115 152 151
f 161 119 117
f 115 154 156
f 161 122 119
f 161 123 122
f 117 156 157
f 161 117 157
f 125 161 162
f 125 121 123
f 125 123 161
f 125 162 126
f 153 126 162
f 153 155 152
f 155 158 154
f 153 158 155
f 154 158 156
f 153 161 158
f 161 159 158
f 153 160 161
f 153 162 160
f 160 162 161
f 161 157 159
f 329 962 964
f 329 964 332
f 332 965 963
f 332 964 965
f 336 343 337
f 336 337 377
f 343 377 337
f 336 378 379
f 336 380 378
f 336 382 380
f 336 721 382
f 380 382 381
f 336 723 721
f 381 382 383
f 336 379 729
f 336 377 727
f 336 729 343
f 343 735 377
f 389 390 396
f 389 395 390
f 389 392 391
f 389 391 1142
f 393 394 1139
f 389 1142 395
f 389 1150 392
f 390 395 396
f 389 396 1150
f 395 1149 396
f 552 555 553
f 555 556 553
f 552 557 555
f 552 554 559
f 555 560 556
f 552 559 557
f 555 557 560
f 560 557 558
f 560 558 561
f 560 561 556
f 336 727 723
f 721 723 722
f 722 723 724
f 729 379 381
f 729 381 383
f 729 383 722
f 377 735 727
f 727 725 723
f 727 726 725
f 729 722 724
f 729 724 726
f 343 729 735
f 727 729 726
f 727 728 729
f 727 735 728
f 729 728 735
f 769 787 770
f 769 1577 787
f 769 770 776
f 776 770 787
f 769 782 779
f 769 776 782
f 769 779 1581
f 776 787 1597
f 776 777 782
f 776 778 777
f 777 785 782
f 782 785 1585
f 776 1591 778
f 785 786 1587
f 329 958 962
f 332 963 961
f 962 958 964
f 963 965 961
f 958 961 965
f 958 965 964
f 983 984 989
f 983 985 986
f 985 987 986
f 983 988 985
f 985 990 987
f 983 989 988
f 985 988 990
f 990 992 987
f 990 988 991
f 990 991 992
f 1142 391 393
f 393 1139 1138
f 1142 393 1138
f 1142 1138 1140
f 1142 1140 1141
f 1150 394 392
f 1150 1139 394
f 1150 1141 1139
f 1142 1141 1150
f 395 1142 1149
f 1142 1150 1148
f 1142 1148 1149
f 396 1149 1150
f 1148 1150 1149
f 1156 1158 1192
f 1156 1157 1158
f 1156 1193 1157
f 1157 1192 1158
f 1156 1192 1604
f 1156 1195 1193
f 1156 1197 1195
f 1157 1193 1194
f 1156 1598 1197
f 1156 1600 1598
f 1156 1602 1600
f 1195 1197 1196
f 1196 1197 1198
f 1157 1194 1610
f 1157 1612 1192
f 1397 1400 1398
f 1397 1398 1399
f 1397 1399 1402
f 1399 1401 1403
f 1397 1402 1404
f 1399 1403 1402
f 1404 1402 1405
f 1404 1405 1406
f 1397 1404 1407
f 1397 1407 1408
f 1407 1404 1408
f 1397 1433 1431
f 1397 1430 1433
f 1397 1435 1400
f 1401 1400 1435
f 1401 1435 1403
f 1403 1435 1406
f 1397 1431 1432
f 1397 1432 1435
f 1404 1406 1435
f 1404 1435 1437
f 1397 1408 1430
f 1432 1434 1436
f 1430 1434 1433
f 1430 1439 1434
f 1432 1436 1435
f 1439 1436 1434
f 1404 1437 1439
f 1439 1437 1438
f 1439 1438 1436
f 1404 1439 1441
f 1430 1440 1439
f 1430 1441 1440
f 1440 1441 1439
f 1404 1441 1408
f 1430 1408 1441
f 1553 1555 1556
f 1553 1557 1555
f 1553 1554 1558
f 1555 1559 1556
f 1553 1558 1557
f 1555 1557 1559
f 1559 1557 1560
f 1559 1560 1556
f 769 1591 1577
f 787 1577 1597
f 1577 1590 1597
f 769 1581 1591
f 785 1586 1585
f 1591 786 778
f 785 1587 1586
f 1581 1585 1588
f 1586 1588 1585
f 1591 1587 786
f 1591 1581 1588
f 1591 1589 1587
f 1591 1588 1589
f 776 1597 1591
f 1577 1591 1590
f 1591 1597 1590
f 1156 1604 1610
f 1192 1612 1604
f 1156 1610 1602
f 1610 1194 1196
f 1598 1600 1599
f 1610 1196 1198
f 1599 1600 1601
f 1610 1198 1599
f 1157 1610 1612
f 1610 1599 1601
f 1610 1601 1603
f 1610 1603 1602
f 1604 1612 1611
f 1604 1611 1610
f 1610 1611 1612
f 39 41 40
f 40 41 42
f 87 89 88
f 88 89 90
f 91 92 94
f 91 94 93
f 91 469 92
f 93 94 470
f 92 515 94
f 92 469 471
f 92 471 472
f 177 178 180
f 177 180 179
f 177 521 178
f 179 180 522
f 178 535 180
f 39 40 803
f 41 804 42
f 40 42 1012
f 87 88 857
f 89 858 90
f 88 90 1072
f 91 512 469
f 93 470 514
f 94 515 470
f 92 472 515
f 469 475 471
f 469 513 475
f 472 476 515
f 469 512 513
f 475 513 476
f 470 515 514
f 476 513 515
f 512 514 513
f 513 514 515
f 516 518 517
f 517 518 519
f 177 532 521
f 178 521 533
f 179 522 534
f 180 535 522
f 178 533 535
f 521 532 533
f 522 535 534
f 532 534 533
f 533 534 535
f 583 586 584
f 584 586 585
f 585 586 587
f 516 517 1276
f 518 1277 519
f 516 1490 518
f 583 584 1333
f 586 1334 587
f 583 1566 586
f 39 803 1011
f 40 1012 803
f 41 1013 804
f 42 804 1014
f 42 1014 1012
f 803 1012 1011
f 804 1013 1014
f 87 857 1071
f 88 1072 857
f 89 1073 858
f 90 858 1074
f 90 1074 1072
f 857 1072 1071
f 858 1073 1074
f 1011 1012 1014
f 1011 1014 1013
f 1019 1020 1022
f 1019 1022 1021
f 1020 1023 1022
f 1022 1023 1021
f 1017 1024 1018
f 1018 1024 1025
f 1020 1027 1023
f 1019 1021 1028
f 1021 1023 1030
f 1019 1028 1026
f 1023 1027 1030
f 1021 1030 1028
f 1026 1029 1027
f 1026 1028 1029
f 1027 1029 1030
f 1029 1028 1030
f 1071 1072 1074
f 1071 1074 1073
f 1075 1076 1078
f 1075 1078 1077
f 1075 1443 1076
f 1077 1078 1444
f 1075 1077 1484
f 1119 1120 1122
f 1119 1122 1121
f 1119 1508 1120
f 1121 1122 1509
f 1119 1121 1516
f 516 1276 1488
f 517 1489 1276
f 518 1490 1277
f 519 1277 1491
f 516 1488 1490
f 1276 1489 1488
f 1277 1490 1491
f 583 1333 1564
f 584 1565 1333
f 586 1566 1334
f 587 1334 1567
f 583 1564 1566
f 1333 1565 1564
f 1334 1566 1567
f 1075 1484 1443
f 1076 1443 1485
f 1077 1444 1486
f 1078 1487 1444
f 1077 1486 1484
f 1443 1484 1485
f 1444 1487 1486
f 1484 1486 1485
f 1485 1486 1487
f 1488 1489 1491
f 1488 1491 1490
f 1119 1516 1508
f 1120 1508 1517
f 1121 1509 1518
f 1122 1519 1509
f 1121 1518 1516
f 1508 1516 1517
f 1509 1519 1518
f 1516 1518 1517
f 1517 1518 1519
f 1564 1565 1567
f 1564 1567 1566
f 27 43 28
f 28 43 44
f 34 36 35
f 35 36 37
f 85 86 193
f 85 193 192
f 85 467 86
f 86 548 193
f 181 182 185
f 181 185 184
f 181 523 182
f 184 185 526
f 182 544 185
f 192 193 546
f 27 28 793
f 28 44 980
f 34 35 798
f 36 799 37
f 43 805 44
f 35 37 1007
f 85 510 467
f 86 467 511
f 86 511 548
f 467 510 511
f 510 547 511
f 511 547 548
f 181 540 523
f 182 523 541
f 184 526 543
f 185 544 526
f 182 541 544
f 523 540 541
f 526 544 543
f 540 543 541
f 541 543 544
f 192 546 547
f 193 548 546
f 546 548 547
f 567 580 568
f 568 580 569
f 569 580 581
f 592 594 593
f 593 594 595
f 567 568 1328
f 567 1561 580
f 580 1331 581
f 592 593 1336
f 594 1337 595
f 592 1574 594
f 27 793 979
f 28 980 793
f 44 1016 980
f 793 980 979
f 34 798 1006
f 35 1007 798
f 36 1008 799
f 37 799 1009
f 37 1009 1007
f 43 1015 805
f 44 805 1016
f 798 1007 1006
f 799 1008 1009
f 805 1015 1016
f 979 980 1016
f 979 1016 1015
f 1006 1007 1009
f 1006 1009 1008
f 1080 1081 1117
f 1080 1117 1116
f 1080 1446 1081
f 1080 1116 1493
f 1116 1117 1504
f 1127 1128 1130
f 1127 1130 1129
f 1127 1511 1128
f 1129 1130 1512
f 1127 1129 1528
f 567 1328 1536
f 568 1537 1328
f 567 1536 1561
f 1328 1537 1536
f 580 1561 1331
f 581 1331 1562
f 592 1336 1572
f 593 1573 1336
f 594 1574 1337
f 595 1337 1575
f 592 1572 1574
f 1331 1561 1562
f 1336 1573 1572
f 1337 1574 1575
f 1080 1493 1446
f 1081 1446 1494
f 1116 1506 1493
f 1446 1493 1494
f 1493 1506 1494
f 1494 1506 1507
f 1116 1504 1506
f 1117 1507 1504
f 1504 1507 1506
f 1127 1528 1511
f 1128 1511 1529
f 1129 1512 1530
f 1130 1531 1512
f 1129 1530 1528
f 1511 1528 1529
f 1512 1531 1530
f 1528 1530 1529
f 1529 1530 1531
f 1536 1537 1562
f 1536 1562 1561
f 1572 1573 1575
f 1572 1575 1574
f 55 57 58
f 55 56 57
f 58 57 59
f 56 59 57
f 55 70 56
f 56 71 59
f 58 59 73
f 56 70 71
f 58 73 72
f 59 71 73
f 70 74 71
f 72 73 75
f 70 76 74
f 71 74 76
f 70 72 77
f 72 75 77
f 70 77 76
f 71 76 73
f 73 77 75
f 73 76 77
f 95 109 98
f 95 107 109
f 96 97 99
f 97 101 99
f 95 98 99
f 95 99 101
f 98 109 110
f 98 100 99
f 98 103 100
f 100 103 102
f 98 110 103
f 102 103 105
f 103 110 104
f 95 101 130
f 101 102 108
f 102 105 108
f 105 106 108
f 95 127 107
f 107 139 109
f 107 127 139
f 95 133 127
f 101 108 130
f 106 136 108
f 95 130 132
f 95 132 133
f 108 131 130
f 108 134 131
f 108 135 134
f 108 136 135
f 109 139 110
f 104 110 106
f 106 110 140
f 110 139 140
f 106 140 136
f 96 99 116
f 96 117 97
f 99 100 116
f 100 102 118
f 97 119 101
f 101 119 102
f 103 104 120
f 103 122 105
f 104 106 121
f 105 123 106
f 96 116 117
f 97 117 119
f 100 118 116
f 102 119 118
f 103 120 122
f 104 121 120
f 106 123 121
f 105 122 123
f 127 140 139
f 128 129 130
f 129 132 130
f 127 133 140
f 132 134 133
f 134 137 133
f 134 135 137
f 133 137 140
f 137 138 140
f 136 140 138
f 128 130 151
f 128 152 129
f 130 131 151
f 131 134 154
f 129 155 132
f 132 155 134
f 135 136 156
f 135 158 137
f 136 138 157
f 137 159 138
f 128 151 152
f 129 152 155
f 131 154 151
f 134 155 154
f 135 156 158
f 136 157 156
f 138 159 157
f 137 158 159
f 141 142 163
f 141 409 142
f 142 409 144
f 144 411 166
f 141 163 420
f 142 164 163
f 163 164 421
f 164 165 421
f 141 408 409
f 141 420 408
f 144 409 411
f 408 412 409
f 409 412 411
f 408 426 412
f 408 420 426
f 166 411 424
f 163 421 420
f 165 425 421
f 420 421 426
f 421 425 426
f 432 435 433
f 432 433 434
f 432 434 438
f 433 437 434
f 433 435 436
f 432 440 435
f 433 436 448
f 433 448 437
f 436 451 448
f 436 439 451
f 432 438 440
f 434 437 438
f 437 453 438
f 439 454 451
f 435 459 436
f 436 460 439
f 435 440 441
f 435 441 461
f 439 460 442
f 448 451 449
f 437 448 450
f 448 449 450
f 449 453 450
f 449 452 453
f 449 451 452
f 437 450 453
f 451 454 455
f 452 464 453
f 451 463 452
f 451 455 457
f 453 464 456
f 451 457 465
f 436 459 460
f 435 461 459
f 442 460 444
f 441 444 462
f 444 460 462
f 441 462 461
f 459 475 460
f 460 463 462
f 459 461 474
f 462 463 465
f 461 462 477
f 452 463 464
f 451 465 463
f 456 464 458
f 457 458 466
f 458 464 466
f 457 466 465
f 460 475 463
f 463 475 464
f 464 475 466
f 462 465 477
f 465 466 477
f 459 474 471
f 471 474 472
f 472 474 473
f 459 471 475
f 472 473 476
f 473 474 477
f 461 477 474
f 473 477 476
f 466 475 476
f 466 476 477
f 495 499 498
f 495 497 499
f 499 497 500
f 499 500 498
f 495 502 497
f 495 498 501
f 498 500 503
f 495 501 502
f 498 503 501
f 500 504 503
f 501 505 502
f 503 504 506
f 501 507 505
f 502 505 507
f 501 503 508
f 503 506 508
f 501 508 507
f 502 507 504
f 504 508 506
f 504 507 508
f 713 715 781
f 713 1340 715
f 713 779 716
f 716 782 717
f 716 717 1346
f 713 781 779
f 781 1581 779
f 716 779 782
f 717 782 783
f 783 782 1583
f 993 994 996
f 993 996 995
f 996 997 995
f 994 997 996
f 993 1018 994
f 994 1032 997
f 993 995 1033
f 995 997 1035
f 993 1017 1018
f 995 1020 1019
f 994 1018 1025
f 995 1019 1026
f 993 1031 1017
f 994 1025 1032
f 995 1035 1020
f 995 1026 1033
f 993 1033 1031
f 997 1032 1035
f 1017 1031 1024
f 1024 1031 1025
f 1020 1035 1027
f 1026 1027 1033
f 1025 1031 1032
f 1031 1034 1032
f 1027 1035 1033
f 1031 1033 1034
f 1034 1033 1035
f 1032 1034 1035
f 1036 1038 1037
f 1036 1037 1039
f 1039 1037 1041
f 1038 1041 1037
f 1036 1056 1038
f 1038 1058 1041
f 1039 1041 1057
f 1036 1055 1056
f 1038 1056 1058
f 1041 1058 1057
f 1055 1059 1056
f 1057 1058 1060
f 1055 1057 1061
f 1055 1061 1059
f 1057 1062 1061
f 1056 1059 1061
f 1056 1062 1058
f 1056 1061 1062
f 1057 1060 1062
f 1058 1062 1060
f 1089 1091 1355
f 1089 1355 1094
f 1089 1094 1107
f 1089 1107 1103
f 1091 1104 1392
f 1094 1396 1107
f 1103 1387 1105
f 1103 1107 1387
f 713 1341 1340
f 1340 1341 1581
f 717 1344 1346
f 1341 1346 1585
f 1344 1583 1346
f 1091 1359 1355
f 1091 1392 1359
f 1355 1359 1360
f 1355 1360 1363
f 1360 1394 1363
f 1094 1355 1363
f 1094 1363 1396
f 1363 1394 1396
f 1371 1373 1375
f 1370 1372 1378
f 1370 1378 1371
f 1372 1379 1378
f 1372 1381 1379
f 1371 1374 1373
f 1371 1378 1374
f 1374 1377 1376
f 1374 1378 1377
f 1378 1379 1377
f 1379 1381 1382
f 1381 1383 1382
f 1373 1374 1399
f 1373 1398 1375
f 1375 1400 1376
f 1374 1376 1401
f 1377 1379 1405
f 1377 1402 1380
f 1380 1403 1381
f 1381 1403 1383
f 1379 1382 1405
f 1382 1383 1406
f 1373 1399 1398
f 1375 1398 1400
f 1374 1401 1399
f 1376 1400 1401
f 1377 1405 1402
f 1380 1402 1403
f 1382 1406 1405
f 1383 1403 1406
f 1105 1387 1393
f 1387 1394 1393
f 1387 1396 1394
f 1107 1396 1387
f 1370 1371 1409
f 1371 1375 1414
f 1371 1410 1409
f 1371 1414 1410
f 1410 1414 1416
f 1370 1411 1372
f 1370 1409 1411
f 1372 1411 1413
f 1372 1419 1381
f 1375 1376 1412
f 1376 1377 1412
f 1377 1380 1412
f 1380 1381 1412
f 1372 1421 1419
f 1375 1412 1414
f 1381 1419 1412
f 1409 1413 1411
f 1372 1413 1422
f 1409 1410 1413
f 1372 1422 1421
f 1412 1415 1414
f 1412 1418 1415
f 1412 1419 1418
f 1410 1422 1413
f 1410 1416 1417
f 1415 1418 1417
f 1410 1417 1422
f 1417 1418 1420
f 1417 1420 1422
f 1420 1421 1422
f 1419 1421 1423
f 1421 1424 1423
f 1414 1415 1432
f 1414 1431 1416
f 1416 1433 1417
f 1415 1417 1434
f 1418 1419 1437
f 1418 1435 1420
f 1420 1436 1421
f 1421 1436 1424
f 1419 1423 1437
f 1423 1424 1438
f 1414 1432 1431
f 1416 1431 1433
f 1415 1434 1432
f 1417 1433 1434
f 1418 1437 1435
f 1420 1435 1436
f 1423 1438 1437
f 1424 1436 1438
f 1469 1471 1472
f 1469 1470 1471
f 1471 1473 1472
f 1471 1470 1473
f 1469 1475 1470
f 1469 1472 1477
f 1472 1473 1478
f 1469 1477 1475
f 1470 1475 1476
f 1472 1478 1477
f 1475 1479 1476
f 1477 1478 1480
f 1475 1477 1481
f 1475 1481 1479
f 1477 1482 1481
f 1476 1479 1481
f 1476 1482 1478
f 1476 1481 1482
f 1477 1480 1482
f 1478 1482 1480
f 781 1580 1581
f 1340 1581 1580
f 1583 782 1585
f 1346 1583 1585
f 1341 1585 1581
f 344 345 347
f 344 349 346
f 344 346 345
f 345 346 348
f 346 353 348
f 346 349 353
f 345 348 347
f 347 348 368
f 347 368 366
f 348 353 368
f 349 366 351
f 350 352 367
f 350 356 354
f 349 351 353
f 351 368 353
f 350 354 352
f 352 354 369
f 354 360 369
f 354 356 360
f 356 371 358
f 357 359 372
f 357 363 361
f 356 358 360
f 358 373 360
f 357 361 359
f 359 361 374
f 361 365 374
f 363 375 364
f 361 363 365
f 363 364 365
f 364 376 365
f 351 366 368
f 352 369 367
f 367 369 373
f 367 373 371
f 360 373 369
f 358 371 373
f 359 374 372
f 372 374 376
f 372 376 375
f 365 376 374
f 364 375 376
f 736 738 737
f 736 737 739
f 736 739 741
f 737 738 740
f 736 745 738
f 736 741 745
f 737 740 739
f 739 740 758
f 739 758 741
f 740 760 758
f 741 743 745
f 741 758 743
f 742 746 744
f 742 744 759
f 742 759 747
f 743 760 745
f 744 746 761
f 742 751 746
f 742 747 751
f 747 749 751
f 747 762 749
f 748 752 750
f 748 750 763
f 748 763 753
f 749 764 751
f 750 752 765
f 748 755 752
f 748 753 755
f 753 754 755
f 753 766 754
f 754 767 755
f 743 758 760
f 744 761 759
f 759 761 762
f 747 759 762
f 761 764 762
f 749 762 764
f 750 765 763
f 763 765 766
f 753 763 766
f 754 766 767
f 765 767 766
f 1159 1160 1162
f 1159 1166 1160
f 1159 1164 1166
f 1160 1166 1179
f 1159 1162 1161
f 1161 1163 1175
f 1160 1163 1162
f 1161 1162 1163
f 1160 1179 1163
f 1163 1179 1175
f 1164 1177 1166
f 1165 1167 1178
f 1165 1171 1167
f 1165 1169 1171
f 1167 1171 1186
f 1169 1184 1171
f 1170 1172 1185
f 1170 1174 1172
f 1170 1173 1174
f 1172 1174 1191
f 1173 1190 1174
f 1164 1175 1177
f 1165 1178 1176
f 1176 1180 1182
f 1166 1177 1179
f 1175 1179 1177
f 1167 1180 1178
f 1176 1178 1180
f 1167 1186 1180
f 1180 1186 1182
f 1169 1182 1184
f 1170 1185 1183
f 1183 1187 1189
f 1171 1184 1186
f 1182 1186 1184
f 1172 1187 1185
f 1183 1185 1187
f 1172 1191 1187
f 1173 1189 1190
f 1187 1191 1189
f 1174 1190 1191
f 1189 1191 1190
f 1613 1614 1616
f 1613 1618 1614
f 1613 1629 1618
f 1614 1618 1620
f 1613 1616 1615
f 1615 1616 1617
f 1613 1615 1629
f 1614 1617 1616
f 1615 1617 1633
f 1615 1633 1629
f 1618 1631 1620
f 1619 1621 1632
f 1619 1622 1621
f 1619 1635 1622
f 1621 1622 1624
f 1622 1637 1624
f 1623 1625 1638
f 1623 1626 1625
f 1623 1641 1626
f 1626 1642 1627
f 1625 1626 1627
f 1618 1629 1631
f 1629 1633 1631
f 1619 1632 1630
f 1630 1632 1634
f 1619 1630 1635
f 1620 1631 1633
f 1621 1634 1632
f 1630 1634 1639
f 1630 1639 1635
f 1622 1635 1637
f 1635 1639 1637
f 1623 1638 1636
f 1636 1638 1640
f 1623 1636 1641
f 1624 1637 1639
f 1625 1640 1638
f 1636 1640 1643
f 1636 1643 1641
f 1626 1641 1642
f 1641 1643 1642
f 1627 1642 1643

