solid 
facet normal -1.0 0.0 0.0
outer loop
vertex -50.0 -32.0 0.0
vertex -50.0 -32.0 0.800000011920929
vertex -50.0 -3.700000047683716 1.399999976158142
endloop
endfacet
facet normal -1.0 0.0 0.0
outer loop
vertex -50.0 -32.0 0.800000011920929
vertex -50.0 -32.0 1.399999976158142
vertex -50.0 -3.700000047683716 1.399999976158142
endloop
endfacet
facet normal -1.0 0.0 0.0
outer loop
vertex -50.0 -32.0 0.0
vertex -50.0 -3.700000047683716 1.399999976158142
vertex -50.0 -3.700000047683716 0.0
endloop
endfacet
facet normal -1.0 0.0 0.0
outer loop
vertex -50.0 -3.5 0.0
vertex -50.0 -3.5 1.399999976158142
vertex -50.0 3.5 1.399999976158142
endloop
endfacet
facet normal 0.0 -1.0 0.0
outer loop
vertex -50.0 -32.0 0.0
vertex -40.0 -32.0 0.800000011920929
vertex -50.0 -32.0 0.800000011920929
endloop
endfacet
facet normal 0.0 -1.0 0.0
outer loop
vertex -50.0 -32.0 0.800000011920929
vertex -40.0 -32.0 1.399999976158142
vertex -50.0 -32.0 1.399999976158142
endloop
endfacet
facet normal 0.0 -1.0 0.0
outer loop
vertex -50.0 -32.0 0.0
vertex -40.0 -32.0 0.0
vertex -40.0 -32.0 0.800000011920929
endloop
endfacet
facet normal 0.0 -1.0 0.0
outer loop
vertex -50.0 -32.0 0.800000011920929
vertex -40.0 -32.0 0.800000011920929
vertex -40.0 -32.0 1.399999976158142
endloop
endfacet
facet normal 1.0 0.0 -0.0
outer loop
vertex -40.0 -32.0 0.800000011920929
vertex -40.0 -31.200000762939453 1.399999976158142
vertex -40.0 -32.0 1.399999976158142
endloop
endfacet
facet normal 0.0 -1.0 0.0
outer loop
vertex -40.0 -32.0 0.0
vertex -30.0 -32.0 0.800000011920929
vertex -40.0 -32.0 0.800000011920929
endloop
endfacet
facet normal 0.0 -0.0 1.0
outer loop
vertex -49.20000076293945 -31.200000762939453 1.399999976158142
vertex -40.0 -20.0 1.399999976158142
vertex -49.20000076293945 -20.0 1.399999976158142
endloop
endfacet
facet normal 0.0 0.0 1.0
outer loop
vertex -49.20000076293945 -31.200000762939453 1.399999976158142
vertex -40.0 -31.200000762939453 1.399999976158142
vertex -40.0 -20.0 1.399999976158142
endloop
endfacet
facet normal 0.0 0.0 -1.0
outer loop
vertex -50.0 -32.0 0.0
vertex -45.0 0.0 0.0
vertex -40.0 -32.0 0.0
endloop
endfacet
facet normal 1.0 0.0 -0.0
outer loop
vertex -40.0 -32.0 0.800000011920929
vertex -40.0 -20.0 1.399999976158142
vertex -40.0 -31.200000762939453 1.399999976158142
endloop
endfacet
facet normal 1.0 0.0 -0.0
outer loop
vertex -40.0 -32.0 0.800000011920929
vertex -40.0 -19.200000762939453 1.399999976158142
vertex -40.0 -20.0 1.399999976158142
endloop
endfacet
facet normal 0.0 -1.0 0.0
outer loop
vertex -40.0 -32.0 0.0
vertex -30.0 -32.0 0.0
vertex -30.0 -32.0 0.800000011920929
endloop
endfacet
facet normal 0.0 -1.0 0.0
outer loop
vertex -30.0 -32.0 0.0
vertex -20.0 -32.0 0.800000011920929
vertex -30.0 -32.0 0.800000011920929
endloop
endfacet
facet normal 0.0 -1.0 0.0
outer loop
vertex -30.0 -32.0 0.800000011920929
vertex -20.0 -32.0 1.399999976158142
vertex -30.0 -32.0 1.399999976158142
endloop
endfacet
facet normal 0.0 0.0 -1.0
outer loop
vertex -40.0 -32.0 0.0
vertex -35.0 0.0 0.0
vertex -30.0 -32.0 0.0
endloop
endfacet
facet normal 0.0 -0.0 1.0
outer loop
vertex -40.0 -32.0 0.800000011920929
vertex -30.0 -32.0 0.800000011920929
vertex -35.0 0.0 0.800000011920929
endloop
endfacet
facet normal 0.0 0.0 -1.0
outer loop
vertex -30.0 -32.0 0.0
vertex -25.0 0.0 0.0
vertex -20.0 -32.0 0.0
endloop
endfacet
facet normal 0.0 -0.0 1.0
outer loop
vertex -30.0 -31.200000762939453 1.399999976158142
vertex -20.0 -31.200000762939453 1.399999976158142
vertex -25.0 0.0 1.399999976158142
endloop
endfacet
facet normal 0.0 -0.0 1.0
outer loop
vertex -49.20000076293945 -19.200000762939453 1.399999976158142
vertex -45.599998474121094 -12.300000190734863 1.399999976158142
vertex -49.20000076293945 -12.300000190734863 1.399999976158142
endloop
endfacet
facet normal 0.0 -0.0 1.0
outer loop
vertex -49.20000076293945 -19.200000762939453 1.399999976158142
vertex -40.0 -19.200000762939453 1.399999976158142
vertex -45.599998474121094 -12.300000190734863 1.399999976158142
endloop
endfacet
facet normal 0.0 0.0 1.0
outer loop
vertex -40.0 -19.200000762939453 1.399999976158142
vertex -44.79999923706055 -11.699999809265137 1.399999976158142
vertex -45.599998474121094 -12.300000190734863 1.399999976158142
endloop
endfacet
facet normal 0.0 0.0 -1.0
outer loop
vertex -50.0 -32.0 0.0
vertex -50.0 -3.700000047683716 0.0
vertex -45.0 0.0 0.0
endloop
endfacet
facet normal 0.0 -0.0 1.0
outer loop
vertex -45.599998474121094 -12.300000190734863 1.399999976158142
vertex -44.79999923706055 -11.699999809265137 1.399999976158142
vertex -45.599998474121094 -11.699999809265137 1.399999976158142
endloop
endfacet
facet normal 1.0 0.0 -0.0
outer loop
vertex -40.0 -32.0 0.800000011920929
vertex -40.0 19.200000762939453 1.399999976158142
vertex -40.0 -19.200000762939453 1.399999976158142
endloop
endfacet
facet normal 0.0 0.0 1.0
outer loop
vertex -40.0 -19.200000762939453 1.399999976158142
vertex -44.79999923706055 11.699999809265137 1.399999976158142
vertex -44.79999923706055 -11.699999809265137 1.399999976158142
endloop
endfacet
facet normal 0.0 0.0 -1.0
outer loop
vertex -50.0 -3.700000047683716 0.0
vertex -50.0 -3.5 0.0
vertex -45.0 0.0 0.0
endloop
endfacet
facet normal 0.0 -0.0 1.0
outer loop
vertex -49.20000076293945 -11.5 1.399999976158142
vertex -45.599998474121094 -11.5 1.399999976158142
vertex -49.20000076293945 11.5 1.399999976158142
endloop
endfacet
facet normal -1.0 0.0 0.0
outer loop
vertex -30.0 -32.0 0.800000011920929
vertex -30.0 -32.0 1.399999976158142
vertex -30.0 32.0 0.800000011920929
endloop
endfacet
facet normal -1.0 0.0 0.0
outer loop
vertex -30.0 -32.0 1.399999976158142
vertex -30.0 -31.200000762939453 1.399999976158142
vertex -30.0 32.0 0.800000011920929
endloop
endfacet
facet normal 0.0 -1.0 0.0
outer loop
vertex -30.0 -32.0 0.0
vertex -20.0 -32.0 0.0
vertex -20.0 -32.0 0.800000011920929
endloop
endfacet
facet normal 0.0 -1.0 0.0
outer loop
vertex -30.0 -32.0 0.800000011920929
vertex -20.0 -32.0 0.800000011920929
vertex -20.0 -32.0 1.399999976158142
endloop
endfacet
facet normal 1.0 0.0 -0.0
outer loop
vertex -20.0 -32.0 0.800000011920929
vertex -20.0 -31.200000762939453 1.399999976158142
vertex -20.0 -32.0 1.399999976158142
endloop
endfacet
facet normal 0.0 -1.0 0.0
outer loop
vertex -20.0 -32.0 0.0
vertex -10.0 -32.0 0.800000011920929
vertex -20.0 -32.0 0.800000011920929
endloop
endfacet
facet normal 0.0 -1.0 0.0
outer loop
vertex -20.0 -32.0 0.0
vertex -10.0 -32.0 0.0
vertex -10.0 -32.0 0.800000011920929
endloop
endfacet
facet normal 0.0 0.0 -1.0
outer loop
vertex -20.0 -32.0 0.0
vertex -15.0 0.0 0.0
vertex -10.0 -32.0 0.0
endloop
endfacet
facet normal 0.0 -0.0 1.0
outer loop
vertex -20.0 -32.0 0.800000011920929
vertex -10.0 -32.0 0.800000011920929
vertex -15.0 0.0 0.800000011920929
endloop
endfacet
facet normal 0.0 -1.0 0.0
outer loop
vertex -10.0 -32.0 0.0
vertex -7.5 -32.0 0.0
vertex -10.0 -32.0 0.800000011920929
endloop
endfacet
facet normal 0.0 -1.0 0.0
outer loop
vertex -10.0 -32.0 0.800000011920929
vertex -7.5 -32.0 0.0
vertex -10.0 -32.0 1.399999976158142
endloop
endfacet
facet normal 0.0 -1.0 0.0
outer loop
vertex -7.5 -32.0 0.0
vertex -7.5 -32.0 1.399999976158142
vertex -10.0 -32.0 1.399999976158142
endloop
endfacet
facet normal 0.0 0.0 1.0
outer loop
vertex -10.0 -31.200000762939453 1.399999976158142
vertex -7.5 -31.200000762939453 1.399999976158142
vertex -7.5 -31.0 1.399999976158142
endloop
endfacet
facet normal 0.0 -1.0 0.0
outer loop
vertex -4.5 -32.0 0.0
vertex 0.0 -32.0 0.0
vertex -4.5 -32.0 1.399999976158142
endloop
endfacet
facet normal 0.0 -0.9999999999999999 0.0
outer loop
vertex -4.5 -32.0 1.399999976158142
vertex 0.0 -32.0 0.0
vertex 0.0 -32.0 0.800000011920929
endloop
endfacet
facet normal 0.0 -1.0 0.0
outer loop
vertex -4.5 -32.0 1.399999976158142
vertex 0.0 -32.0 0.800000011920929
vertex 0.0 -32.0 1.399999976158142
endloop
endfacet
facet normal 0.0 -0.0 1.0
outer loop
vertex -4.5 -31.200000762939453 1.399999976158142
vertex -0.5 -31.200000762939453 1.399999976158142
vertex -4.5 -31.0 1.399999976158142
endloop
endfacet
facet normal 0.0 -0.0 -1.0
outer loop
vertex -10.0 -32.0 0.0
vertex -5.0 0.0 0.0
vertex -7.5 -32.0 0.0
endloop
endfacet
facet normal 0.0 0.0 1.0
outer loop
vertex -10.0 -31.200000762939453 1.399999976158142
vertex -7.5 -31.0 1.399999976158142
vertex -5.510407447814941 -6.510407447814941 1.399999976158142
endloop
endfacet
facet normal 0.0 -0.0 -1.0
outer loop
vertex -7.5 -32.0 0.0
vertex -5.0 0.0 0.0
vertex -5.5 -32.0 0.0
endloop
endfacet
facet normal 0.0 0.0 -1.0
outer loop
vertex -5.5 -32.0 0.0
vertex -5.0 0.0 0.0
vertex -4.5 -32.0 0.0
endloop
endfacet
facet normal 0.0 0.0 -1.0
outer loop
vertex -4.5 -32.0 0.0
vertex -5.0 0.0 0.0
vertex 0.0 -32.0 0.0
endloop
endfacet
facet normal 0.0 -0.0 0.9999999999999999
outer loop
vertex -7.5 -31.0 1.399999976158142
vertex -4.5 -31.0 1.399999976158142
vertex -5.510407447814941 -6.510407447814941 1.399999976158142
endloop
endfacet
facet normal -0.0 -0.0 1.0
outer loop
vertex -4.5 -31.0 1.399999976158142
vertex -0.5 -31.200000762939453 1.399999976158142
vertex -5.510407447814941 -6.510407447814941 1.399999976158142
endloop
endfacet
facet normal 1.0 0.0 -0.0
outer loop
vertex -20.0 -32.0 0.800000011920929
vertex -20.0 31.200000762939453 1.399999976158142
vertex -20.0 -31.200000762939453 1.399999976158142
endloop
endfacet
facet normal 0.0 -0.0 1.0
outer loop
vertex -10.0 -31.200000762939453 1.399999976158142
vertex -6.510407447814941 -6.510407447814941 1.399999976158142
vertex -7.861216068267822 -4.75 1.399999976158142
endloop
endfacet
facet normal 0.0 -0.0 1.0
outer loop
vertex -10.0 -31.200000762939453 1.399999976158142
vertex -5.510407447814941 -6.510407447814941 1.399999976158142
vertex -6.510407447814941 -6.510407447814941 1.399999976158142
endloop
endfacet
facet normal -1.0 0.0 0.0
outer loop
vertex -10.0 -32.0 0.800000011920929
vertex -10.0 -32.0 1.399999976158142
vertex -10.0 32.0 0.800000011920929
endloop
endfacet
facet normal -1.0 0.0 0.0
outer loop
vertex -10.0 -32.0 1.399999976158142
vertex -10.0 -31.200000762939453 1.399999976158142
vertex -10.0 32.0 0.800000011920929
endloop
endfacet
facet normal 0.0 -0.0 0.9999999999999999
outer loop
vertex -10.0 -31.200000762939453 1.399999976158142
vertex -8.710369110107422 -2.6999619007110596 1.399999976158142
vertex -9.0 -0.5 1.399999976158142
endloop
endfacet
facet normal 0.0 0.0 1.0
outer loop
vertex -10.0 -31.200000762939453 1.399999976158142
vertex -9.0 -0.5 1.399999976158142
vertex -9.0 0.5 1.399999976158142
endloop
endfacet
facet normal 0.0 -0.0 0.9999999999999999
outer loop
vertex -10.0 -31.200000762939453 1.399999976158142
vertex -7.861216068267822 -4.75 1.399999976158142
vertex -8.710369110107422 -2.6999619007110596 1.399999976158142
endloop
endfacet
facet normal 0.0 0.0 1.0
outer loop
vertex -0.5 -31.200000762939453 1.399999976158142
vertex -4.75 -7.861216068267822 1.399999976158142
vertex -5.510407447814941 -6.510407447814941 1.399999976158142
endloop
endfacet
facet normal 0.0 0.0 1.0
outer loop
vertex -0.5 -31.200000762939453 1.399999976158142
vertex -2.6999619007110596 -8.710369110107422 1.399999976158142
vertex -3.75 -7.861216068267822 1.399999976158142
endloop
endfacet
facet normal 0.0 0.0 0.9999999999999999
outer loop
vertex -0.5 -31.200000762939453 1.399999976158142
vertex -3.75 -7.861216068267822 1.399999976158142
vertex -4.75 -7.861216068267822 1.399999976158142
endloop
endfacet
facet normal 0.0 0.0 1.0
outer loop
vertex -0.5 -31.200000762939453 1.399999976158142
vertex -1.6999619007110596 -8.710369110107422 1.399999976158142
vertex -2.6999619007110596 -8.710369110107422 1.399999976158142
endloop
endfacet
facet normal 0.0 0.0 1.0
outer loop
vertex -0.5 -31.200000762939453 1.399999976158142
vertex -1.6999619007110596 -7.71036958694458 1.399999976158142
vertex -1.6999619007110596 -8.710369110107422 1.399999976158142
endloop
endfacet
facet normal -0.0 0.0 1.0
outer loop
vertex -7.861216068267822 -4.75 1.399999976158142
vertex -6.510407447814941 -6.510407447814941 1.399999976158142
vertex -6.510407447814941 -5.510407447814941 1.399999976158142
endloop
endfacet
facet normal -0.0 -0.0 1.0
outer loop
vertex -7.861216068267822 -4.75 1.399999976158142
vertex -6.510407447814941 -5.510407447814941 1.399999976158142
vertex -6.861216068267822 -4.75 1.399999976158142
endloop
endfacet
facet normal 0.0 -0.0 1.0
outer loop
vertex -7.861216068267822 -4.75 1.399999976158142
vertex -7.861216068267822 -3.75 1.399999976158142
vertex -8.710369110107422 -2.6999619007110596 1.399999976158142
endloop
endfacet
facet normal 0.0 -0.0 1.0
outer loop
vertex -7.861216068267822 -3.75 1.399999976158142
vertex -7.71036958694458 -2.6999619007110596 1.399999976158142
vertex -8.710369110107422 -2.6999619007110596 1.399999976158142
endloop
endfacet
facet normal 0.0 -0.0 1.0
outer loop
vertex -7.861216068267822 -3.75 1.399999976158142
vertex -6.861216068267822 -3.75 1.399999976158142
vertex -7.71036958694458 -2.6999619007110596 1.399999976158142
endloop
endfacet
facet normal -0.0 0.0 1.0
outer loop
vertex -6.861216068267822 -4.75 1.399999976158142
vertex -6.510407447814941 -5.510407447814941 1.399999976158142
vertex -5.0 0.0 1.399999976158142
endloop
endfacet
facet normal 0.0 -0.0 1.0
outer loop
vertex -6.861216068267822 -4.75 1.399999976158142
vertex -5.0 0.0 1.399999976158142
vertex -6.861216068267822 -3.75 1.399999976158142
endloop
endfacet
facet normal 0.0 -0.0 1.0
outer loop
vertex -8.710369110107422 -2.6999619007110596 1.399999976158142
vertex -8.710369110107422 -1.6999619007110596 1.399999976158142
vertex -9.0 -0.5 1.399999976158142
endloop
endfacet
facet normal 0.0 -0.0 1.0
outer loop
vertex -8.710369110107422 -1.6999619007110596 1.399999976158142
vertex -7.71036958694458 -1.6999619007110596 1.399999976158142
vertex -8.0 -0.5 1.399999976158142
endloop
endfacet
facet normal 0.0 -0.0 1.0
outer loop
vertex -8.710369110107422 -1.6999619007110596 1.399999976158142
vertex -8.0 -0.5 1.399999976158142
vertex -9.0 -0.5 1.399999976158142
endloop
endfacet
facet normal -0.0 0.0 1.0
outer loop
vertex -7.71036958694458 -2.6999619007110596 1.399999976158142
vertex -6.861216068267822 -3.75 1.399999976158142
vertex -5.0 0.0 1.399999976158142
endloop
endfacet
facet normal 0.0 -0.0 0.9999999999999999
outer loop
vertex -7.71036958694458 -2.6999619007110596 1.399999976158142
vertex -5.0 0.0 1.399999976158142
vertex -7.71036958694458 -1.6999619007110596 1.399999976158142
endloop
endfacet
facet normal 0.0 -0.0 1.0
outer loop
vertex -7.71036958694458 -1.6999619007110596 1.399999976158142
vertex -5.0 0.0 1.399999976158142
vertex -8.0 -0.5 1.399999976158142
endloop
endfacet
facet normal 0.0 -0.0 1.0
outer loop
vertex -4.75 -7.861216068267822 1.399999976158142
vertex -4.75 -6.861216068267822 1.399999976158142
vertex -5.510407447814941 -6.510407447814941 1.399999976158142
endloop
endfacet
facet normal -0.0 0.0 1.0
outer loop
vertex -3.75 -7.861216068267822 1.399999976158142
vertex -2.6999619007110596 -8.710369110107422 1.399999976158142
vertex -2.6999619007110596 -7.71036958694458 1.399999976158142
endloop
endfacet
facet normal 0.0 -0.0 1.0
outer loop
vertex -3.75 -7.861216068267822 1.399999976158142
vertex -2.6999619007110596 -7.71036958694458 1.399999976158142
vertex -3.75 -6.861216068267822 1.399999976158142
endloop
endfacet
facet normal -0.0 -0.0 1.0
outer loop
vertex -5.510407447814941 -6.510407447814941 1.399999976158142
vertex -4.75 -6.861216068267822 1.399999976158142
vertex -5.510407447814941 -5.510407447814941 1.399999976158142
endloop
endfacet
facet normal -0.0 -0.0 0.9999999999999999
outer loop
vertex -3.75 -6.861216068267822 1.399999976158142
vertex -2.6999619007110596 -7.71036958694458 1.399999976158142
vertex -5.0 0.0 1.399999976158142
endloop
endfacet
facet normal 0.0 -0.0 1.0
outer loop
vertex -2.6999619007110596 -7.71036958694458 1.399999976158142
vertex -1.6999619007110596 -7.71036958694458 1.399999976158142
vertex -5.0 0.0 1.399999976158142
endloop
endfacet
facet normal 0.0 0.0 1.0
outer loop
vertex -6.510407447814941 -5.510407447814941 1.399999976158142
vertex -5.510407447814941 -5.510407447814941 1.399999976158142
vertex -5.0 0.0 1.399999976158142
endloop
endfacet
facet normal 0.0 0.0 1.0
outer loop
vertex -4.75 -6.861216068267822 1.399999976158142
vertex -5.0 0.0 1.399999976158142
vertex -5.510407447814941 -5.510407447814941 1.399999976158142
endloop
endfacet
facet normal 0.0 -0.0 1.0
outer loop
vertex -4.75 -6.861216068267822 1.399999976158142
vertex -3.75 -6.861216068267822 1.399999976158142
vertex -5.0 0.0 1.399999976158142
endloop
endfacet
facet normal 0.0 -0.0 1.0
outer loop
vertex -0.5 -31.200000762939453 1.399999976158142
vertex -0.5 31.200000762939453 1.399999976158142
vertex -1.6999619007110596 -7.71036958694458 1.399999976158142
endloop
endfacet
facet normal -1.0 0.0 0.0
outer loop
vertex -50.0 -3.5 0.0
vertex -50.0 3.5 1.399999976158142
vertex -50.0 3.5 0.0
endloop
endfacet
facet normal -1.0 0.0 0.0
outer loop
vertex -50.0 3.700000047683716 0.0
vertex -50.0 3.700000047683716 1.399999976158142
vertex -50.0 10.0 1.399999976158142
endloop
endfacet
facet normal -1.0 0.0 0.0
outer loop
vertex -50.0 3.700000047683716 0.0
vertex -50.0 10.0 1.399999976158142
vertex -50.0 10.0 0.0
endloop
endfacet
facet normal -0.9999999999999999 0.0 0.0
outer loop
vertex -50.0 10.600000381469727 1.0
vertex -50.0 10.600000381469727 1.399999976158142
vertex -50.0 15.399999618530273 1.0
endloop
endfacet
facet normal -0.9999999999999999 0.0 0.0
outer loop
vertex -50.0 10.600000381469727 1.399999976158142
vertex -50.0 15.399999618530273 1.399999976158142
vertex -50.0 15.399999618530273 1.0
endloop
endfacet
facet normal -1.0 0.0 0.0
outer loop
vertex -50.0 16.0 0.0
vertex -50.0 16.0 1.399999976158142
vertex -50.0 32.0 0.800000011920929
endloop
endfacet
facet normal -1.0 0.0 0.0
outer loop
vertex -50.0 16.0 0.0
vertex -50.0 32.0 0.800000011920929
vertex -50.0 32.0 0.0
endloop
endfacet
facet normal -1.0 0.0 0.0
outer loop
vertex -50.0 16.0 1.399999976158142
vertex -50.0 32.0 1.399999976158142
vertex -50.0 32.0 0.800000011920929
endloop
endfacet
facet normal 0.0 0.0 -1.0
outer loop
vertex -50.0 -3.5 0.0
vertex -50.0 3.5 0.0
vertex -45.0 0.0 0.0
endloop
endfacet
facet normal 0.0 0.0 -1.0
outer loop
vertex -50.0 3.5 0.0
vertex -50.0 3.700000047683716 0.0
vertex -45.0 0.0 0.0
endloop
endfacet
facet normal 0.0 0.0 -1.0
outer loop
vertex -50.0 3.700000047683716 0.0
vertex -50.0 10.0 0.0
vertex -45.0 0.0 0.0
endloop
endfacet
facet normal 0.0 -0.0 1.0
outer loop
vertex -45.599998474121094 -11.5 1.399999976158142
vertex -45.599998474121094 11.5 1.399999976158142
vertex -49.20000076293945 11.5 1.399999976158142
endloop
endfacet
facet normal 0.0 0.0 -1.0
outer loop
vertex -50.0 10.0 0.0
vertex -50.0 16.0 0.0
vertex -45.0 0.0 0.0
endloop
endfacet
facet normal 0.0 0.0 -1.0
outer loop
vertex -40.0 -32.0 0.0
vertex -45.0 0.0 0.0
vertex -40.0 32.0 0.0
endloop
endfacet
facet normal 1.0 0.0 -0.0
outer loop
vertex -40.0 -32.0 0.800000011920929
vertex -40.0 20.0 1.399999976158142
vertex -40.0 19.200000762939453 1.399999976158142
endloop
endfacet
facet normal 0.0 0.0 -1.0
outer loop
vertex -40.0 -32.0 0.0
vertex -40.0 32.0 0.0
vertex -35.0 0.0 0.0
endloop
endfacet
facet normal 0.0 -0.0 1.0
outer loop
vertex -40.0 -32.0 0.800000011920929
vertex -35.0 0.0 0.800000011920929
vertex -40.0 32.0 0.800000011920929
endloop
endfacet
facet normal 0.0 -0.0 1.0
outer loop
vertex -40.0 -19.200000762939453 1.399999976158142
vertex -40.0 19.200000762939453 1.399999976158142
vertex -44.79999923706055 11.699999809265137 1.399999976158142
endloop
endfacet
facet normal 1.0 0.0 -0.0
outer loop
vertex -40.0 -32.0 0.800000011920929
vertex -40.0 31.200000762939453 1.399999976158142
vertex -40.0 20.0 1.399999976158142
endloop
endfacet
facet normal 0.0 -0.0 1.0
outer loop
vertex -45.599998474121094 11.699999809265137 1.399999976158142
vertex -44.79999923706055 11.699999809265137 1.399999976158142
vertex -45.599998474121094 12.300000190734863 1.399999976158142
endloop
endfacet
facet normal 0.0 0.0 -1.0
outer loop
vertex -50.0 16.0 0.0
vertex -50.0 32.0 0.0
vertex -45.0 0.0 0.0
endloop
endfacet
facet normal 0.0 -0.0 1.0
outer loop
vertex -49.20000076293945 12.300000190734863 1.399999976158142
vertex -40.0 19.200000762939453 1.399999976158142
vertex -49.20000076293945 19.200000762939453 1.399999976158142
endloop
endfacet
facet normal 0.0 0.0 1.0
outer loop
vertex -49.20000076293945 12.300000190734863 1.399999976158142
vertex -45.599998474121094 12.300000190734863 1.399999976158142
vertex -40.0 19.200000762939453 1.399999976158142
endloop
endfacet
facet normal -0.0 0.0 1.0
outer loop
vertex -45.599998474121094 12.300000190734863 1.399999976158142
vertex -44.79999923706055 11.699999809265137 1.399999976158142
vertex -40.0 19.200000762939453 1.399999976158142
endloop
endfacet
facet normal 1.0 0.0 -0.0
outer loop
vertex -40.0 -32.0 0.800000011920929
vertex -40.0 32.0 1.399999976158142
vertex -40.0 31.200000762939453 1.399999976158142
endloop
endfacet
facet normal 1.0 0.0 0.0
outer loop
vertex -40.0 -32.0 0.800000011920929
vertex -40.0 32.0 0.800000011920929
vertex -40.0 32.0 1.399999976158142
endloop
endfacet
facet normal 0.0 0.0 -1.0
outer loop
vertex -30.0 -32.0 0.0
vertex -35.0 0.0 0.0
vertex -30.0 32.0 0.0
endloop
endfacet
facet normal 0.0 -0.0 1.0
outer loop
vertex -30.0 -32.0 0.800000011920929
vertex -30.0 32.0 0.800000011920929
vertex -35.0 0.0 0.800000011920929
endloop
endfacet
facet normal 0.0 0.0 -1.0
outer loop
vertex -30.0 -32.0 0.0
vertex -30.0 32.0 0.0
vertex -25.0 0.0 0.0
endloop
endfacet
facet normal 0.0 -0.0 1.0
outer loop
vertex -30.0 -31.200000762939453 1.399999976158142
vertex -25.0 0.0 1.399999976158142
vertex -30.0 31.200000762939453 1.399999976158142
endloop
endfacet
facet normal -1.0 0.0 0.0
outer loop
vertex -30.0 -31.200000762939453 1.399999976158142
vertex -30.0 31.200000762939453 1.399999976158142
vertex -30.0 32.0 0.800000011920929
endloop
endfacet
facet normal 0.0 -0.0 -1.0
outer loop
vertex -50.0 32.0 0.0
vertex -40.0 32.0 0.0
vertex -45.0 0.0 0.0
endloop
endfacet
facet normal 0.0 -0.0 1.0
outer loop
vertex -49.20000076293945 20.0 1.399999976158142
vertex -40.0 31.200000762939453 1.399999976158142
vertex -49.20000076293945 31.200000762939453 1.399999976158142
endloop
endfacet
facet normal 0.0 0.0 1.0
outer loop
vertex -49.20000076293945 20.0 1.399999976158142
vertex -40.0 20.0 1.399999976158142
vertex -40.0 31.200000762939453 1.399999976158142
endloop
endfacet
facet normal -0.0 1.0 0.0
outer loop
vertex -50.0 32.0 0.0
vertex -50.0 32.0 0.800000011920929
vertex -40.0 32.0 0.0
endloop
endfacet
facet normal -0.0 1.0 0.0
outer loop
vertex -50.0 32.0 0.800000011920929
vertex -50.0 32.0 1.399999976158142
vertex -40.0 32.0 0.800000011920929
endloop
endfacet
facet normal -0.0 1.0 0.0
outer loop
vertex -50.0 32.0 0.800000011920929
vertex -40.0 32.0 0.800000011920929
vertex -40.0 32.0 0.0
endloop
endfacet
facet normal -0.0 1.0 0.0
outer loop
vertex -50.0 32.0 1.399999976158142
vertex -40.0 32.0 1.399999976158142
vertex -40.0 32.0 0.800000011920929
endloop
endfacet
facet normal -0.0 1.0 0.0
outer loop
vertex -40.0 32.0 0.0
vertex -40.0 32.0 0.800000011920929
vertex -30.0 32.0 0.0
endloop
endfacet
facet normal 0.0 0.0 -1.0
outer loop
vertex -35.0 0.0 0.0
vertex -40.0 32.0 0.0
vertex -30.0 32.0 0.0
endloop
endfacet
facet normal 0.0 -0.0 1.0
outer loop
vertex -35.0 0.0 0.800000011920929
vertex -30.0 32.0 0.800000011920929
vertex -40.0 32.0 0.800000011920929
endloop
endfacet
facet normal 0.0 0.0 -1.0
outer loop
vertex -25.0 0.0 0.0
vertex -30.0 32.0 0.0
vertex -20.0 32.0 0.0
endloop
endfacet
facet normal 0.0 -0.0 1.0
outer loop
vertex -25.0 0.0 1.399999976158142
vertex -20.0 31.200000762939453 1.399999976158142
vertex -30.0 31.200000762939453 1.399999976158142
endloop
endfacet
facet normal -0.0 1.0 0.0
outer loop
vertex -40.0 32.0 0.800000011920929
vertex -30.0 32.0 0.800000011920929
vertex -30.0 32.0 0.0
endloop
endfacet
facet normal -1.0 0.0 0.0
outer loop
vertex -30.0 32.0 0.800000011920929
vertex -30.0 31.200000762939453 1.399999976158142
vertex -30.0 32.0 1.399999976158142
endloop
endfacet
facet normal -0.0 1.0 0.0
outer loop
vertex -30.0 32.0 0.0
vertex -30.0 32.0 0.800000011920929
vertex -20.0 32.0 0.0
endloop
endfacet
facet normal -0.0 1.0 0.0
outer loop
vertex -30.0 32.0 0.800000011920929
vertex -30.0 32.0 1.399999976158142
vertex -20.0 32.0 0.800000011920929
endloop
endfacet
facet normal 0.0 0.0 -1.0
outer loop
vertex -20.0 -32.0 0.0
vertex -25.0 0.0 0.0
vertex -20.0 32.0 0.0
endloop
endfacet
facet normal 0.0 0.0 -1.0
outer loop
vertex -20.0 -32.0 0.0
vertex -20.0 32.0 0.0
vertex -15.0 0.0 0.0
endloop
endfacet
facet normal 0.0 -0.0 1.0
outer loop
vertex -20.0 -32.0 0.800000011920929
vertex -15.0 0.0 0.800000011920929
vertex -20.0 32.0 0.800000011920929
endloop
endfacet
facet normal 0.0 -0.0 1.0
outer loop
vertex -20.0 -31.200000762939453 1.399999976158142
vertex -20.0 31.200000762939453 1.399999976158142
vertex -25.0 0.0 1.399999976158142
endloop
endfacet
facet normal 1.0 0.0 -0.0
outer loop
vertex -20.0 -32.0 0.800000011920929
vertex -20.0 32.0 1.399999976158142
vertex -20.0 31.200000762939453 1.399999976158142
endloop
endfacet
facet normal 1.0 0.0 0.0
outer loop
vertex -20.0 -32.0 0.800000011920929
vertex -20.0 32.0 0.800000011920929
vertex -20.0 32.0 1.399999976158142
endloop
endfacet
facet normal 0.0 0.0 -1.0
outer loop
vertex -10.0 -32.0 0.0
vertex -15.0 0.0 0.0
vertex -10.0 32.0 0.0
endloop
endfacet
facet normal 0.0 -0.0 1.0
outer loop
vertex -10.0 -32.0 0.800000011920929
vertex -10.0 32.0 0.800000011920929
vertex -15.0 0.0 0.800000011920929
endloop
endfacet
facet normal 0.0 0.0 -1.0
outer loop
vertex -10.0 -32.0 0.0
vertex -10.0 32.0 0.0
vertex -5.0 0.0 0.0
endloop
endfacet
facet normal 0.0 -0.0 1.0
outer loop
vertex -10.0 -31.200000762939453 1.399999976158142
vertex -9.0 0.5 1.399999976158142
vertex -10.0 31.200000762939453 1.399999976158142
endloop
endfacet
facet normal 0.0 -0.0 1.0
outer loop
vertex -9.0 0.5 1.399999976158142
vertex -8.0 0.5 1.399999976158142
vertex -8.710369110107422 1.6999619007110596 1.399999976158142
endloop
endfacet
facet normal 0.0 0.0 1.0
outer loop
vertex -9.0 0.5 1.399999976158142
vertex -8.710369110107422 1.6999619007110596 1.399999976158142
vertex -8.710369110107422 2.6999619007110596 1.399999976158142
endloop
endfacet
facet normal 0.0 -0.0 1.0
outer loop
vertex -8.0 0.5 1.399999976158142
vertex -7.71036958694458 1.6999619007110596 1.399999976158142
vertex -8.710369110107422 1.6999619007110596 1.399999976158142
endloop
endfacet
facet normal 0.0 -0.0 1.0
outer loop
vertex -8.0 -0.5 1.399999976158142
vertex -5.0 0.0 1.399999976158142
vertex -8.0 0.5 1.399999976158142
endloop
endfacet
facet normal -0.0 -0.0 1.0
outer loop
vertex -8.0 0.5 1.399999976158142
vertex -5.0 0.0 1.399999976158142
vertex -7.71036958694458 1.6999619007110596 1.399999976158142
endloop
endfacet
facet normal -0.0 -0.0 0.9999999999999999
outer loop
vertex -7.71036958694458 1.6999619007110596 1.399999976158142
vertex -5.0 0.0 1.399999976158142
vertex -7.71036958694458 2.6999619007110596 1.399999976158142
endloop
endfacet
facet normal -0.0 -0.0 1.0
outer loop
vertex -7.71036958694458 2.6999619007110596 1.399999976158142
vertex -5.0 0.0 1.399999976158142
vertex -6.861216068267822 3.75 1.399999976158142
endloop
endfacet
facet normal 0.0 -0.0 1.0
outer loop
vertex -8.710369110107422 2.6999619007110596 1.399999976158142
vertex -7.71036958694458 2.6999619007110596 1.399999976158142
vertex -7.861216068267822 3.75 1.399999976158142
endloop
endfacet
facet normal 0.0 0.0 1.0
outer loop
vertex -8.710369110107422 2.6999619007110596 1.399999976158142
vertex -7.861216068267822 3.75 1.399999976158142
vertex -7.861216068267822 4.75 1.399999976158142
endloop
endfacet
facet normal 0.0 -0.0 1.0
outer loop
vertex -7.71036958694458 2.6999619007110596 1.399999976158142
vertex -6.861216068267822 3.75 1.399999976158142
vertex -7.861216068267822 3.75 1.399999976158142
endloop
endfacet
facet normal -0.0 -0.0 1.0
outer loop
vertex -6.861216068267822 3.75 1.399999976158142
vertex -5.0 0.0 1.399999976158142
vertex -6.861216068267822 4.75 1.399999976158142
endloop
endfacet
facet normal 0.0 0.0 1.0
outer loop
vertex -7.861216068267822 4.75 1.399999976158142
vertex -6.861216068267822 4.75 1.399999976158142
vertex -6.510407447814941 5.510407447814941 1.399999976158142
endloop
endfacet
facet normal 0.0 0.0 1.0
outer loop
vertex -7.861216068267822 4.75 1.399999976158142
vertex -6.510407447814941 5.510407447814941 1.399999976158142
vertex -6.510407447814941 6.510407447814941 1.399999976158142
endloop
endfacet
facet normal 0.0 -0.0 1.0
outer loop
vertex -6.861216068267822 4.75 1.399999976158142
vertex -5.510407447814941 5.510407447814941 1.399999976158142
vertex -6.510407447814941 5.510407447814941 1.399999976158142
endloop
endfacet
facet normal 0.0 0.0 -1.0
outer loop
vertex -5.0 0.0 0.0
vertex 0.0 32.0 0.0
vertex 0.0 -32.0 0.0
endloop
endfacet
facet normal -0.0 -0.0 1.0
outer loop
vertex -6.861216068267822 4.75 1.399999976158142
vertex -5.0 0.0 1.399999976158142
vertex -5.510407447814941 5.510407447814941 1.399999976158142
endloop
endfacet
facet normal 0.0 -0.0 1.0
outer loop
vertex -5.0 0.0 1.399999976158142
vertex -3.75 6.861216068267822 1.399999976158142
vertex -5.510407447814941 5.510407447814941 1.399999976158142
endloop
endfacet
facet normal 0.0 -0.0 1.0
outer loop
vertex -1.6999619007110596 -7.71036958694458 1.399999976158142
vertex -1.6999619007110596 7.71036958694458 1.399999976158142
vertex -5.0 0.0 1.399999976158142
endloop
endfacet
facet normal 0.0 -0.0 1.0
outer loop
vertex -5.510407447814941 5.510407447814941 1.399999976158142
vertex -4.75 6.861216068267822 1.399999976158142
vertex -5.510407447814941 6.510407447814941 1.399999976158142
endloop
endfacet
facet normal 0.0 -0.0 1.0
outer loop
vertex -5.510407447814941 5.510407447814941 1.399999976158142
vertex -3.75 6.861216068267822 1.399999976158142
vertex -4.75 6.861216068267822 1.399999976158142
endloop
endfacet
facet normal 0.0 -0.0 0.9999999999999999
outer loop
vertex -5.0 0.0 1.399999976158142
vertex -2.6999619007110596 7.71036958694458 1.399999976158142
vertex -3.75 6.861216068267822 1.399999976158142
endloop
endfacet
facet normal 0.0 -0.0 1.0
outer loop
vertex -5.0 0.0 1.399999976158142
vertex -1.6999619007110596 7.71036958694458 1.399999976158142
vertex -2.6999619007110596 7.71036958694458 1.399999976158142
endloop
endfacet
facet normal 0.0 0.0 1.0
outer loop
vertex -5.510407447814941 6.510407447814941 1.399999976158142
vertex -4.75 6.861216068267822 1.399999976158142
vertex -4.75 7.861216068267822 1.399999976158142
endloop
endfacet
facet normal 0.0 -0.0 1.0
outer loop
vertex -3.75 6.861216068267822 1.399999976158142
vertex -2.6999619007110596 7.71036958694458 1.399999976158142
vertex -3.75 7.861216068267822 1.399999976158142
endloop
endfacet
facet normal 0.0 0.0 1.0
outer loop
vertex -4.75 7.861216068267822 1.399999976158142
vertex -3.75 7.861216068267822 1.399999976158142
vertex -2.6999619007110596 8.710369110107422 1.399999976158142
endloop
endfacet
facet normal -0.0 0.0 1.0
outer loop
vertex -3.75 7.861216068267822 1.399999976158142
vertex -2.6999619007110596 7.71036958694458 1.399999976158142
vertex -2.6999619007110596 8.710369110107422 1.399999976158142
endloop
endfacet
facet normal -1.0 0.0 0.0
outer loop
vertex -10.0 -31.200000762939453 1.399999976158142
vertex -10.0 31.200000762939453 1.399999976158142
vertex -10.0 32.0 0.800000011920929
endloop
endfacet
facet normal 0.0 -0.0 0.9999999999999999
outer loop
vertex -9.0 0.5 1.399999976158142
vertex -8.710369110107422 2.6999619007110596 1.399999976158142
vertex -10.0 31.200000762939453 1.399999976158142
endloop
endfacet
facet normal 0.0 -0.0 0.9999999999999999
outer loop
vertex -8.710369110107422 2.6999619007110596 1.399999976158142
vertex -7.861216068267822 4.75 1.399999976158142
vertex -10.0 31.200000762939453 1.399999976158142
endloop
endfacet
facet normal 0.0 -0.0 1.0
outer loop
vertex -7.861216068267822 4.75 1.399999976158142
vertex -6.510407447814941 6.510407447814941 1.399999976158142
vertex -10.0 31.200000762939453 1.399999976158142
endloop
endfacet
facet normal 0.0 -0.0 1.0
outer loop
vertex -1.6999619007110596 -7.71036958694458 1.399999976158142
vertex -0.5 31.200000762939453 1.399999976158142
vertex -1.6999619007110596 7.71036958694458 1.399999976158142
endloop
endfacet
facet normal 0.0 0.0 1.0
outer loop
vertex -6.510407447814941 6.510407447814941 1.399999976158142
vertex -5.510407447814941 6.510407447814941 1.399999976158142
vertex -0.5 31.200000762939453 1.399999976158142
endloop
endfacet
facet normal 0.0 0.0 1.0
outer loop
vertex -5.510407447814941 6.510407447814941 1.399999976158142
vertex -4.75 7.861216068267822 1.399999976158142
vertex -0.5 31.200000762939453 1.399999976158142
endloop
endfacet
facet normal 0.0 0.0 1.0
outer loop
vertex -4.75 7.861216068267822 1.399999976158142
vertex -2.6999619007110596 8.710369110107422 1.399999976158142
vertex -0.5 31.200000762939453 1.399999976158142
endloop
endfacet
facet normal 0.0 0.0 1.0
outer loop
vertex -2.6999619007110596 8.710369110107422 1.399999976158142
vertex -1.6999619007110596 8.710369110107422 1.399999976158142
vertex -0.5 31.200000762939453 1.399999976158142
endloop
endfacet
facet normal 0.0 -0.0 1.0
outer loop
vertex -1.6999619007110596 7.71036958694458 1.399999976158142
vertex -0.5 31.200000762939453 1.399999976158142
vertex -1.6999619007110596 8.710369110107422 1.399999976158142
endloop
endfacet
facet normal 0.0 0.0 -1.0
outer loop
vertex -15.0 0.0 0.0
vertex -20.0 32.0 0.0
vertex -10.0 32.0 0.0
endloop
endfacet
facet normal 0.0 -0.0 1.0
outer loop
vertex -15.0 0.0 0.800000011920929
vertex -10.0 32.0 0.800000011920929
vertex -20.0 32.0 0.800000011920929
endloop
endfacet
facet normal -0.0 1.0 0.0
outer loop
vertex -30.0 32.0 0.800000011920929
vertex -20.0 32.0 0.800000011920929
vertex -20.0 32.0 0.0
endloop
endfacet
facet normal -0.0 1.0 0.0
outer loop
vertex -30.0 32.0 1.399999976158142
vertex -20.0 32.0 1.399999976158142
vertex -20.0 32.0 0.800000011920929
endloop
endfacet
facet normal -0.0 1.0 0.0
outer loop
vertex -20.0 32.0 0.0
vertex -20.0 32.0 0.800000011920929
vertex -10.0 32.0 0.0
endloop
endfacet
facet normal -0.0 1.0 0.0
outer loop
vertex -20.0 32.0 0.800000011920929
vertex -10.0 32.0 0.800000011920929
vertex -10.0 32.0 0.0
endloop
endfacet
facet normal 0.0 0.0 -1.0
outer loop
vertex -5.0 0.0 0.0
vertex -10.0 32.0 0.0
vertex 0.0 32.0 0.0
endloop
endfacet
facet normal 0.0 -0.0 1.0
outer loop
vertex -6.510407447814941 6.510407447814941 1.399999976158142
vertex -0.5 31.200000762939453 1.399999976158142
vertex -10.0 31.200000762939453 1.399999976158142
endloop
endfacet
facet normal -1.0 0.0 0.0
outer loop
vertex -10.0 32.0 0.800000011920929
vertex -10.0 31.200000762939453 1.399999976158142
vertex -10.0 32.0 1.399999976158142
endloop
endfacet
facet normal -0.0 1.0 0.0
outer loop
vertex -10.0 32.0 0.0
vertex -10.0 32.0 0.800000011920929
vertex 0.0 32.0 0.0
endloop
endfacet
facet normal -0.0 1.0 0.0
outer loop
vertex -10.0 32.0 0.800000011920929
vertex -10.0 32.0 1.399999976158142
vertex 0.0 32.0 0.800000011920929
endloop
endfacet
facet normal -0.0 1.0 0.0
outer loop
vertex -10.0 32.0 0.800000011920929
vertex 0.0 32.0 0.800000011920929
vertex 0.0 32.0 0.0
endloop
endfacet
facet normal -0.0 1.0 0.0
outer loop
vertex -10.0 32.0 1.399999976158142
vertex 0.0 32.0 1.399999976158142
vertex 0.0 32.0 0.800000011920929
endloop
endfacet
facet normal 0.0 -0.9999999999999999 0.0
outer loop
vertex 0.0 -32.0 0.0
vertex 4.5 -32.0 0.0
vertex 0.0 -32.0 0.800000011920929
endloop
endfacet
facet normal 0.0 -0.9999999999999999 0.0
outer loop
vertex 0.0 -32.0 0.800000011920929
vertex 4.5 -32.0 0.0
vertex 4.5 -32.0 0.800000011920929
endloop
endfacet
facet normal 0.0 0.0 1.0
outer loop
vertex 0.0 -32.0 0.800000011920929
vertex 4.5 -32.0 0.800000011920929
vertex 4.5 -31.0 0.800000011920929
endloop
endfacet
facet normal 0.0 -1.0 0.0
outer loop
vertex 7.5 -32.0 0.0
vertex 10.0 -32.0 0.0
vertex 7.5 -32.0 0.800000011920929
endloop
endfacet
facet normal 0.0 -0.0 1.0
outer loop
vertex 7.5 -32.0 0.800000011920929
vertex 10.0 -32.0 0.800000011920929
vertex 7.5 -31.0 0.800000011920929
endloop
endfacet
facet normal 0.0 -1.0 0.0
outer loop
vertex 7.5 -32.0 0.800000011920929
vertex 10.0 -32.0 0.0
vertex 10.0 -32.0 0.800000011920929
endloop
endfacet
facet normal 0.0 -0.0 -1.0
outer loop
vertex 0.0 -32.0 0.0
vertex 5.0 0.0 0.0
vertex 4.5 -32.0 0.0
endloop
endfacet
facet normal 0.0 0.0 -1.0
outer loop
vertex 4.5 -32.0 0.0
vertex 5.0 0.0 0.0
vertex 6.5 -32.0 0.0
endloop
endfacet
facet normal 0.0 0.0 1.0
outer loop
vertex 0.0 -32.0 0.800000011920929
vertex 4.5 -31.0 0.800000011920929
vertex 5.0 0.0 0.800000011920929
endloop
endfacet
facet normal 0.0 -0.0 1.0
outer loop
vertex 4.5 -31.0 0.800000011920929
vertex 7.5 -31.0 0.800000011920929
vertex 5.0 0.0 0.800000011920929
endloop
endfacet
facet normal 0.0 0.0 -1.0
outer loop
vertex 6.5 -32.0 0.0
vertex 5.0 0.0 0.0
vertex 7.5 -32.0 0.0
endloop
endfacet
facet normal 0.0 0.0 -1.0
outer loop
vertex 7.5 -32.0 0.0
vertex 5.0 0.0 0.0
vertex 10.0 -32.0 0.0
endloop
endfacet
facet normal -0.0 -0.0 1.0
outer loop
vertex 7.5 -31.0 0.800000011920929
vertex 10.0 -32.0 0.800000011920929
vertex 5.0 0.0 0.800000011920929
endloop
endfacet
facet normal 0.0 -1.0 0.0
outer loop
vertex 10.0 -32.0 0.0
vertex 20.0 -32.0 0.800000011920929
vertex 10.0 -32.0 0.800000011920929
endloop
endfacet
facet normal 0.0 -1.0 0.0
outer loop
vertex 10.0 -32.0 0.800000011920929
vertex 20.0 -32.0 1.399999976158142
vertex 10.0 -32.0 1.399999976158142
endloop
endfacet
facet normal 0.0 -1.0 0.0
outer loop
vertex 10.0 -32.0 0.0
vertex 20.0 -32.0 0.0
vertex 20.0 -32.0 0.800000011920929
endloop
endfacet
facet normal 0.0 -1.0 0.0
outer loop
vertex 10.0 -32.0 0.800000011920929
vertex 20.0 -32.0 0.800000011920929
vertex 20.0 -32.0 1.399999976158142
endloop
endfacet
facet normal 1.0 0.0 -0.0
outer loop
vertex 20.0 -32.0 0.800000011920929
vertex 20.0 -31.200000762939453 1.399999976158142
vertex 20.0 -32.0 1.399999976158142
endloop
endfacet
facet normal 0.0 -1.0 0.0
outer loop
vertex 20.0 -32.0 0.0
vertex 30.0 -32.0 0.800000011920929
vertex 20.0 -32.0 0.800000011920929
endloop
endfacet
facet normal 0.0 0.0 -1.0
outer loop
vertex 10.0 -32.0 0.0
vertex 15.0 0.0 0.0
vertex 20.0 -32.0 0.0
endloop
endfacet
facet normal 0.0 -0.0 1.0
outer loop
vertex 10.0 -31.200000762939453 1.399999976158142
vertex 20.0 -31.200000762939453 1.399999976158142
vertex 15.0 0.0 1.399999976158142
endloop
endfacet
facet normal 1.0 0.0 -0.0
outer loop
vertex 0.0 -32.0 0.800000011920929
vertex 0.0 32.0 1.399999976158142
vertex 0.0 -32.0 1.399999976158142
endloop
endfacet
facet normal -1.0 0.0 0.0
outer loop
vertex 10.0 -32.0 0.800000011920929
vertex 10.0 -32.0 1.399999976158142
vertex 10.0 32.0 0.800000011920929
endloop
endfacet
facet normal -1.0 0.0 0.0
outer loop
vertex 10.0 -32.0 1.399999976158142
vertex 10.0 -31.200000762939453 1.399999976158142
vertex 10.0 32.0 0.800000011920929
endloop
endfacet
facet normal 1.0 0.0 -0.0
outer loop
vertex 20.0 -32.0 0.800000011920929
vertex 20.0 31.200000762939453 1.399999976158142
vertex 20.0 -31.200000762939453 1.399999976158142
endloop
endfacet
facet normal 0.0 -1.0 0.0
outer loop
vertex 20.0 -32.0 0.0
vertex 30.0 -32.0 0.0
vertex 30.0 -32.0 0.800000011920929
endloop
endfacet
facet normal 0.0 -1.0 0.0
outer loop
vertex 30.0 -32.0 0.0
vertex 40.0 -32.0 0.800000011920929
vertex 30.0 -32.0 0.800000011920929
endloop
endfacet
facet normal 0.0 -1.0 0.0
outer loop
vertex 30.0 -32.0 0.800000011920929
vertex 40.0 -32.0 1.399999976158142
vertex 30.0 -32.0 1.399999976158142
endloop
endfacet
facet normal 0.0 0.0 -1.0
outer loop
vertex 20.0 -32.0 0.0
vertex 25.0 0.0 0.0
vertex 30.0 -32.0 0.0
endloop
endfacet
facet normal 0.0 -0.0 1.0
outer loop
vertex 20.0 -32.0 0.800000011920929
vertex 30.0 -32.0 0.800000011920929
vertex 25.0 0.0 0.800000011920929
endloop
endfacet
facet normal 0.0 -0.0 0.9999999999999999
outer loop
vertex 30.0 -31.200000762939453 1.399999976158142
vertex 35.099998474121094 -20.0 1.399999976158142
vertex 34.29999923706055 -19.399999618530273 1.399999976158142
endloop
endfacet
facet normal 0.0 -0.0 1.0
outer loop
vertex 30.0 -31.200000762939453 1.399999976158142
vertex 40.0 -20.0 1.399999976158142
vertex 35.099998474121094 -20.0 1.399999976158142
endloop
endfacet
facet normal 0.0 0.0 -1.0
outer loop
vertex 30.0 -32.0 0.0
vertex 35.0 0.0 0.0
vertex 40.0 -32.0 0.0
endloop
endfacet
facet normal -0.0 0.0 1.0
outer loop
vertex 34.29999923706055 -19.399999618530273 1.399999976158142
vertex 35.099998474121094 -20.0 1.399999976158142
vertex 35.099998474121094 -19.399999618530273 1.399999976158142
endloop
endfacet
facet normal 0.0 -1.0 0.0
outer loop
vertex 30.0 -32.0 0.0
vertex 40.0 -32.0 0.0
vertex 40.0 -32.0 0.800000011920929
endloop
endfacet
facet normal 0.0 -1.0 0.0
outer loop
vertex 30.0 -32.0 0.800000011920929
vertex 40.0 -32.0 0.800000011920929
vertex 40.0 -32.0 1.399999976158142
endloop
endfacet
facet normal 1.0 0.0 -0.0
outer loop
vertex 40.0 -32.0 0.800000011920929
vertex 40.0 -31.200000762939453 1.399999976158142
vertex 40.0 -32.0 1.399999976158142
endloop
endfacet
facet normal 0.0 -1.0 0.0
outer loop
vertex 40.0 -32.0 0.0
vertex 50.0 -32.0 0.800000011920929
vertex 40.0 -32.0 0.800000011920929
endloop
endfacet
facet normal 0.0 -1.0 0.0
outer loop
vertex 40.0 -32.0 0.0
vertex 50.0 -32.0 0.0
vertex 50.0 -32.0 0.800000011920929
endloop
endfacet
facet normal 1.0 0.0 -0.0
outer loop
vertex 40.0 -32.0 0.800000011920929
vertex 40.0 -20.0 1.399999976158142
vertex 40.0 -31.200000762939453 1.399999976158142
endloop
endfacet
facet normal 1.0 0.0 -0.0
outer loop
vertex 40.0 -32.0 0.800000011920929
vertex 40.0 -19.200000762939453 1.399999976158142
vertex 40.0 -20.0 1.399999976158142
endloop
endfacet
facet normal 0.0 0.0 1.0
outer loop
vertex 30.0 -31.200000762939453 1.399999976158142
vertex 40.0 -31.200000762939453 1.399999976158142
vertex 40.0 -20.0 1.399999976158142
endloop
endfacet
facet normal 0.0 0.0 -1.0
outer loop
vertex 40.0 -32.0 0.0
vertex 45.0 0.0 0.0
vertex 50.0 -32.0 0.0
endloop
endfacet
facet normal 0.0 -0.0 1.0
outer loop
vertex 40.0 -32.0 0.800000011920929
vertex 50.0 -32.0 0.800000011920929
vertex 45.0 0.0 0.800000011920929
endloop
endfacet
facet normal -1.0 0.0 0.0
outer loop
vertex 30.0 -32.0 0.800000011920929
vertex 30.0 -32.0 1.399999976158142
vertex 30.0 32.0 0.800000011920929
endloop
endfacet
facet normal -1.0 0.0 0.0
outer loop
vertex 30.0 -32.0 1.399999976158142
vertex 30.0 -31.200000762939453 1.399999976158142
vertex 30.0 32.0 0.800000011920929
endloop
endfacet
facet normal 0.0 -0.0 1.0
outer loop
vertex 30.0 -31.200000762939453 1.399999976158142
vertex 34.29999923706055 -19.399999618530273 1.399999976158142
vertex 30.0 31.200000762939453 1.399999976158142
endloop
endfacet
facet normal 0.0 -0.0 1.0
outer loop
vertex 35.099998474121094 -19.200000762939453 1.399999976158142
vertex 38.70000076293945 -0.5 1.399999976158142
vertex 35.099998474121094 19.200000762939453 1.399999976158142
endloop
endfacet
facet normal 1.0 0.0 -0.0
outer loop
vertex 40.0 -32.0 0.800000011920929
vertex 40.0 19.200000762939453 1.399999976158142
vertex 40.0 -19.200000762939453 1.399999976158142
endloop
endfacet
facet normal 0.0 -0.0 1.0
outer loop
vertex 35.099998474121094 -19.200000762939453 1.399999976158142
vertex 40.0 -19.200000762939453 1.399999976158142
vertex 38.70000076293945 -0.5 1.399999976158142
endloop
endfacet
facet normal 0.0 0.0 -1.0
outer loop
vertex 50.0 -32.0 0.0
vertex 45.0 0.0 0.0
vertex 50.0 -3.700000047683716 0.0
endloop
endfacet
facet normal 0.0 -0.0 1.0
outer loop
vertex 50.0 -32.0 0.800000011920929
vertex 50.0 -3.700000047683716 0.800000011920929
vertex 45.0 0.0 0.800000011920929
endloop
endfacet
facet normal 0.0 0.0 1.0
outer loop
vertex 40.0 -19.200000762939453 1.399999976158142
vertex 39.70000076293945 -0.5 1.399999976158142
vertex 38.70000076293945 -0.5 1.399999976158142
endloop
endfacet
facet normal 0.0 0.0 1.0
outer loop
vertex 40.0 -19.200000762939453 1.399999976158142
vertex 39.70000076293945 0.5 1.399999976158142
vertex 39.70000076293945 -0.5 1.399999976158142
endloop
endfacet
facet normal 0.0 0.0 -1.0
outer loop
vertex 50.0 -3.700000047683716 0.0
vertex 45.0 0.0 0.0
vertex 50.0 -3.5 0.0
endloop
endfacet
facet normal 0.0 -0.0 1.0
outer loop
vertex 50.0 -3.700000047683716 0.800000011920929
vertex 50.0 -3.5 0.800000011920929
vertex 45.0 0.0 0.800000011920929
endloop
endfacet
facet normal 1.0 0.0 -0.0
outer loop
vertex 50.0 -32.0 0.0
vertex 50.0 -3.700000047683716 0.0
vertex 50.0 -32.0 0.800000011920929
endloop
endfacet
facet normal 1.0 -0.0 0.0
outer loop
vertex 50.0 -32.0 0.800000011920929
vertex 50.0 -3.700000047683716 0.0
vertex 50.0 -3.700000047683716 0.800000011920929
endloop
endfacet
facet normal 1.0 0.0 -0.0
outer loop
vertex 50.0 -3.5 0.0
vertex 50.0 3.5 0.0
vertex 50.0 -3.5 0.800000011920929
endloop
endfacet
facet normal 0.0 0.0 -1.0
outer loop
vertex 0.0 -32.0 0.0
vertex 0.0 32.0 0.0
vertex 5.0 0.0 0.0
endloop
endfacet
facet normal 0.0 -0.0 1.0
outer loop
vertex 0.0 -32.0 0.800000011920929
vertex 5.0 0.0 0.800000011920929
vertex 0.0 32.0 0.800000011920929
endloop
endfacet
facet normal 0.0 0.0 -1.0
outer loop
vertex 10.0 -32.0 0.0
vertex 5.0 0.0 0.0
vertex 10.0 32.0 0.0
endloop
endfacet
facet normal 0.0 -0.0 1.0
outer loop
vertex 10.0 -32.0 0.800000011920929
vertex 10.0 32.0 0.800000011920929
vertex 5.0 0.0 0.800000011920929
endloop
endfacet
facet normal 0.0 0.0 -1.0
outer loop
vertex 10.0 -32.0 0.0
vertex 10.0 32.0 0.0
vertex 15.0 0.0 0.0
endloop
endfacet
facet normal 0.0 -0.0 1.0
outer loop
vertex 10.0 -31.200000762939453 1.399999976158142
vertex 15.0 0.0 1.399999976158142
vertex 10.0 31.200000762939453 1.399999976158142
endloop
endfacet
facet normal 1.0 0.0 0.0
outer loop
vertex 0.0 -32.0 0.800000011920929
vertex 0.0 32.0 0.800000011920929
vertex 0.0 32.0 1.399999976158142
endloop
endfacet
facet normal -1.0 0.0 0.0
outer loop
vertex 10.0 -31.200000762939453 1.399999976158142
vertex 10.0 31.200000762939453 1.399999976158142
vertex 10.0 32.0 0.800000011920929
endloop
endfacet
facet normal 0.0 0.0 -1.0
outer loop
vertex 20.0 -32.0 0.0
vertex 15.0 0.0 0.0
vertex 20.0 32.0 0.0
endloop
endfacet
facet normal 0.0 0.0 -1.0
outer loop
vertex 20.0 -32.0 0.0
vertex 20.0 32.0 0.0
vertex 25.0 0.0 0.0
endloop
endfacet
facet normal 0.0 -0.0 1.0
outer loop
vertex 20.0 -32.0 0.800000011920929
vertex 25.0 0.0 0.800000011920929
vertex 20.0 32.0 0.800000011920929
endloop
endfacet
facet normal 0.0 -0.0 1.0
outer loop
vertex 20.0 -31.200000762939453 1.399999976158142
vertex 20.0 31.200000762939453 1.399999976158142
vertex 15.0 0.0 1.399999976158142
endloop
endfacet
facet normal 1.0 0.0 -0.0
outer loop
vertex 20.0 -32.0 0.800000011920929
vertex 20.0 32.0 1.399999976158142
vertex 20.0 31.200000762939453 1.399999976158142
endloop
endfacet
facet normal 1.0 0.0 0.0
outer loop
vertex 20.0 -32.0 0.800000011920929
vertex 20.0 32.0 0.800000011920929
vertex 20.0 32.0 1.399999976158142
endloop
endfacet
facet normal 0.0 0.0 -1.0
outer loop
vertex 5.0 0.0 0.0
vertex 0.0 32.0 0.0
vertex 10.0 32.0 0.0
endloop
endfacet
facet normal 0.0 -0.0 1.0
outer loop
vertex 5.0 0.0 0.800000011920929
vertex 10.0 32.0 0.800000011920929
vertex 0.0 32.0 0.800000011920929
endloop
endfacet
facet normal -0.0 1.0 0.0
outer loop
vertex 0.0 32.0 0.0
vertex 0.0 32.0 0.800000011920929
vertex 10.0 32.0 0.0
endloop
endfacet
facet normal -0.0 1.0 0.0
outer loop
vertex 0.0 32.0 0.800000011920929
vertex 10.0 32.0 0.800000011920929
vertex 10.0 32.0 0.0
endloop
endfacet
facet normal -1.0 0.0 0.0
outer loop
vertex 10.0 32.0 0.800000011920929
vertex 10.0 31.200000762939453 1.399999976158142
vertex 10.0 32.0 1.399999976158142
endloop
endfacet
facet normal 0.0 0.0 -1.0
outer loop
vertex 15.0 0.0 0.0
vertex 10.0 32.0 0.0
vertex 20.0 32.0 0.0
endloop
endfacet
facet normal 0.0 -0.0 1.0
outer loop
vertex 15.0 0.0 1.399999976158142
vertex 20.0 31.200000762939453 1.399999976158142
vertex 10.0 31.200000762939453 1.399999976158142
endloop
endfacet
facet normal -0.0 1.0 0.0
outer loop
vertex 10.0 32.0 0.0
vertex 10.0 32.0 0.800000011920929
vertex 20.0 32.0 0.0
endloop
endfacet
facet normal -0.0 1.0 0.0
outer loop
vertex 10.0 32.0 0.800000011920929
vertex 10.0 32.0 1.399999976158142
vertex 20.0 32.0 0.800000011920929
endloop
endfacet
facet normal -0.0 1.0 0.0
outer loop
vertex 10.0 32.0 0.800000011920929
vertex 20.0 32.0 0.800000011920929
vertex 20.0 32.0 0.0
endloop
endfacet
facet normal -0.0 1.0 0.0
outer loop
vertex 10.0 32.0 1.399999976158142
vertex 20.0 32.0 1.399999976158142
vertex 20.0 32.0 0.800000011920929
endloop
endfacet
facet normal -0.0 1.0 0.0
outer loop
vertex 20.0 32.0 0.0
vertex 20.0 32.0 0.800000011920929
vertex 30.0 32.0 0.0
endloop
endfacet
facet normal 0.0 0.0 -1.0
outer loop
vertex 30.0 -32.0 0.0
vertex 25.0 0.0 0.0
vertex 30.0 32.0 0.0
endloop
endfacet
facet normal 0.0 -0.0 1.0
outer loop
vertex 30.0 -32.0 0.800000011920929
vertex 30.0 32.0 0.800000011920929
vertex 25.0 0.0 0.800000011920929
endloop
endfacet
facet normal 0.0 0.0 -1.0
outer loop
vertex 30.0 -32.0 0.0
vertex 30.0 32.0 0.0
vertex 35.0 0.0 0.0
endloop
endfacet
facet normal -1.0 0.0 0.0
outer loop
vertex 30.0 -31.200000762939453 1.399999976158142
vertex 30.0 31.200000762939453 1.399999976158142
vertex 30.0 32.0 0.800000011920929
endloop
endfacet
facet normal 0.0 -0.0 0.9999999999999999
outer loop
vertex 34.29999923706055 -19.399999618530273 1.399999976158142
vertex 34.29999923706055 19.399999618530273 1.399999976158142
vertex 30.0 31.200000762939453 1.399999976158142
endloop
endfacet
facet normal 0.0 0.0 -1.0
outer loop
vertex 40.0 -32.0 0.0
vertex 35.0 0.0 0.0
vertex 40.0 32.0 0.0
endloop
endfacet
facet normal 0.0 0.0 -1.0
outer loop
vertex 40.0 -32.0 0.0
vertex 40.0 32.0 0.0
vertex 45.0 0.0 0.0
endloop
endfacet
facet normal 0.0 -0.0 1.0
outer loop
vertex 40.0 -32.0 0.800000011920929
vertex 45.0 0.0 0.800000011920929
vertex 40.0 32.0 0.800000011920929
endloop
endfacet
facet normal 1.0 0.0 -0.0
outer loop
vertex 40.0 -32.0 0.800000011920929
vertex 40.0 20.0 1.399999976158142
vertex 40.0 19.200000762939453 1.399999976158142
endloop
endfacet
facet normal 0.0 -0.0 1.0
outer loop
vertex 40.0 -19.200000762939453 1.399999976158142
vertex 40.0 19.200000762939453 1.399999976158142
vertex 39.70000076293945 0.5 1.399999976158142
endloop
endfacet
facet normal 1.0 0.0 -0.0
outer loop
vertex 40.0 -32.0 0.800000011920929
vertex 40.0 31.200000762939453 1.399999976158142
vertex 40.0 20.0 1.399999976158142
endloop
endfacet
facet normal 0.0 -0.0 1.0
outer loop
vertex 38.70000076293945 -0.5 1.399999976158142
vertex 38.70000076293945 0.5 1.399999976158142
vertex 35.099998474121094 19.200000762939453 1.399999976158142
endloop
endfacet
facet normal 0.0 0.0 1.0
outer loop
vertex 38.70000076293945 0.5 1.399999976158142
vertex 39.70000076293945 0.5 1.399999976158142
vertex 40.0 19.200000762939453 1.399999976158142
endloop
endfacet
facet normal 0.0 0.0 -1.0
outer loop
vertex 50.0 -3.5 0.0
vertex 45.0 0.0 0.0
vertex 50.0 3.5 0.0
endloop
endfacet
facet normal 0.0 -0.0 1.0
outer loop
vertex 50.0 -3.5 0.800000011920929
vertex 50.0 3.5 0.800000011920929
vertex 45.0 0.0 0.800000011920929
endloop
endfacet
facet normal 0.0 0.0 -1.0
outer loop
vertex 45.0 0.0 0.0
vertex 50.0 3.700000047683716 0.0
vertex 50.0 3.5 0.0
endloop
endfacet
facet normal 0.0 0.0 1.0
outer loop
vertex 45.0 0.0 0.800000011920929
vertex 50.0 3.5 0.800000011920929
vertex 50.0 3.700000047683716 0.800000011920929
endloop
endfacet
facet normal 1.0 0.0 -0.0
outer loop
vertex 40.0 -32.0 0.800000011920929
vertex 40.0 32.0 1.399999976158142
vertex 40.0 31.200000762939453 1.399999976158142
endloop
endfacet
facet normal 1.0 0.0 0.0
outer loop
vertex 40.0 -32.0 0.800000011920929
vertex 40.0 32.0 0.800000011920929
vertex 40.0 32.0 1.399999976158142
endloop
endfacet
facet normal 0.0 -0.0 1.0
outer loop
vertex 38.70000076293945 0.5 1.399999976158142
vertex 40.0 19.200000762939453 1.399999976158142
vertex 35.099998474121094 19.200000762939453 1.399999976158142
endloop
endfacet
facet normal 0.0 0.0 -1.0
outer loop
vertex 45.0 0.0 0.0
vertex 50.0 32.0 0.0
vertex 50.0 3.700000047683716 0.0
endloop
endfacet
facet normal 0.0 0.0 1.0
outer loop
vertex 45.0 0.0 0.800000011920929
vertex 50.0 3.700000047683716 0.800000011920929
vertex 50.0 32.0 0.800000011920929
endloop
endfacet
facet normal 0.0 -0.0 -1.0
outer loop
vertex 20.0 32.0 0.0
vertex 30.0 32.0 0.0
vertex 25.0 0.0 0.0
endloop
endfacet
facet normal -0.0 0.0 1.0
outer loop
vertex 20.0 32.0 0.800000011920929
vertex 25.0 0.0 0.800000011920929
vertex 30.0 32.0 0.800000011920929
endloop
endfacet
facet normal 0.0 0.0 -1.0
outer loop
vertex 35.0 0.0 0.0
vertex 30.0 32.0 0.0
vertex 40.0 32.0 0.0
endloop
endfacet
facet normal 0.0 0.0 1.0
outer loop
vertex 34.29999923706055 19.399999618530273 1.399999976158142
vertex 35.099998474121094 19.399999618530273 1.399999976158142
vertex 35.099998474121094 20.0 1.399999976158142
endloop
endfacet
facet normal 0.0 -0.0 0.9999999999999999
outer loop
vertex 34.29999923706055 19.399999618530273 1.399999976158142
vertex 35.099998474121094 20.0 1.399999976158142
vertex 30.0 31.200000762939453 1.399999976158142
endloop
endfacet
facet normal 0.0 -0.0 1.0
outer loop
vertex 35.099998474121094 20.0 1.399999976158142
vertex 40.0 31.200000762939453 1.399999976158142
vertex 30.0 31.200000762939453 1.399999976158142
endloop
endfacet
facet normal -0.0 1.0 0.0
outer loop
vertex 20.0 32.0 0.800000011920929
vertex 30.0 32.0 0.800000011920929
vertex 30.0 32.0 0.0
endloop
endfacet
facet normal -1.0 0.0 0.0
outer loop
vertex 30.0 32.0 0.800000011920929
vertex 30.0 31.200000762939453 1.399999976158142
vertex 30.0 32.0 1.399999976158142
endloop
endfacet
facet normal -0.0 1.0 0.0
outer loop
vertex 30.0 32.0 0.0
vertex 30.0 32.0 0.800000011920929
vertex 40.0 32.0 0.0
endloop
endfacet
facet normal -0.0 1.0 0.0
outer loop
vertex 30.0 32.0 0.800000011920929
vertex 30.0 32.0 1.399999976158142
vertex 40.0 32.0 0.800000011920929
endloop
endfacet
facet normal 0.0 0.0 1.0
outer loop
vertex 35.099998474121094 20.0 1.399999976158142
vertex 40.0 20.0 1.399999976158142
vertex 40.0 31.200000762939453 1.399999976158142
endloop
endfacet
facet normal 0.0 0.0 -1.0
outer loop
vertex 45.0 0.0 0.0
vertex 40.0 32.0 0.0
vertex 50.0 32.0 0.0
endloop
endfacet
facet normal 0.0 -0.0 1.0
outer loop
vertex 45.0 0.0 0.800000011920929
vertex 50.0 32.0 0.800000011920929
vertex 40.0 32.0 0.800000011920929
endloop
endfacet
facet normal -0.0 1.0 0.0
outer loop
vertex 30.0 32.0 0.800000011920929
vertex 40.0 32.0 0.800000011920929
vertex 40.0 32.0 0.0
endloop
endfacet
facet normal -0.0 1.0 0.0
outer loop
vertex 30.0 32.0 1.399999976158142
vertex 40.0 32.0 1.399999976158142
vertex 40.0 32.0 0.800000011920929
endloop
endfacet
facet normal -0.0 1.0 0.0
outer loop
vertex 40.0 32.0 0.0
vertex 40.0 32.0 0.800000011920929
vertex 50.0 32.0 0.0
endloop
endfacet
facet normal -0.0 1.0 0.0
outer loop
vertex 40.0 32.0 0.800000011920929
vertex 50.0 32.0 0.800000011920929
vertex 50.0 32.0 0.0
endloop
endfacet
facet normal 1.0 -0.0 0.0
outer loop
vertex 50.0 -3.5 0.800000011920929
vertex 50.0 3.5 0.0
vertex 50.0 3.5 0.800000011920929
endloop
endfacet
facet normal 1.0 0.0 -0.0
outer loop
vertex 50.0 3.700000047683716 0.0
vertex 50.0 32.0 0.0
vertex 50.0 3.700000047683716 0.800000011920929
endloop
endfacet
facet normal 1.0 -0.0 0.0
outer loop
vertex 50.0 3.700000047683716 0.800000011920929
vertex 50.0 32.0 0.0
vertex 50.0 32.0 0.800000011920929
endloop
endfacet
facet normal -1.0 0.0 0.0
outer loop
vertex -50.0 -74.0 0.0
vertex -50.0 -64.5 6.0
vertex -50.0 -64.5 0.0
endloop
endfacet
facet normal -1.0 0.0 0.0
outer loop
vertex -50.0 -74.0 0.0
vertex -50.0 -74.0 6.0
vertex -50.0 -64.5 6.0
endloop
endfacet
facet normal -1.0 0.0 0.0
outer loop
vertex -50.0 -64.5 0.0
vertex -50.0 -55.0 6.0
vertex -50.0 -55.0 0.0
endloop
endfacet
facet normal -1.0 0.0 0.0
outer loop
vertex -50.0 -64.5 0.0
vertex -50.0 -64.5 6.0
vertex -50.0 -55.0 6.0
endloop
endfacet
facet normal -1.0 0.0 0.0
outer loop
vertex -50.0 -74.0 6.0
vertex -50.0 -64.5 10.0
vertex -50.0 -64.5 6.0
endloop
endfacet
facet normal -1.0 0.0 0.0
outer loop
vertex -50.0 -74.0 6.0
vertex -50.0 -74.0 10.0
vertex -50.0 -64.5 10.0
endloop
endfacet
facet normal -1.0 0.0 0.0
outer loop
vertex -50.0 -64.5 6.0
vertex -50.0 -55.0 10.0
vertex -50.0 -55.0 6.0
endloop
endfacet
facet normal -1.0 0.0 0.0
outer loop
vertex -50.0 -64.5 6.0
vertex -50.0 -64.5 10.0
vertex -50.0 -55.0 10.0
endloop
endfacet
facet normal -1.0 0.0 0.0
outer loop
vertex -50.0 -55.0 0.0
vertex -50.0 -45.5 6.0
vertex -50.0 -45.5 0.0
endloop
endfacet
facet normal -1.0 0.0 0.0
outer loop
vertex -50.0 -55.0 0.0
vertex -50.0 -55.0 6.0
vertex -50.0 -45.5 6.0
endloop
endfacet
facet normal -1.0 0.0 0.0
outer loop
vertex -50.0 -45.5 0.0
vertex -50.0 -36.0 5.400000095367432
vertex -50.0 -36.0 0.0
endloop
endfacet
facet normal -1.0 0.0 0.0
outer loop
vertex -50.0 -45.5 0.0
vertex -50.0 -45.5 6.0
vertex -50.0 -36.0 6.0
endloop
endfacet
facet normal -1.0 0.0 0.0
outer loop
vertex -50.0 -45.5 0.0
vertex -50.0 -36.0 6.0
vertex -50.0 -36.0 5.400000095367432
endloop
endfacet
facet normal -1.0 0.0 0.0
outer loop
vertex -50.0 -55.0 6.0
vertex -50.0 -45.5 9.399999618530273
vertex -50.0 -45.5 6.0
endloop
endfacet
facet normal -1.0 0.0 0.0
outer loop
vertex -50.0 -55.0 6.0
vertex -50.0 -55.0 10.0
vertex -50.0 -45.5 10.0
endloop
endfacet
facet normal -1.0 0.0 0.0
outer loop
vertex -50.0 -55.0 6.0
vertex -50.0 -45.5 10.0
vertex -50.0 -45.5 9.399999618530273
endloop
endfacet
facet normal -1.0 0.0 0.0
outer loop
vertex -50.0 -74.0 10.0
vertex -50.0 -64.5 14.0
vertex -50.0 -64.5 10.0
endloop
endfacet
facet normal -1.0 0.0 0.0
outer loop
vertex -50.0 -74.0 10.0
vertex -50.0 -74.0 14.0
vertex -50.0 -64.5 14.0
endloop
endfacet
facet normal -1.0 0.0 0.0
outer loop
vertex -50.0 -64.5 10.0
vertex -50.0 -55.0 13.399999618530273
vertex -50.0 -55.0 10.0
endloop
endfacet
facet normal -1.0 0.0 0.0
outer loop
vertex -50.0 -64.5 10.0
vertex -50.0 -55.0 14.0
vertex -50.0 -55.0 13.399999618530273
endloop
endfacet
facet normal -1.0 0.0 0.0
outer loop
vertex -50.0 -64.5 10.0
vertex -50.0 -64.5 14.0
vertex -50.0 -55.0 14.0
endloop
endfacet
facet normal -1.0 0.0 0.0
outer loop
vertex -50.0 -74.0 14.0
vertex -50.0 -74.0 18.0
vertex -50.0 -64.5 18.0
endloop
endfacet
facet normal -1.0 0.0 0.0
outer loop
vertex -50.0 -74.0 14.0
vertex -50.0 -64.5 17.399999618530273
vertex -50.0 -64.5 14.0
endloop
endfacet
facet normal -1.0 0.0 0.0
outer loop
vertex -50.0 -74.0 14.0
vertex -50.0 -64.5 18.0
vertex -50.0 -64.5 17.399999618530273
endloop
endfacet
facet normal 0.0 -1.0 0.0
outer loop
vertex -97.0 -32.0 0.0
vertex -86.25 -32.0 0.0
vertex -97.0 -32.0 6.0
endloop
endfacet
facet normal 0.0 -1.0 0.0
outer loop
vertex -86.25 -32.0 0.0
vertex -86.25 -32.0 6.0
vertex -97.0 -32.0 6.0
endloop
endfacet
facet normal 0.0 0.0 -0.9999999999999999
outer loop
vertex -97.0 -32.0 0.0
vertex -91.34741973876953 -1.6525821685791016 0.0
vertex -86.25 -32.0 0.0
endloop
endfacet
facet normal 0.0 -1.0 0.0
outer loop
vertex -86.25 -32.0 0.0
vertex -75.5 -32.0 0.0
vertex -86.25 -32.0 6.0
endloop
endfacet
facet normal 0.0 -1.0 0.0
outer loop
vertex -75.5 -32.0 0.0
vertex -75.5 -32.0 6.0
vertex -86.25 -32.0 6.0
endloop
endfacet
facet normal 0.0 0.0 -1.0
outer loop
vertex -86.25 -32.0 0.0
vertex -80.875 0.0 0.0
vertex -75.5 -32.0 0.0
endloop
endfacet
facet normal 0.0 -1.0 0.0
outer loop
vertex -97.0 -32.0 6.0
vertex -86.25 -32.0 6.0
vertex -97.0 -32.0 10.0
endloop
endfacet
facet normal 0.0 -1.0 0.0
outer loop
vertex -86.25 -32.0 6.0
vertex -86.25 -32.0 10.0
vertex -97.0 -32.0 10.0
endloop
endfacet
facet normal 0.0 -1.0 0.0
outer loop
vertex -86.25 -32.0 6.0
vertex -75.5 -32.0 6.0
vertex -86.25 -32.0 10.0
endloop
endfacet
facet normal 0.0 -1.0 0.0
outer loop
vertex -75.5 -32.0 6.0
vertex -75.5 -32.0 10.0
vertex -86.25 -32.0 10.0
endloop
endfacet
facet normal 0.0 0.0 -1.0
outer loop
vertex -97.0 -32.0 0.0
vertex -91.82274627685547 -1.1772575378417969 0.0
vertex -91.34741973876953 -1.6525821685791016 0.0
endloop
endfacet
facet normal 0.0 0.0 -1.0
outer loop
vertex -97.0 -32.0 0.0
vertex -91.82274627685547 1.1772575378417969 0.0
vertex -91.82274627685547 -1.1772575378417969 0.0
endloop
endfacet
facet normal 0.0 0.0 -1.0
outer loop
vertex -86.25 -32.0 0.0
vertex -91.34741973876953 -1.6525821685791016 0.0
vertex -91.34741973876953 1.6525821685791016 0.0
endloop
endfacet
facet normal -1.0 0.0 0.0
outer loop
vertex -97.0 -32.0 0.0
vertex -97.0 -32.0 6.0
vertex -97.0 32.0 6.0
endloop
endfacet
facet normal -1.0 0.0 0.0
outer loop
vertex -97.0 -32.0 6.0
vertex -97.0 -32.0 10.0
vertex -97.0 32.0 10.0
endloop
endfacet
facet normal 0.0 -1.0 0.0
outer loop
vertex -75.5 -32.0 0.0
vertex -64.75 -32.0 0.0
vertex -75.5 -32.0 6.0
endloop
endfacet
facet normal 0.0 -1.0 0.0
outer loop
vertex -64.75 -32.0 0.0
vertex -54.0 -32.0 0.0
vertex -64.75 -32.0 6.0
endloop
endfacet
facet normal 0.0 -1.0 0.0
outer loop
vertex -75.5 -32.0 6.0
vertex -64.75 -32.0 0.0
vertex -64.75 -32.0 6.0
endloop
endfacet
facet normal 0.0 0.0 -1.0
outer loop
vertex -75.5 -32.0 0.0
vertex -70.125 0.0 0.0
vertex -64.75 -32.0 0.0
endloop
endfacet
facet normal -0.0 1.0 0.0
outer loop
vertex -50.0 -36.0 0.0
vertex -49.70000076293945 -36.0 3.0
vertex -49.70000076293945 -36.0 0.0
endloop
endfacet
facet normal 0.0 -1.0 0.0
outer loop
vertex -54.0 -32.0 0.0
vertex -54.0 -32.0 5.400000095367432
vertex -64.75 -32.0 6.0
endloop
endfacet
facet normal -0.0 1.0 0.0
outer loop
vertex -50.0 -36.0 0.0
vertex -50.0 -36.0 5.400000095367432
vertex -49.70000076293945 -36.0 3.0
endloop
endfacet
facet normal 0.0 0.0 -1.0
outer loop
vertex -64.75 -32.0 0.0
vertex -59.375 0.0 0.0
vertex -54.0 -32.0 0.0
endloop
endfacet
facet normal 0.0 -1.0 0.0
outer loop
vertex -75.5 -32.0 6.0
vertex -64.75 -32.0 6.0
vertex -75.5 -32.0 10.0
endloop
endfacet
facet normal 0.0 -1.0 0.0
outer loop
vertex -64.75 -32.0 6.0
vertex -64.75 -32.0 9.399999618530273
vertex -75.5 -32.0 10.0
endloop
endfacet
facet normal 0.0 -0.9999999999999999 0.0
outer loop
vertex -64.75 -32.0 9.399999618530273
vertex -64.75 -32.0 10.0
vertex -75.5 -32.0 10.0
endloop
endfacet
facet normal 0.0 -1.0 0.0
outer loop
vertex -64.75 -32.0 6.0
vertex -54.0 -32.0 5.400000095367432
vertex -54.0 -32.0 6.0
endloop
endfacet
facet normal 0.0 -0.0 1.0
outer loop
vertex -64.75 -32.0 6.0
vertex -54.0 -32.0 6.0
vertex -59.375 0.0 6.0
endloop
endfacet
facet normal 1.0 0.0 -0.0
outer loop
vertex -54.0 -32.0 0.0
vertex -54.0 32.0 0.0
vertex -54.0 -32.0 5.400000095367432
endloop
endfacet
facet normal 1.0 0.0 -0.0
outer loop
vertex -64.75 -32.0 6.0
vertex -64.75 32.0 6.0
vertex -64.75 -32.0 9.399999618530273
endloop
endfacet
facet normal 0.0 -1.0 0.0
outer loop
vertex -97.0 -32.0 10.0
vertex -86.25 -32.0 10.0
vertex -97.0 -32.0 14.0
endloop
endfacet
facet normal 0.0 -1.0 0.0
outer loop
vertex -86.25 -32.0 10.0
vertex -86.25 -32.0 14.0
vertex -97.0 -32.0 14.0
endloop
endfacet
facet normal 0.0 -1.0 0.0
outer loop
vertex -86.25 -32.0 10.0
vertex -75.5 -32.0 10.0
vertex -86.25 -32.0 14.0
endloop
endfacet
facet normal 0.0 -1.0 0.0
outer loop
vertex -86.25 -32.0 14.0
vertex -75.5 -32.0 10.0
vertex -75.5 -32.0 13.399999618530273
endloop
endfacet
facet normal 0.0 -0.9999999999999999 0.0
outer loop
vertex -86.25 -32.0 14.0
vertex -75.5 -32.0 13.399999618530273
vertex -75.5 -32.0 14.0
endloop
endfacet
facet normal 0.0 -0.0 1.0
outer loop
vertex -86.25 -32.0 14.0
vertex -75.5 -32.0 14.0
vertex -80.875 0.0 14.0
endloop
endfacet
facet normal 0.0 -1.0 0.0
outer loop
vertex -97.0 -32.0 14.0
vertex -86.25 -32.0 14.0
vertex -97.0 -32.0 18.0
endloop
endfacet
facet normal 0.0 -1.0 0.0
outer loop
vertex -86.25 -32.0 14.0
vertex -86.25 -32.0 17.399999618530273
vertex -97.0 -32.0 18.0
endloop
endfacet
facet normal 0.0 -0.0 1.0
outer loop
vertex -97.0 -32.0 18.0
vertex -91.0 -26.0 18.0
vertex -95.0 -26.0 18.0
endloop
endfacet
facet normal 0.0 -0.0 1.0
outer loop
vertex -97.0 -32.0 18.0
vertex -86.25 -32.0 18.0
vertex -91.0 -26.0 18.0
endloop
endfacet
facet normal 0.0 -0.9999999999999999 0.0
outer loop
vertex -86.25 -32.0 17.399999618530273
vertex -86.25 -32.0 18.0
vertex -97.0 -32.0 18.0
endloop
endfacet
facet normal 0.0 0.0 1.0
outer loop
vertex -97.0 -32.0 18.0
vertex -95.0 -26.0 18.0
vertex -95.0 -22.0 18.0
endloop
endfacet
facet normal 0.0 0.0 1.0
outer loop
vertex -97.0 -32.0 18.0
vertex -95.0 -22.0 18.0
vertex -95.0 -2.0 18.0
endloop
endfacet
facet normal 0.0 0.0 1.0
outer loop
vertex -86.25 -32.0 18.0
vertex -91.0 -22.0 18.0
vertex -91.0 -26.0 18.0
endloop
endfacet
facet normal 0.0 0.0 1.0
outer loop
vertex -86.25 -32.0 18.0
vertex -91.0 -2.0 18.0
vertex -91.0 -22.0 18.0
endloop
endfacet
facet normal -1.0 0.0 0.0
outer loop
vertex -97.0 -32.0 10.0
vertex -97.0 -32.0 14.0
vertex -97.0 32.0 14.0
endloop
endfacet
facet normal 1.0 0.0 -0.0
outer loop
vertex -75.5 -32.0 10.0
vertex -75.5 32.0 10.0
vertex -75.5 -32.0 13.399999618530273
endloop
endfacet
facet normal -1.0 0.0 0.0
outer loop
vertex -97.0 -32.0 14.0
vertex -97.0 -32.0 18.0
vertex -97.0 32.0 18.0
endloop
endfacet
facet normal 1.0 0.0 -0.0
outer loop
vertex -86.25 -32.0 14.0
vertex -86.25 32.0 14.0
vertex -86.25 -32.0 17.399999618530273
endloop
endfacet
facet normal 0.0 0.0 1.0
outer loop
vertex -95.0 -22.0 18.0
vertex -91.0 -22.0 18.0
vertex -91.0 -2.0 18.0
endloop
endfacet
facet normal 0.0 -0.0 1.0
outer loop
vertex -95.0 -22.0 18.0
vertex -91.0 -2.0 18.0
vertex -95.0 -2.0 18.0
endloop
endfacet
facet normal 0.0 -0.0 1.0
outer loop
vertex -97.0 -32.0 18.0
vertex -95.0 -2.0 18.0
vertex -97.0 32.0 18.0
endloop
endfacet
facet normal 0.0 -0.0 1.0
outer loop
vertex -86.25 -32.0 18.0
vertex -86.25 32.0 18.0
vertex -91.0 -2.0 18.0
endloop
endfacet
facet normal 0.0 -0.0 1.0
outer loop
vertex -75.5 -32.0 10.0
vertex -64.75 -32.0 10.0
vertex -70.125 0.0 10.0
endloop
endfacet
facet normal 0.0 0.0 -1.0
outer loop
vertex -50.0 -74.0 0.0
vertex -50.0 -64.5 0.0
vertex 0.0 -69.25 0.0
endloop
endfacet
facet normal 0.0 0.0 -1.0
outer loop
vertex -50.0 -64.5 0.0
vertex -50.0 -55.0 0.0
vertex 0.0 -59.75 0.0
endloop
endfacet
facet normal 0.0 0.0 -1.0
outer loop
vertex -50.0 -55.0 0.0
vertex -50.0 -45.5 0.0
vertex 0.0 -50.25 0.0
endloop
endfacet
facet normal 0.0 0.0 -1.0
outer loop
vertex -50.0 -45.5 0.0
vertex -50.0 -36.0 0.0
vertex 0.0 -40.75 0.0
endloop
endfacet
facet normal 0.0 0.0 -1.0
outer loop
vertex -50.0 -36.0 0.0
vertex -49.70000076293945 -36.0 0.0
vertex 0.0 -40.75 0.0
endloop
endfacet
facet normal 0.0 0.0 -1.0
outer loop
vertex -49.70000076293945 -36.0 0.0
vertex -49.29999923706055 -36.0 0.0
vertex 0.0 -40.75 0.0
endloop
endfacet
facet normal 0.0 -0.0 1.0
outer loop
vertex -50.0 -45.5 6.0
vertex 0.0 -40.75 6.0
vertex -50.0 -36.0 6.0
endloop
endfacet
facet normal 0.0 -1.0 0.0
outer loop
vertex -50.0 -74.0 0.0
vertex 50.0 -74.0 0.0
vertex -50.0 -74.0 6.0
endloop
endfacet
facet normal 0.0 -1.0 0.0
outer loop
vertex -50.0 -74.0 6.0
vertex 50.0 -74.0 6.0
vertex -50.0 -74.0 10.0
endloop
endfacet
facet normal 0.0 1.0 0.0
outer loop
vertex -50.0 -45.5 6.0
vertex -50.0 -45.5 9.399999618530273
vertex 50.0 -45.5 9.399999618530273
endloop
endfacet
facet normal 0.0 -0.0 1.0
outer loop
vertex -50.0 -64.5 14.0
vertex 0.0 -59.75 14.0
vertex -50.0 -55.0 14.0
endloop
endfacet
facet normal 0.0 -0.0 1.0
outer loop
vertex -50.0 -74.0 18.0
vertex -38.0 -70.0 18.0
vertex -50.0 -64.5 18.0
endloop
endfacet
facet normal 0.0 0.0 1.0
outer loop
vertex -50.0 -74.0 18.0
vertex -38.0 -74.0 18.0
vertex -38.0 -70.0 18.0
endloop
endfacet
facet normal -0.0 0.0 1.0
outer loop
vertex -50.0 -64.5 18.0
vertex -38.0 -70.0 18.0
vertex -34.0 -70.0 18.0
endloop
endfacet
facet normal -0.0 0.0 1.0
outer loop
vertex -50.0 -64.5 18.0
vertex -34.0 -70.0 18.0
vertex -14.0 -70.0 18.0
endloop
endfacet
facet normal 0.0 -0.0 1.0
outer loop
vertex -34.0 -74.0 18.0
vertex -14.0 -74.0 18.0
vertex -34.0 -70.0 18.0
endloop
endfacet
facet normal -0.0 0.0 1.0
outer loop
vertex -50.0 -64.5 18.0
vertex -14.0 -70.0 18.0
vertex -10.0 -70.0 18.0
endloop
endfacet
facet normal 0.0 -0.0 1.0
outer loop
vertex -50.0 -55.0 10.0
vertex 0.0 -50.25 10.0
vertex -50.0 -45.5 10.0
endloop
endfacet
facet normal 0.0 -1.0 0.0
outer loop
vertex -50.0 -74.0 10.0
vertex 50.0 -74.0 10.0
vertex -50.0 -74.0 14.0
endloop
endfacet
facet normal 0.0 -1.0 0.0
outer loop
vertex -50.0 -74.0 14.0
vertex 50.0 -74.0 14.0
vertex -50.0 -74.0 18.0
endloop
endfacet
facet normal 0.0 -1.0 0.0
outer loop
vertex -50.0 -74.0 18.0
vertex 50.0 -74.0 14.0
vertex -38.0 -74.0 18.0
endloop
endfacet
facet normal -0.0 0.0 1.0
outer loop
vertex -34.0 -70.0 18.0
vertex -14.0 -74.0 18.0
vertex -14.0 -70.0 18.0
endloop
endfacet
facet normal -0.0 0.0 1.0
outer loop
vertex -50.0 -64.5 18.0
vertex -10.0 -70.0 18.0
vertex 0.0 -69.25 18.0
endloop
endfacet
facet normal 0.0 1.0 0.0
outer loop
vertex -50.0 -64.5 14.0
vertex -50.0 -64.5 17.399999618530273
vertex 50.0 -64.5 17.399999618530273
endloop
endfacet
facet normal 0.0 -1.0 0.0
outer loop
vertex -38.0 -74.0 18.0
vertex 50.0 -74.0 14.0
vertex -34.0 -74.0 18.0
endloop
endfacet
facet normal 0.0 -0.0 1.0
outer loop
vertex -10.0 -74.0 18.0
vertex 0.0 -69.25 18.0
vertex -10.0 -70.0 18.0
endloop
endfacet
facet normal 0.0 1.0 0.0
outer loop
vertex -50.0 -55.0 10.0
vertex -50.0 -55.0 13.399999618530273
vertex 50.0 -55.0 13.399999618530273
endloop
endfacet
facet normal 0.0 1.0 0.0
outer loop
vertex -49.29999923706055 -36.0 0.0
vertex -49.29999923706055 -36.0 3.0
vertex 50.0 -36.0 5.400000095367432
endloop
endfacet
facet normal -0.0 1.0 0.0
outer loop
vertex -49.70000076293945 -36.0 3.0
vertex 50.0 -36.0 5.400000095367432
vertex -49.29999923706055 -36.0 3.0
endloop
endfacet
facet normal 0.0 0.9999999999999999 -0.0
outer loop
vertex -49.70000076293945 -36.0 3.0
vertex -50.0 -36.0 5.400000095367432
vertex 50.0 -36.0 5.400000095367432
endloop
endfacet
facet normal 0.0 0.0 -1.0
outer loop
vertex -7.5 -34.0 0.0
vertex -7.5 -32.599998474121094 0.0
vertex -5.900001525878906 -32.599998474121094 0.0
endloop
endfacet
facet normal -1.0 0.0 0.0
outer loop
vertex -7.5 -34.0 0.0
vertex -7.5 -32.599998474121094 1.5
vertex -7.5 -32.599998474121094 0.0
endloop
endfacet
facet normal 0.0 0.0 -1.0
outer loop
vertex -7.5 -32.367393493652344 0.0
vertex -7.5 -32.20000076293945 0.0
vertex -6.126636028289795 -32.37336349487305 0.0
endloop
endfacet
facet normal 0.0 0.0 -1.0
outer loop
vertex -7.5 -32.20000076293945 0.0
vertex -7.5 -32.0 0.0
vertex -5.5 -32.0 0.0
endloop
endfacet
facet normal 0.0 -0.0 -1.0
outer loop
vertex -7.5 -32.20000076293945 0.0
vertex -5.5 -32.0 0.0
vertex -6.126636028289795 -32.37336349487305 0.0
endloop
endfacet
facet normal -1.0 0.0 0.0
outer loop
vertex -7.5 -32.20000076293945 0.0
vertex -7.5 -32.0 1.399999976158142
vertex -7.5 -32.0 0.0
endloop
endfacet
facet normal -1.0 0.0 0.0
outer loop
vertex -7.5 -32.20000076293945 0.0
vertex -7.5 -32.20000076293945 1.5
vertex -7.5 -32.0 1.399999976158142
endloop
endfacet
facet normal -1.0 0.0 0.0
outer loop
vertex -7.5 -32.0 1.399999976158142
vertex -7.5 -32.20000076293945 1.5
vertex -7.5 -32.0 1.7000000476837158
endloop
endfacet
facet normal 0.0 0.0 -1.0
outer loop
vertex -7.5 -34.0 0.0
vertex -5.900001525878906 -32.599998474121094 0.0
vertex -4.5 -34.0 0.0
endloop
endfacet
facet normal 0.0 0.0 -1.0
outer loop
vertex -5.900001525878906 -32.599998474121094 0.0
vertex -4.5 -32.599998474121094 0.0
vertex -4.5 -34.0 0.0
endloop
endfacet
facet normal 1.0 0.0 0.0
outer loop
vertex -4.5 -34.0 0.0
vertex -4.5 -32.599998474121094 0.0
vertex -4.5 -32.599998474121094 1.5
endloop
endfacet
facet normal 0.0 0.0 -1.0
outer loop
vertex -6.073592185974121 -32.42640686035156 0.0
vertex -6.126636028289795 -32.37336349487305 0.0
vertex -5.5 -32.0 0.0
endloop
endfacet
facet normal 0.0 -0.0 -1.0
outer loop
vertex -6.073592185974121 -32.42640686035156 0.0
vertex -5.5 -32.0 0.0
vertex -5.925765514373779 -32.42576599121094 0.0
endloop
endfacet
facet normal 0.0 0.0 -1.0
outer loop
vertex -5.900001525878906 -32.599998474121094 0.0
vertex -5.925765514373779 -32.42576599121094 0.0
vertex -4.5 -32.380435943603516 0.0
endloop
endfacet
facet normal 0.0 0.0 -1.0
outer loop
vertex -5.925765514373779 -32.42576599121094 0.0
vertex -5.5 -32.0 0.0
vertex -4.5 -32.20000076293945 0.0
endloop
endfacet
facet normal 0.0 0.0 -1.0
outer loop
vertex -5.900001525878906 -32.599998474121094 0.0
vertex -4.5 -32.380435943603516 0.0
vertex -4.5 -32.599998474121094 0.0
endloop
endfacet
facet normal 0.0 0.0 -1.0
outer loop
vertex -5.925765514373779 -32.42576599121094 0.0
vertex -4.5 -32.20000076293945 0.0
vertex -4.5 -32.380435943603516 0.0
endloop
endfacet
facet normal 0.0 0.0 -1.0
outer loop
vertex -5.5 -32.0 0.0
vertex -4.5 -32.0 0.0
vertex -4.5 -32.20000076293945 0.0
endloop
endfacet
facet normal 1.0 0.0 0.0
outer loop
vertex -4.5 -32.20000076293945 0.0
vertex -4.5 -32.0 0.0
vertex -4.5 -32.0 1.399999976158142
endloop
endfacet
facet normal 1.0 0.0 -0.0
outer loop
vertex -4.5 -32.20000076293945 0.0
vertex -4.5 -32.0 1.399999976158142
vertex -4.5 -32.20000076293945 1.5
endloop
endfacet
facet normal 1.0 0.0 -0.0
outer loop
vertex -4.5 -32.0 1.399999976158142
vertex -4.5 -32.0 1.7000000476837158
vertex -4.5 -32.20000076293945 1.5
endloop
endfacet
facet normal 1.0 0.0 -0.0
outer loop
vertex -4.5 -31.200000762939453 1.399999976158142
vertex -4.5 -31.0 1.399999976158142
vertex -4.5 -31.200000762939453 1.7000000476837158
endloop
endfacet
facet normal -0.9999999999999999 0.0 0.0
outer loop
vertex -7.5 -34.0 0.0
vertex -7.5 -34.0 10.0
vertex -7.5 -32.599998474121094 1.5
endloop
endfacet
facet normal -1.0 0.0 0.0
outer loop
vertex -7.5 -32.599998474121094 1.5
vertex -7.5 -34.0 10.0
vertex -7.5 -32.20000076293945 1.5
endloop
endfacet
facet normal -1.0 0.0 0.0
outer loop
vertex -7.5 -32.20000076293945 1.5
vertex -7.5 -34.0 10.0
vertex -7.5 -32.0 1.7000000476837158
endloop
endfacet
facet normal -1.0 0.0 0.0
outer loop
vertex -7.5 -31.200000762939453 1.399999976158142
vertex -7.5 -31.0 10.0
vertex -7.5 -31.0 1.399999976158142
endloop
endfacet
facet normal -1.0 0.0 0.0
outer loop
vertex -7.5 -31.200000762939453 1.399999976158142
vertex -7.5 -31.200000762939453 1.7000000476837158
vertex -7.5 -31.0 10.0
endloop
endfacet
facet normal -1.0 0.0 0.0
outer loop
vertex -7.5 -32.0 1.7000000476837158
vertex -7.5 -34.0 10.0
vertex -7.5 -31.200000762939453 1.7000000476837158
endloop
endfacet
facet normal 0.0 -1.0 0.0
outer loop
vertex -7.5 -34.0 0.0
vertex -4.5 -34.0 0.0
vertex -4.5 -34.0 10.0
endloop
endfacet
facet normal -0.0 1.0 0.0
outer loop
vertex -7.5 -31.0 1.399999976158142
vertex -4.5 -31.0 10.0
vertex -4.5 -31.0 1.399999976158142
endloop
endfacet
facet normal 1.0 0.0 0.0
outer loop
vertex -4.5 -34.0 0.0
vertex -4.5 -32.599998474121094 1.5
vertex -4.5 -31.0 10.0
endloop
endfacet
facet normal 1.0 0.0 0.0
outer loop
vertex -4.5 -32.599998474121094 1.5
vertex -4.5 -32.20000076293945 1.5
vertex -4.5 -31.0 10.0
endloop
endfacet
facet normal 1.0 0.0 -0.0
outer loop
vertex -4.5 -31.0 1.399999976158142
vertex -4.5 -31.0 10.0
vertex -4.5 -31.200000762939453 1.7000000476837158
endloop
endfacet
facet normal 1.0 0.0 0.0
outer loop
vertex -4.5 -32.20000076293945 1.5
vertex -4.5 -32.0 1.7000000476837158
vertex -4.5 -31.0 10.0
endloop
endfacet
facet normal 1.0 0.0 0.0
outer loop
vertex -4.5 -32.0 1.7000000476837158
vertex -4.5 -31.200000762939453 1.7000000476837158
vertex -4.5 -31.0 10.0
endloop
endfacet
facet normal 0.0 -1.0 0.0
outer loop
vertex -7.5 -34.0 0.0
vertex -4.5 -34.0 10.0
vertex -7.5 -34.0 10.0
endloop
endfacet
facet normal -1.0 0.0 0.0
outer loop
vertex -7.5 -31.200000762939453 1.7000000476837158
vertex -7.5 -34.0 10.0
vertex -7.5 -33.0 10.0
endloop
endfacet
facet normal -1.0 0.0 0.0
outer loop
vertex -7.5 -31.200000762939453 1.7000000476837158
vertex -7.5 -33.0 10.0
vertex -7.5 -31.0 10.0
endloop
endfacet
facet normal 0.0 1.0 0.0
outer loop
vertex -7.5 -31.0 1.399999976158142
vertex -7.5 -31.0 10.0
vertex -4.5 -31.0 10.0
endloop
endfacet
facet normal 1.0 0.0 -0.0
outer loop
vertex -4.5 -34.0 0.0
vertex -4.5 -33.0 10.0
vertex -4.5 -34.0 10.0
endloop
endfacet
facet normal 1.0 0.0 -0.0
outer loop
vertex -4.5 -34.0 0.0
vertex -4.5 -31.0 10.0
vertex -4.5 -33.0 10.0
endloop
endfacet
facet normal 0.0 -0.0 1.0
outer loop
vertex -7.5 -34.0 10.0
vertex -4.5 -33.0 10.0
vertex -7.5 -33.0 10.0
endloop
endfacet
facet normal 0.0 0.0 -1.0
outer loop
vertex -9.0 -33.0 10.0
vertex -9.0 -31.0 10.0
vertex -7.5 -33.0 10.0
endloop
endfacet
facet normal 0.0 0.0 -1.0
outer loop
vertex -7.5 -33.0 10.0
vertex -9.0 -31.0 10.0
vertex -7.5 -31.0 10.0
endloop
endfacet
facet normal -1.0 0.0 0.0
outer loop
vertex -9.0 -33.0 10.0
vertex -9.0 -33.0 12.0
vertex -9.0 -31.0 10.0
endloop
endfacet
facet normal -0.0 1.0 0.0
outer loop
vertex -9.0 -31.0 10.0
vertex -9.0 -31.0 12.0
vertex -7.5 -31.0 10.0
endloop
endfacet
facet normal -0.0 1.0 -0.0
outer loop
vertex -7.5 -31.0 10.0
vertex -9.0 -31.0 12.0
vertex -4.5 -31.0 10.0
endloop
endfacet
facet normal -1.0 0.0 0.0
outer loop
vertex -9.0 -31.0 10.0
vertex -9.0 -33.0 12.0
vertex -9.0 -31.0 12.0
endloop
endfacet
facet normal 0.0 0.0 1.0
outer loop
vertex -7.5 -34.0 10.0
vertex -4.5 -34.0 10.0
vertex -4.5 -33.0 10.0
endloop
endfacet
facet normal 0.0 -1.0 0.0
outer loop
vertex -9.0 -33.0 10.0
vertex -7.5 -33.0 10.0
vertex 9.0 -33.0 12.0
endloop
endfacet
facet normal 0.0 -1.0 0.0
outer loop
vertex -7.5 -33.0 10.0
vertex -4.5 -33.0 10.0
vertex 9.0 -33.0 12.0
endloop
endfacet
facet normal 0.0 -1.0 0.0
outer loop
vertex -9.0 -33.0 10.0
vertex 9.0 -33.0 12.0
vertex -9.0 -33.0 12.0
endloop
endfacet
facet normal 0.0 0.0 -1.0
outer loop
vertex -4.5 -33.0 10.0
vertex -4.5 -31.0 10.0
vertex 0.0 -32.0 10.0
endloop
endfacet
facet normal -0.0 1.0 -0.0
outer loop
vertex -4.5 -31.0 10.0
vertex -9.0 -31.0 12.0
vertex 4.5 -31.0 10.0
endloop
endfacet
facet normal 0.0 0.0 -1.0
outer loop
vertex -97.0 -32.0 0.0
vertex -97.0 32.0 0.0
vertex -91.82274627685547 1.1772575378417969 0.0
endloop
endfacet
facet normal 0.0 0.0 -1.0
outer loop
vertex -86.25 -32.0 0.0
vertex -91.34741973876953 1.6525821685791016 0.0
vertex -86.25 32.0 0.0
endloop
endfacet
facet normal 0.0 0.0 -1.0
outer loop
vertex -91.82274627685547 1.1772575378417969 0.0
vertex -97.0 32.0 0.0
vertex -91.34741973876953 1.6525821685791016 0.0
endloop
endfacet
facet normal -1.0 0.0 0.0
outer loop
vertex -97.0 -32.0 0.0
vertex -97.0 32.0 6.0
vertex -97.0 32.0 0.0
endloop
endfacet
facet normal 0.0 0.0 -1.0
outer loop
vertex -86.25 -32.0 0.0
vertex -86.25 32.0 0.0
vertex -80.875 0.0 0.0
endloop
endfacet
facet normal 0.0 0.0 -1.0
outer loop
vertex -75.5 -32.0 0.0
vertex -80.875 0.0 0.0
vertex -75.5 32.0 0.0
endloop
endfacet
facet normal 0.0 0.0 -1.0
outer loop
vertex -75.5 -32.0 0.0
vertex -75.5 32.0 0.0
vertex -70.125 0.0 0.0
endloop
endfacet
facet normal -1.0 0.0 0.0
outer loop
vertex -97.0 -32.0 6.0
vertex -97.0 32.0 10.0
vertex -97.0 32.0 6.0
endloop
endfacet
facet normal 0.0 0.0 -0.9999999999999999
outer loop
vertex -91.34741973876953 1.6525821685791016 0.0
vertex -97.0 32.0 0.0
vertex -86.25 32.0 0.0
endloop
endfacet
facet normal -0.0 1.0 0.0
outer loop
vertex -97.0 32.0 0.0
vertex -86.25 32.0 6.0
vertex -86.25 32.0 0.0
endloop
endfacet
facet normal 0.0 1.0 0.0
outer loop
vertex -97.0 32.0 0.0
vertex -97.0 32.0 6.0
vertex -86.25 32.0 6.0
endloop
endfacet
facet normal 0.0 0.0 -1.0
outer loop
vertex -80.875 0.0 0.0
vertex -86.25 32.0 0.0
vertex -75.5 32.0 0.0
endloop
endfacet
facet normal -0.0 1.0 0.0
outer loop
vertex -86.25 32.0 0.0
vertex -75.5 32.0 6.0
vertex -75.5 32.0 0.0
endloop
endfacet
facet normal 0.0 1.0 0.0
outer loop
vertex -86.25 32.0 0.0
vertex -86.25 32.0 6.0
vertex -75.5 32.0 6.0
endloop
endfacet
facet normal -0.0 1.0 0.0
outer loop
vertex -97.0 32.0 6.0
vertex -86.25 32.0 10.0
vertex -86.25 32.0 6.0
endloop
endfacet
facet normal 0.0 1.0 0.0
outer loop
vertex -97.0 32.0 6.0
vertex -97.0 32.0 10.0
vertex -86.25 32.0 10.0
endloop
endfacet
facet normal -0.0 1.0 0.0
outer loop
vertex -86.25 32.0 6.0
vertex -75.5 32.0 10.0
vertex -75.5 32.0 6.0
endloop
endfacet
facet normal 0.0 1.0 0.0
outer loop
vertex -86.25 32.0 6.0
vertex -86.25 32.0 10.0
vertex -75.5 32.0 10.0
endloop
endfacet
facet normal 0.0 0.0 -1.0
outer loop
vertex -64.75 -32.0 0.0
vertex -70.125 0.0 0.0
vertex -64.75 32.0 0.0
endloop
endfacet
facet normal 0.0 0.0 -1.0
outer loop
vertex -64.75 -32.0 0.0
vertex -64.75 32.0 0.0
vertex -59.375 0.0 0.0
endloop
endfacet
facet normal 0.0 0.0 -1.0
outer loop
vertex -54.0 -32.0 0.0
vertex -59.375 0.0 0.0
vertex -54.0 32.0 0.0
endloop
endfacet
facet normal 1.0 -0.0 0.0
outer loop
vertex -54.0 -32.0 5.400000095367432
vertex -54.0 32.0 0.0
vertex -54.0 32.0 5.400000095367432
endloop
endfacet
facet normal 0.0 -0.0 1.0
outer loop
vertex -64.75 -32.0 6.0
vertex -59.375 0.0 6.0
vertex -64.75 32.0 6.0
endloop
endfacet
facet normal 1.0 -0.0 0.0
outer loop
vertex -64.75 -32.0 9.399999618530273
vertex -64.75 32.0 6.0
vertex -64.75 32.0 9.399999618530273
endloop
endfacet
facet normal 0.0 -0.0 1.0
outer loop
vertex -54.0 -32.0 6.0
vertex -54.0 32.0 6.0
vertex -59.375 0.0 6.0
endloop
endfacet
facet normal 0.0 -0.0 -1.0
outer loop
vertex -75.5 32.0 0.0
vertex -64.75 32.0 0.0
vertex -70.125 0.0 0.0
endloop
endfacet
facet normal -0.0 1.0 0.0
outer loop
vertex -75.5 32.0 0.0
vertex -64.75 32.0 6.0
vertex -64.75 32.0 0.0
endloop
endfacet
facet normal 0.0 1.0 0.0
outer loop
vertex -75.5 32.0 0.0
vertex -75.5 32.0 6.0
vertex -64.75 32.0 6.0
endloop
endfacet
facet normal 0.0 1.0 0.0
outer loop
vertex -64.75 32.0 0.0
vertex -64.75 32.0 6.0
vertex -54.0 32.0 6.0
endloop
endfacet
facet normal 0.0 0.0 -1.0
outer loop
vertex -59.375 0.0 0.0
vertex -64.75 32.0 0.0
vertex -54.0 32.0 0.0
endloop
endfacet
facet normal -0.0 1.0 0.0
outer loop
vertex -64.75 32.0 0.0
vertex -54.0 32.0 5.400000095367432
vertex -54.0 32.0 0.0
endloop
endfacet
facet normal 0.0 -1.0 0.0
outer loop
vertex -50.0 36.0 0.0
vertex -49.70000076293945 36.0 0.0
vertex -49.70000076293945 36.0 3.0
endloop
endfacet
facet normal -0.0 1.0 0.0
outer loop
vertex -64.75 32.0 0.0
vertex -54.0 32.0 6.0
vertex -54.0 32.0 5.400000095367432
endloop
endfacet
facet normal 0.0 -1.0 0.0
outer loop
vertex -50.0 36.0 0.0
vertex -49.70000076293945 36.0 3.0
vertex -50.0 36.0 5.400000095367432
endloop
endfacet
facet normal 0.0 -1.0 0.0
outer loop
vertex -49.70000076293945 36.0 3.0
vertex -49.29999923706055 36.0 3.0
vertex -50.0 36.0 5.400000095367432
endloop
endfacet
facet normal -0.0 1.0 0.0
outer loop
vertex -75.5 32.0 6.0
vertex -64.75 32.0 9.399999618530273
vertex -64.75 32.0 6.0
endloop
endfacet
facet normal 0.0 1.0 0.0
outer loop
vertex -75.5 32.0 6.0
vertex -75.5 32.0 10.0
vertex -64.75 32.0 10.0
endloop
endfacet
facet normal -0.0 0.9999999999999999 0.0
outer loop
vertex -75.5 32.0 6.0
vertex -64.75 32.0 10.0
vertex -64.75 32.0 9.399999618530273
endloop
endfacet
facet normal 0.0 -0.0 1.0
outer loop
vertex -59.375 0.0 6.0
vertex -54.0 32.0 6.0
vertex -64.75 32.0 6.0
endloop
endfacet
facet normal -1.0 0.0 0.0
outer loop
vertex -97.0 -32.0 10.0
vertex -97.0 32.0 14.0
vertex -97.0 32.0 10.0
endloop
endfacet
facet normal 0.0 -0.0 1.0
outer loop
vertex -75.5 -32.0 10.0
vertex -70.125 0.0 10.0
vertex -75.5 32.0 10.0
endloop
endfacet
facet normal 0.0 -0.0 1.0
outer loop
vertex -86.25 -32.0 14.0
vertex -80.875 0.0 14.0
vertex -86.25 32.0 14.0
endloop
endfacet
facet normal 0.0 -0.0 1.0
outer loop
vertex -75.5 -32.0 14.0
vertex -75.5 32.0 14.0
vertex -80.875 0.0 14.0
endloop
endfacet
facet normal 1.0 -0.0 0.0
outer loop
vertex -75.5 -32.0 13.399999618530273
vertex -75.5 32.0 10.0
vertex -75.5 32.0 13.399999618530273
endloop
endfacet
facet normal -1.0 0.0 0.0
outer loop
vertex -97.0 -32.0 14.0
vertex -97.0 32.0 18.0
vertex -97.0 32.0 14.0
endloop
endfacet
facet normal 1.0 -0.0 0.0
outer loop
vertex -86.25 -32.0 17.399999618530273
vertex -86.25 32.0 14.0
vertex -86.25 32.0 17.399999618530273
endloop
endfacet
facet normal 0.0 -0.0 1.0
outer loop
vertex -95.0 -2.0 18.0
vertex -95.0 2.0 18.0
vertex -97.0 32.0 18.0
endloop
endfacet
facet normal 0.0 -0.0 1.0
outer loop
vertex -95.0 2.0 18.0
vertex -91.0 22.0 18.0
vertex -95.0 22.0 18.0
endloop
endfacet
facet normal 0.0 -0.0 1.0
outer loop
vertex -91.0 -2.0 18.0
vertex -86.25 32.0 18.0
vertex -91.0 2.0 18.0
endloop
endfacet
facet normal 0.0 0.0 1.0
outer loop
vertex -95.0 2.0 18.0
vertex -91.0 2.0 18.0
vertex -86.25 32.0 18.0
endloop
endfacet
facet normal -0.0 1.0 0.0
outer loop
vertex -97.0 32.0 10.0
vertex -86.25 32.0 14.0
vertex -86.25 32.0 10.0
endloop
endfacet
facet normal 0.0 1.0 0.0
outer loop
vertex -97.0 32.0 10.0
vertex -97.0 32.0 14.0
vertex -86.25 32.0 14.0
endloop
endfacet
facet normal 0.0 -0.0 1.0
outer loop
vertex -80.875 0.0 14.0
vertex -75.5 32.0 14.0
vertex -86.25 32.0 14.0
endloop
endfacet
facet normal -0.0 1.0 0.0
outer loop
vertex -86.25 32.0 10.0
vertex -75.5 32.0 13.399999618530273
vertex -75.5 32.0 10.0
endloop
endfacet
facet normal -0.0 0.9999999999999999 0.0
outer loop
vertex -86.25 32.0 10.0
vertex -75.5 32.0 14.0
vertex -75.5 32.0 13.399999618530273
endloop
endfacet
facet normal 0.0 1.0 0.0
outer loop
vertex -86.25 32.0 10.0
vertex -86.25 32.0 14.0
vertex -75.5 32.0 14.0
endloop
endfacet
facet normal 0.0 -0.0 1.0
outer loop
vertex -95.0 2.0 18.0
vertex -95.0 22.0 18.0
vertex -97.0 32.0 18.0
endloop
endfacet
facet normal 0.0 -0.0 1.0
outer loop
vertex -95.0 22.0 18.0
vertex -95.0 26.0 18.0
vertex -97.0 32.0 18.0
endloop
endfacet
facet normal 0.0 -0.0 1.0
outer loop
vertex -95.0 2.0 18.0
vertex -86.25 32.0 18.0
vertex -91.0 22.0 18.0
endloop
endfacet
facet normal 0.0 -0.0 1.0
outer loop
vertex -91.0 22.0 18.0
vertex -86.25 32.0 18.0
vertex -91.0 26.0 18.0
endloop
endfacet
facet normal 0.0 1.0 0.0
outer loop
vertex -97.0 32.0 14.0
vertex -97.0 32.0 18.0
vertex -86.25 32.0 18.0
endloop
endfacet
facet normal -0.0 1.0 0.0
outer loop
vertex -97.0 32.0 14.0
vertex -86.25 32.0 17.399999618530273
vertex -86.25 32.0 14.0
endloop
endfacet
facet normal -0.0 0.9999999999999999 0.0
outer loop
vertex -97.0 32.0 14.0
vertex -86.25 32.0 18.0
vertex -86.25 32.0 17.399999618530273
endloop
endfacet
facet normal 0.0 -0.0 1.0
outer loop
vertex -95.0 26.0 18.0
vertex -91.0 26.0 18.0
vertex -97.0 32.0 18.0
endloop
endfacet
facet normal 0.0 -0.0 1.0
outer loop
vertex -91.0 26.0 18.0
vertex -86.25 32.0 18.0
vertex -97.0 32.0 18.0
endloop
endfacet
facet normal 0.0 -0.0 1.0
outer loop
vertex -64.75 -32.0 10.0
vertex -64.75 32.0 10.0
vertex -70.125 0.0 10.0
endloop
endfacet
facet normal -0.0 0.0 1.0
outer loop
vertex -75.5 32.0 10.0
vertex -70.125 0.0 10.0
vertex -64.75 32.0 10.0
endloop
endfacet
facet normal -1.0 0.0 0.0
outer loop
vertex -50.0 36.0 0.0
vertex -50.0 36.0 5.400000095367432
vertex -50.0 45.5 0.0
endloop
endfacet
facet normal -1.0 0.0 0.0
outer loop
vertex -50.0 36.0 5.400000095367432
vertex -50.0 36.0 6.0
vertex -50.0 45.5 0.0
endloop
endfacet
facet normal -1.0 0.0 0.0
outer loop
vertex -50.0 36.0 6.0
vertex -50.0 45.5 6.0
vertex -50.0 45.5 0.0
endloop
endfacet
facet normal -1.0 0.0 0.0
outer loop
vertex -50.0 45.5 0.0
vertex -50.0 45.5 6.0
vertex -50.0 55.0 0.0
endloop
endfacet
facet normal -1.0 0.0 0.0
outer loop
vertex -50.0 55.0 0.0
vertex -50.0 45.5 6.0
vertex -50.0 55.0 6.0
endloop
endfacet
facet normal -1.0 0.0 0.0
outer loop
vertex -50.0 45.5 6.0
vertex -50.0 45.5 9.399999618530273
vertex -50.0 55.0 6.0
endloop
endfacet
facet normal -1.0 0.0 0.0
outer loop
vertex -50.0 45.5 9.399999618530273
vertex -50.0 45.5 9.47826099395752
vertex -50.0 55.0 6.0
endloop
endfacet
facet normal -1.0 0.0 0.0
outer loop
vertex -50.0 45.5 9.47826099395752
vertex -50.0 45.5 10.0
vertex -50.0 55.0 6.0
endloop
endfacet
facet normal -1.0 0.0 0.0
outer loop
vertex -50.0 55.0 6.0
vertex -50.0 45.5 10.0
vertex -50.0 55.0 10.0
endloop
endfacet
facet normal -1.0 0.0 0.0
outer loop
vertex -50.0 55.0 0.0
vertex -50.0 55.0 6.0
vertex -50.0 64.5 0.0
endloop
endfacet
facet normal -1.0 0.0 0.0
outer loop
vertex -50.0 55.0 6.0
vertex -50.0 64.5 6.0
vertex -50.0 64.5 0.0
endloop
endfacet
facet normal -1.0 0.0 0.0
outer loop
vertex -50.0 64.5 0.0
vertex -50.0 64.5 6.0
vertex -50.0 74.0 0.0
endloop
endfacet
facet normal -1.0 0.0 0.0
outer loop
vertex -50.0 74.0 0.0
vertex -50.0 64.5 6.0
vertex -50.0 74.0 6.0
endloop
endfacet
facet normal -1.0 0.0 0.0
outer loop
vertex -50.0 55.0 6.0
vertex -50.0 55.0 10.0
vertex -50.0 64.5 6.0
endloop
endfacet
facet normal -1.0 0.0 0.0
outer loop
vertex -50.0 64.5 6.0
vertex -50.0 55.0 10.0
vertex -50.0 64.5 10.0
endloop
endfacet
facet normal -1.0 0.0 0.0
outer loop
vertex -50.0 64.5 6.0
vertex -50.0 64.5 10.0
vertex -50.0 74.0 6.0
endloop
endfacet
facet normal -1.0 0.0 0.0
outer loop
vertex -50.0 74.0 6.0
vertex -50.0 64.5 10.0
vertex -50.0 74.0 10.0
endloop
endfacet
facet normal -1.0 0.0 0.0
outer loop
vertex -50.0 55.0 10.0
vertex -50.0 55.0 13.399999618530273
vertex -50.0 64.5 10.0
endloop
endfacet
facet normal -1.0 0.0 0.0
outer loop
vertex -50.0 55.0 13.399999618530273
vertex -50.0 55.0 13.47826099395752
vertex -50.0 64.5 10.0
endloop
endfacet
facet normal -1.0 0.0 0.0
outer loop
vertex -50.0 55.0 13.47826099395752
vertex -50.0 55.0 14.0
vertex -50.0 64.5 10.0
endloop
endfacet
facet normal -1.0 0.0 0.0
outer loop
vertex -50.0 55.0 14.0
vertex -50.0 64.5 14.0
vertex -50.0 64.5 10.0
endloop
endfacet
facet normal -1.0 0.0 0.0
outer loop
vertex -50.0 64.5 10.0
vertex -50.0 64.5 14.0
vertex -50.0 74.0 10.0
endloop
endfacet
facet normal -1.0 0.0 0.0
outer loop
vertex -50.0 64.5 14.0
vertex -50.0 74.0 14.0
vertex -50.0 74.0 10.0
endloop
endfacet
facet normal -1.0 0.0 0.0
outer loop
vertex -50.0 64.5 14.0
vertex -50.0 64.5 17.399999618530273
vertex -50.0 74.0 14.0
endloop
endfacet
facet normal -1.0 0.0 0.0
outer loop
vertex -50.0 74.0 14.0
vertex -50.0 64.5 17.399999618530273
vertex -50.0 64.5 18.0
endloop
endfacet
facet normal -1.0 0.0 0.0
outer loop
vertex -50.0 74.0 14.0
vertex -50.0 64.5 18.0
vertex -50.0 74.0 18.0
endloop
endfacet
facet normal 0.0 -1.0 0.0
outer loop
vertex -49.29999923706055 36.0 0.0
vertex 49.29999923706055 36.0 0.0
vertex -49.29999923706055 36.0 3.0
endloop
endfacet
facet normal 0.0 -1.0 0.0
outer loop
vertex -49.29999923706055 36.0 3.0
vertex 49.29999923706055 36.0 3.0
vertex -50.0 36.0 5.400000095367432
endloop
endfacet
facet normal 0.0 -0.0 -1.0
outer loop
vertex -50.0 36.0 0.0
vertex 0.0 40.75 0.0
vertex -49.70000076293945 36.0 0.0
endloop
endfacet
facet normal 0.0 -0.0 -1.0
outer loop
vertex -49.70000076293945 36.0 0.0
vertex 0.0 40.75 0.0
vertex -49.29999923706055 36.0 0.0
endloop
endfacet
facet normal 0.0 0.0 -1.0
outer loop
vertex -50.0 36.0 0.0
vertex -50.0 45.5 0.0
vertex 0.0 40.75 0.0
endloop
endfacet
facet normal 0.0 0.0 -1.0
outer loop
vertex -50.0 45.5 0.0
vertex -50.0 55.0 0.0
vertex 0.0 50.25 0.0
endloop
endfacet
facet normal 0.0 -0.0 1.0
outer loop
vertex -50.0 36.0 6.0
vertex 0.0 40.75 6.0
vertex -50.0 45.5 6.0
endloop
endfacet
facet normal 0.0 0.0 -1.0
outer loop
vertex -50.0 55.0 0.0
vertex -50.0 64.5 0.0
vertex 0.0 59.75 0.0
endloop
endfacet
facet normal 0.0 0.0 -1.0
outer loop
vertex -50.0 64.5 0.0
vertex -50.0 74.0 0.0
vertex 0.0 69.25 0.0
endloop
endfacet
facet normal 0.0 -1.0 0.0
outer loop
vertex -50.0 45.5 6.0
vertex 50.0 45.5 6.0
vertex -50.0 45.5 9.399999618530273
endloop
endfacet
facet normal -0.0 1.0 0.0
outer loop
vertex -50.0 74.0 0.0
vertex -50.0 74.0 6.0
vertex 50.0 74.0 0.0
endloop
endfacet
facet normal -0.0 1.0 0.0
outer loop
vertex -50.0 74.0 6.0
vertex -50.0 74.0 10.0
vertex 50.0 74.0 6.0
endloop
endfacet
facet normal 0.0 -0.0 1.0
outer loop
vertex -50.0 45.5 10.0
vertex 0.0 50.25 10.0
vertex -50.0 55.0 10.0
endloop
endfacet
facet normal 0.0 -0.0 1.0
outer loop
vertex -50.0 55.0 14.0
vertex 0.0 59.75 14.0
vertex -50.0 64.5 14.0
endloop
endfacet
facet normal 0.0 -0.0 1.0
outer loop
vertex -50.0 64.5 18.0
vertex -38.0 70.0 18.0
vertex -50.0 74.0 18.0
endloop
endfacet
facet normal 0.0 -0.0 1.0
outer loop
vertex -50.0 64.5 18.0
vertex -34.0 70.0 18.0
vertex -38.0 70.0 18.0
endloop
endfacet
facet normal -0.0 0.0 1.0
outer loop
vertex -50.0 74.0 18.0
vertex -38.0 70.0 18.0
vertex -38.0 74.0 18.0
endloop
endfacet
facet normal 0.0 -0.0 1.0
outer loop
vertex -50.0 64.5 18.0
vertex -14.0 70.0 18.0
vertex -34.0 70.0 18.0
endloop
endfacet
facet normal 0.0 -0.0 1.0
outer loop
vertex -50.0 64.5 18.0
vertex -10.0 70.0 18.0
vertex -14.0 70.0 18.0
endloop
endfacet
facet normal 0.0 -0.0 1.0
outer loop
vertex -34.0 70.0 18.0
vertex -14.0 70.0 18.0
vertex -34.0 74.0 18.0
endloop
endfacet
facet normal 0.0 -1.0 0.0
outer loop
vertex -50.0 55.0 10.0
vertex 50.0 55.0 10.0
vertex -50.0 55.0 13.399999618530273
endloop
endfacet
facet normal -0.0 1.0 0.0
outer loop
vertex -50.0 74.0 10.0
vertex -50.0 74.0 14.0
vertex 50.0 74.0 10.0
endloop
endfacet
facet normal 0.0 -1.0 0.0
outer loop
vertex -50.0 64.5 14.0
vertex 50.0 64.5 14.0
vertex -50.0 64.5 17.399999618530273
endloop
endfacet
facet normal 0.0 -0.0 1.0
outer loop
vertex -50.0 64.5 18.0
vertex 10.0 65.0 18.0
vertex -10.0 65.0 18.0
endloop
endfacet
facet normal -0.0 1.0 0.0
outer loop
vertex -50.0 74.0 14.0
vertex -50.0 74.0 18.0
vertex 50.0 74.0 14.0
endloop
endfacet
facet normal -0.0 1.0 0.0
outer loop
vertex -50.0 74.0 18.0
vertex -38.0 74.0 18.0
vertex 50.0 74.0 14.0
endloop
endfacet
facet normal 0.0 0.0 1.0
outer loop
vertex -50.0 64.5 18.0
vertex -10.0 65.0 18.0
vertex -10.0 67.0 18.0
endloop
endfacet
facet normal 0.0 0.0 1.0
outer loop
vertex -50.0 64.5 18.0
vertex -10.0 67.0 18.0
vertex 0.0 69.25 18.0
endloop
endfacet
facet normal 0.0 -0.0 1.0
outer loop
vertex -50.0 64.5 18.0
vertex 0.0 69.25 18.0
vertex -10.0 70.0 18.0
endloop
endfacet
facet normal -0.0 0.0 1.0
outer loop
vertex -34.0 74.0 18.0
vertex -14.0 70.0 18.0
vertex -14.0 74.0 18.0
endloop
endfacet
facet normal -0.0 1.0 0.0
outer loop
vertex -38.0 74.0 18.0
vertex -34.0 74.0 18.0
vertex 50.0 74.0 14.0
endloop
endfacet
facet normal -0.0 -0.0 1.0
outer loop
vertex -10.0 70.0 18.0
vertex 0.0 69.25 18.0
vertex -10.0 74.0 18.0
endloop
endfacet
facet normal 0.0 0.0 -1.0
outer loop
vertex -50.0 -74.0 0.0
vertex 0.0 -69.25 0.0
vertex 50.0 -74.0 0.0
endloop
endfacet
facet normal 0.0 -0.0 -1.0
outer loop
vertex -50.0 -64.5 0.0
vertex 50.0 -64.5 0.0
vertex 0.0 -69.25 0.0
endloop
endfacet
facet normal 0.0 0.0 -1.0
outer loop
vertex -50.0 -64.5 0.0
vertex 0.0 -59.75 0.0
vertex 50.0 -64.5 0.0
endloop
endfacet
facet normal 0.0 -0.0 -1.0
outer loop
vertex -50.0 -55.0 0.0
vertex 50.0 -55.0 0.0
vertex 0.0 -59.75 0.0
endloop
endfacet
facet normal 0.0 -1.0 0.0
outer loop
vertex -50.0 -74.0 6.0
vertex 50.0 -74.0 0.0
vertex 50.0 -74.0 6.0
endloop
endfacet
facet normal 0.0 -1.0 0.0
outer loop
vertex -50.0 -74.0 10.0
vertex 50.0 -74.0 6.0
vertex 50.0 -74.0 10.0
endloop
endfacet
facet normal 0.0 0.0 -1.0
outer loop
vertex -50.0 -55.0 0.0
vertex 0.0 -50.25 0.0
vertex 50.0 -55.0 0.0
endloop
endfacet
facet normal 0.0 -0.0 -1.0
outer loop
vertex -50.0 -45.5 0.0
vertex 50.0 -45.5 0.0
vertex 0.0 -50.25 0.0
endloop
endfacet
facet normal 0.0 0.0 -1.0
outer loop
vertex -50.0 -45.5 0.0
vertex 0.0 -40.75 0.0
vertex 50.0 -45.5 0.0
endloop
endfacet
facet normal 0.0 -0.0 -1.0
outer loop
vertex -49.29999923706055 -36.0 0.0
vertex 49.29999923706055 -36.0 0.0
vertex 0.0 -40.75 0.0
endloop
endfacet
facet normal 0.0 -0.0 1.0
outer loop
vertex -50.0 -45.5 6.0
vertex 50.0 -45.5 6.0
vertex 0.0 -40.75 6.0
endloop
endfacet
facet normal -0.0 0.0 1.0
outer loop
vertex -50.0 -36.0 6.0
vertex 0.0 -40.75 6.0
vertex 50.0 -36.0 6.0
endloop
endfacet
facet normal -0.0 1.0 0.0
outer loop
vertex -50.0 -45.5 6.0
vertex 50.0 -45.5 9.399999618530273
vertex 50.0 -45.5 6.0
endloop
endfacet
facet normal 0.0 0.0 -1.0
outer loop
vertex 0.0 -69.25 0.0
vertex 50.0 -64.5 0.0
vertex 50.0 -74.0 0.0
endloop
endfacet
facet normal 0.0 0.0 -1.0
outer loop
vertex 0.0 -59.75 0.0
vertex 50.0 -55.0 0.0
vertex 50.0 -64.5 0.0
endloop
endfacet
facet normal 0.0 0.0 -1.0
outer loop
vertex 0.0 -50.25 0.0
vertex 50.0 -45.5 0.0
vertex 50.0 -55.0 0.0
endloop
endfacet
facet normal 0.0 0.0 -1.0
outer loop
vertex 0.0 -40.75 0.0
vertex 50.0 -36.0 0.0
vertex 50.0 -45.5 0.0
endloop
endfacet
facet normal 0.0 0.0 -1.0
outer loop
vertex 0.0 -40.75 0.0
vertex 49.29999923706055 -36.0 0.0
vertex 49.70000076293945 -36.0 0.0
endloop
endfacet
facet normal 0.0 0.0 -1.0
outer loop
vertex 0.0 -40.75 0.0
vertex 49.70000076293945 -36.0 0.0
vertex 50.0 -36.0 0.0
endloop
endfacet
facet normal -0.0 0.0 1.0
outer loop
vertex 0.0 -40.75 6.0
vertex 50.0 -45.5 6.0
vertex 50.0 -36.0 6.0
endloop
endfacet
facet normal 0.0 -0.0 1.0
outer loop
vertex -50.0 -64.5 14.0
vertex 50.0 -64.5 14.0
vertex 0.0 -59.75 14.0
endloop
endfacet
facet normal -0.0 0.0 1.0
outer loop
vertex -50.0 -55.0 14.0
vertex 0.0 -59.75 14.0
vertex 50.0 -55.0 14.0
endloop
endfacet
facet normal 0.0 -1.0 0.0
outer loop
vertex -50.0 -74.0 14.0
vertex 50.0 -74.0 10.0
vertex 50.0 -74.0 14.0
endloop
endfacet
facet normal 0.0 -1.0 0.0
outer loop
vertex -34.0 -74.0 18.0
vertex 50.0 -74.0 14.0
vertex -14.0 -74.0 18.0
endloop
endfacet
facet normal 0.0 -1.0 0.0
outer loop
vertex -14.0 -74.0 18.0
vertex 50.0 -74.0 14.0
vertex -10.0 -74.0 18.0
endloop
endfacet
facet normal 0.0 -0.0 1.0
outer loop
vertex -10.0 -74.0 18.0
vertex 10.0 -74.0 18.0
vertex 0.0 -69.25 18.0
endloop
endfacet
facet normal -0.0 0.0 1.0
outer loop
vertex -50.0 -64.5 18.0
vertex 0.0 -69.25 18.0
vertex 50.0 -64.5 18.0
endloop
endfacet
facet normal -0.0 0.0 1.0
outer loop
vertex 0.0 -69.25 18.0
vertex 10.0 -74.0 18.0
vertex 10.0 -70.0 18.0
endloop
endfacet
facet normal 0.0 -1.0 0.0
outer loop
vertex -10.0 -74.0 18.0
vertex 50.0 -74.0 14.0
vertex 10.0 -74.0 18.0
endloop
endfacet
facet normal 0.0 -0.0 1.0
outer loop
vertex 14.0 -74.0 18.0
vertex 34.0 -74.0 18.0
vertex 14.0 -70.0 18.0
endloop
endfacet
facet normal -0.0 0.0 1.0
outer loop
vertex 0.0 -69.25 18.0
vertex 10.0 -70.0 18.0
vertex 50.0 -64.5 18.0
endloop
endfacet
facet normal -0.0 1.0 0.0
outer loop
vertex -50.0 -64.5 14.0
vertex 50.0 -64.5 17.399999618530273
vertex 50.0 -64.5 14.0
endloop
endfacet
facet normal 0.0 -0.0 1.0
outer loop
vertex -50.0 -55.0 10.0
vertex 50.0 -55.0 10.0
vertex 0.0 -50.25 10.0
endloop
endfacet
facet normal -0.0 0.0 1.0
outer loop
vertex -50.0 -45.5 10.0
vertex 0.0 -50.25 10.0
vertex 50.0 -45.5 10.0
endloop
endfacet
facet normal -0.0 1.0 0.0
outer loop
vertex -50.0 -55.0 10.0
vertex 50.0 -55.0 13.399999618530273
vertex 50.0 -55.0 10.0
endloop
endfacet
facet normal -0.0 0.0 1.0
outer loop
vertex 0.0 -59.75 14.0
vertex 50.0 -64.5 14.0
vertex 50.0 -55.0 14.0
endloop
endfacet
facet normal 0.0 -1.0 0.0
outer loop
vertex 10.0 -74.0 18.0
vertex 50.0 -74.0 14.0
vertex 14.0 -74.0 18.0
endloop
endfacet
facet normal 0.0 -1.0 0.0
outer loop
vertex 14.0 -74.0 18.0
vertex 50.0 -74.0 14.0
vertex 34.0 -74.0 18.0
endloop
endfacet
facet normal -0.0 0.0 1.0
outer loop
vertex 14.0 -70.0 18.0
vertex 34.0 -74.0 18.0
vertex 34.0 -70.0 18.0
endloop
endfacet
facet normal 0.0 0.0 1.0
outer loop
vertex 10.0 -70.0 18.0
vertex 14.0 -70.0 18.0
vertex 50.0 -64.5 18.0
endloop
endfacet
facet normal 0.0 0.0 1.0
outer loop
vertex 14.0 -70.0 18.0
vertex 34.0 -70.0 18.0
vertex 50.0 -64.5 18.0
endloop
endfacet
facet normal 0.0 -1.0 0.0
outer loop
vertex 34.0 -74.0 18.0
vertex 50.0 -74.0 14.0
vertex 38.0 -74.0 18.0
endloop
endfacet
facet normal 0.0 -1.0 0.0
outer loop
vertex 38.0 -74.0 18.0
vertex 50.0 -74.0 14.0
vertex 50.0 -74.0 18.0
endloop
endfacet
facet normal 0.0 -0.0 1.0
outer loop
vertex 38.0 -74.0 18.0
vertex 50.0 -74.0 18.0
vertex 38.0 -70.0 18.0
endloop
endfacet
facet normal 0.0 0.0 1.0
outer loop
vertex 34.0 -70.0 18.0
vertex 38.0 -70.0 18.0
vertex 50.0 -64.5 18.0
endloop
endfacet
facet normal -0.0 0.0 1.0
outer loop
vertex 38.0 -70.0 18.0
vertex 50.0 -74.0 18.0
vertex 50.0 -64.5 18.0
endloop
endfacet
facet normal -0.0 0.0 1.0
outer loop
vertex 0.0 -50.25 10.0
vertex 50.0 -55.0 10.0
vertex 50.0 -45.5 10.0
endloop
endfacet
facet normal -1.0 0.0 0.0
outer loop
vertex 4.5 -34.0 0.0
vertex 4.5 -32.599998474121094 1.5
vertex 4.5 -32.599998474121094 0.0
endloop
endfacet
facet normal 0.0 0.0 -1.0
outer loop
vertex 4.5 -34.0 0.0
vertex 4.5 -32.599998474121094 0.0
vertex 6.099998474121094 -32.599998474121094 0.0
endloop
endfacet
facet normal 0.0 0.0 -1.0
outer loop
vertex 4.5 -34.0 0.0
vertex 6.099998474121094 -32.599998474121094 0.0
vertex 7.5 -34.0 0.0
endloop
endfacet
facet normal -1.0 0.0 0.0
outer loop
vertex 4.5 -32.20000076293945 0.0
vertex 4.5 -32.0 0.800000011920929
vertex 4.5 -32.0 0.0
endloop
endfacet
facet normal 0.0 0.0 -1.0
outer loop
vertex 4.5 -32.380435943603516 0.0
vertex 4.5 -32.20000076293945 0.0
vertex 5.874460220336914 -32.37446212768555 0.0
endloop
endfacet
facet normal 0.0 0.0 -1.0
outer loop
vertex 4.5 -32.20000076293945 0.0
vertex 4.5 -32.0 0.0
vertex 6.5 -32.0 0.0
endloop
endfacet
facet normal 0.0 -0.0 -1.0
outer loop
vertex 4.5 -32.20000076293945 0.0
vertex 6.5 -32.0 0.0
vertex 5.874460220336914 -32.37446212768555 0.0
endloop
endfacet
facet normal 0.0 0.0 -0.9999999999999999
outer loop
vertex 5.925765514373779 -32.42576599121094 0.0
vertex 5.874460220336914 -32.37446212768555 0.0
vertex 6.073592185974121 -32.42640686035156 0.0
endloop
endfacet
facet normal -1.0 0.0 0.0
outer loop
vertex 4.5 -32.20000076293945 0.0
vertex 4.5 -32.0 1.399999976158142
vertex 4.5 -32.0 0.800000011920929
endloop
endfacet
facet normal -1.0 0.0 0.0
outer loop
vertex 4.5 -32.20000076293945 0.0
vertex 4.5 -32.20000076293945 1.5
vertex 4.5 -32.0 1.399999976158142
endloop
endfacet
facet normal -1.0 0.0 0.0
outer loop
vertex 4.5 -32.0 0.800000011920929
vertex 4.5 -32.0 1.399999976158142
vertex 4.5 -31.200000762939453 1.399999976158142
endloop
endfacet
facet normal -1.0 0.0 0.0
outer loop
vertex 4.5 -32.0 0.800000011920929
vertex 4.5 -31.200000762939453 1.399999976158142
vertex 4.5 -31.0 0.800000011920929
endloop
endfacet
facet normal -1.0 0.0 0.0
outer loop
vertex 4.5 -32.0 1.399999976158142
vertex 4.5 -32.20000076293945 1.5
vertex 4.5 -32.0 1.7000000476837158
endloop
endfacet
facet normal 0.0 0.0 -1.0
outer loop
vertex 7.5 -34.0 0.0
vertex 6.099998474121094 -32.599998474121094 0.0
vertex 7.5 -32.599998474121094 0.0
endloop
endfacet
facet normal 1.0 0.0 0.0
outer loop
vertex 7.5 -34.0 0.0
vertex 7.5 -32.599998474121094 0.0
vertex 7.5 -32.599998474121094 1.5
endloop
endfacet
facet normal 0.0 -0.0 -0.9999999999999999
outer loop
vertex 5.874460220336914 -32.37446212768555 0.0
vertex 6.5 -32.0 0.0
vertex 6.073592185974121 -32.42640686035156 0.0
endloop
endfacet
facet normal 0.0 0.0 -1.0
outer loop
vertex 6.099998474121094 -32.599998474121094 0.0
vertex 6.073592185974121 -32.42640686035156 0.0
vertex 7.5 -32.367393493652344 0.0
endloop
endfacet
facet normal 0.0 0.0 -1.0
outer loop
vertex 6.073592185974121 -32.42640686035156 0.0
vertex 6.5 -32.0 0.0
vertex 7.5 -32.20000076293945 0.0
endloop
endfacet
facet normal 0.0 0.0 -1.0
outer loop
vertex 6.099998474121094 -32.599998474121094 0.0
vertex 7.5 -32.367393493652344 0.0
vertex 7.5 -32.599998474121094 0.0
endloop
endfacet
facet normal 0.0 0.0 -1.0
outer loop
vertex 6.073592185974121 -32.42640686035156 0.0
vertex 7.5 -32.20000076293945 0.0
vertex 7.5 -32.367393493652344 0.0
endloop
endfacet
facet normal 0.0 0.0 -1.0
outer loop
vertex 6.5 -32.0 0.0
vertex 7.5 -32.0 0.0
vertex 7.5 -32.20000076293945 0.0
endloop
endfacet
facet normal 1.0 0.0 0.0
outer loop
vertex 7.5 -32.20000076293945 0.0
vertex 7.5 -32.0 0.0
vertex 7.5 -32.0 0.800000011920929
endloop
endfacet
facet normal 1.0 0.0 0.0
outer loop
vertex 7.5 -32.20000076293945 0.0
vertex 7.5 -32.0 0.800000011920929
vertex 7.5 -32.0 1.399999976158142
endloop
endfacet
facet normal 1.0 0.0 -0.0
outer loop
vertex 7.5 -32.20000076293945 0.0
vertex 7.5 -32.0 1.399999976158142
vertex 7.5 -32.20000076293945 1.5
endloop
endfacet
facet normal 1.0 0.0 -0.0
outer loop
vertex 7.5 -32.0 0.800000011920929
vertex 7.5 -31.0 0.800000011920929
vertex 7.5 -32.0 1.399999976158142
endloop
endfacet
facet normal 1.0 0.0 0.0
outer loop
vertex 7.5 -31.0 0.800000011920929
vertex 7.5 -31.200000762939453 1.399999976158142
vertex 7.5 -32.0 1.399999976158142
endloop
endfacet
facet normal 1.0 0.0 -0.0
outer loop
vertex 7.5 -32.0 1.399999976158142
vertex 7.5 -32.0 1.7000000476837158
vertex 7.5 -32.20000076293945 1.5
endloop
endfacet
facet normal 1.0 0.0 0.0
outer loop
vertex 7.5 -31.0 0.800000011920929
vertex 7.5 -31.200000762939453 1.7000000476837158
vertex 7.5 -31.200000762939453 1.399999976158142
endloop
endfacet
facet normal -0.9999999999999999 0.0 0.0
outer loop
vertex 4.5 -34.0 0.0
vertex 4.5 -34.0 10.0
vertex 4.5 -32.599998474121094 1.5
endloop
endfacet
facet normal -1.0 0.0 0.0
outer loop
vertex 4.5 -32.599998474121094 1.5
vertex 4.5 -34.0 10.0
vertex 4.5 -32.20000076293945 1.5
endloop
endfacet
facet normal -1.0 0.0 0.0
outer loop
vertex 4.5 -32.20000076293945 1.5
vertex 4.5 -34.0 10.0
vertex 4.5 -32.0 1.7000000476837158
endloop
endfacet
facet normal -1.0 0.0 0.0
outer loop
vertex 4.5 -31.0 0.800000011920929
vertex 4.5 -31.200000762939453 1.399999976158142
vertex 4.5 -31.0 10.0
endloop
endfacet
facet normal -1.0 0.0 0.0
outer loop
vertex 4.5 -31.200000762939453 1.399999976158142
vertex 4.5 -31.200000762939453 1.7000000476837158
vertex 4.5 -31.0 10.0
endloop
endfacet
facet normal -1.0 0.0 0.0
outer loop
vertex 4.5 -32.0 1.7000000476837158
vertex 4.5 -34.0 10.0
vertex 4.5 -31.200000762939453 1.7000000476837158
endloop
endfacet
facet normal 0.0 -1.0 0.0
outer loop
vertex 4.5 -34.0 0.0
vertex 7.5 -34.0 0.0
vertex 7.5 -34.0 10.0
endloop
endfacet
facet normal 1.0 0.0 0.0
outer loop
vertex 7.5 -34.0 0.0
vertex 7.5 -32.599998474121094 1.5
vertex 7.5 -31.0 10.0
endloop
endfacet
facet normal 1.0 0.0 0.0
outer loop
vertex 7.5 -32.599998474121094 1.5
vertex 7.5 -32.20000076293945 1.5
vertex 7.5 -31.0 10.0
endloop
endfacet
facet normal -0.0 1.0 0.0
outer loop
vertex 4.5 -31.0 0.800000011920929
vertex 7.5 -31.0 10.0
vertex 7.5 -31.0 0.800000011920929
endloop
endfacet
facet normal 1.0 0.0 -0.0
outer loop
vertex 7.5 -31.0 0.800000011920929
vertex 7.5 -31.0 10.0
vertex 7.5 -31.200000762939453 1.7000000476837158
endloop
endfacet
facet normal 1.0 0.0 0.0
outer loop
vertex 7.5 -32.20000076293945 1.5
vertex 7.5 -32.0 1.7000000476837158
vertex 7.5 -31.0 10.0
endloop
endfacet
facet normal 1.0 0.0 0.0
outer loop
vertex 7.5 -32.0 1.7000000476837158
vertex 7.5 -31.200000762939453 1.7000000476837158
vertex 7.5 -31.0 10.0
endloop
endfacet
facet normal -0.0 1.0 0.0
outer loop
vertex -49.29999923706055 -36.0 0.0
vertex 49.29999923706055 -36.0 3.0
vertex 49.29999923706055 -36.0 0.0
endloop
endfacet
facet normal -0.0 1.0 0.0
outer loop
vertex -49.29999923706055 -36.0 0.0
vertex 50.0 -36.0 5.400000095367432
vertex 49.29999923706055 -36.0 3.0
endloop
endfacet
facet normal 0.0 -1.0 0.0
outer loop
vertex 4.5 -34.0 0.0
vertex 7.5 -34.0 10.0
vertex 4.5 -34.0 10.0
endloop
endfacet
facet normal -1.0 0.0 0.0
outer loop
vertex 4.5 -31.200000762939453 1.7000000476837158
vertex 4.5 -34.0 10.0
vertex 4.5 -33.0 10.0
endloop
endfacet
facet normal -1.0 0.0 0.0
outer loop
vertex 4.5 -31.200000762939453 1.7000000476837158
vertex 4.5 -33.0 10.0
vertex 4.5 -31.0 10.0
endloop
endfacet
facet normal 0.0 1.0 0.0
outer loop
vertex 4.5 -31.0 0.800000011920929
vertex 4.5 -31.0 10.0
vertex 7.5 -31.0 10.0
endloop
endfacet
facet normal 1.0 0.0 -0.0
outer loop
vertex 7.5 -34.0 0.0
vertex 7.5 -33.0 10.0
vertex 7.5 -34.0 10.0
endloop
endfacet
facet normal 1.0 0.0 -0.0
outer loop
vertex 7.5 -34.0 0.0
vertex 7.5 -31.0 10.0
vertex 7.5 -33.0 10.0
endloop
endfacet
facet normal 0.0 0.0 -1.0
outer loop
vertex -4.5 -33.0 10.0
vertex 0.0 -32.0 10.0
vertex 4.5 -33.0 10.0
endloop
endfacet
facet normal 0.0 -1.0 0.0
outer loop
vertex -4.5 -33.0 10.0
vertex 4.5 -33.0 10.0
vertex 9.0 -33.0 12.0
endloop
endfacet
facet normal 0.0 -0.0 1.0
outer loop
vertex 4.5 -34.0 10.0
vertex 7.5 -33.0 10.0
vertex 4.5 -33.0 10.0
endloop
endfacet
facet normal 0.0 -0.0 -1.0
outer loop
vertex -4.5 -31.0 10.0
vertex 4.5 -31.0 10.0
vertex 0.0 -32.0 10.0
endloop
endfacet
facet normal 0.0 0.0 -1.0
outer loop
vertex 4.5 -33.0 10.0
vertex 0.0 -32.0 10.0
vertex 4.5 -31.0 10.0
endloop
endfacet
facet normal -0.0 1.0 -0.0
outer loop
vertex 4.5 -31.0 10.0
vertex -9.0 -31.0 12.0
vertex 7.5 -31.0 10.0
endloop
endfacet
facet normal -0.0 1.0 -0.0
outer loop
vertex 7.5 -31.0 10.0
vertex -9.0 -31.0 12.0
vertex 9.0 -31.0 10.0
endloop
endfacet
facet normal 0.0 1.0 -0.0
outer loop
vertex 9.0 -31.0 10.0
vertex -9.0 -31.0 12.0
vertex 9.0 -31.0 12.0
endloop
endfacet
facet normal 0.0 0.0 1.0
outer loop
vertex 4.5 -34.0 10.0
vertex 7.5 -34.0 10.0
vertex 7.5 -33.0 10.0
endloop
endfacet
facet normal 0.0 -1.0 0.0
outer loop
vertex 4.5 -33.0 10.0
vertex 7.5 -33.0 10.0
vertex 9.0 -33.0 12.0
endloop
endfacet
facet normal 0.0 -1.0 0.0
outer loop
vertex 7.5 -33.0 10.0
vertex 9.0 -33.0 10.0
vertex 9.0 -33.0 12.0
endloop
endfacet
facet normal 0.0 0.0 -1.0
outer loop
vertex 7.5 -33.0 10.0
vertex 7.5 -31.0 10.0
vertex 9.0 -33.0 10.0
endloop
endfacet
facet normal 0.0 0.0 -1.0
outer loop
vertex 9.0 -33.0 10.0
vertex 7.5 -31.0 10.0
vertex 9.0 -31.0 10.0
endloop
endfacet
facet normal 1.0 0.0 0.0
outer loop
vertex 9.0 -33.0 10.0
vertex 9.0 -31.0 10.0
vertex 9.0 -31.0 12.0
endloop
endfacet
facet normal 1.0 0.0 -0.0
outer loop
vertex 9.0 -33.0 10.0
vertex 9.0 -31.0 12.0
vertex 9.0 -33.0 12.0
endloop
endfacet
facet normal 1.0 0.0 -0.0
outer loop
vertex 50.0 -74.0 0.0
vertex 50.0 -64.5 0.0
vertex 50.0 -74.0 6.0
endloop
endfacet
facet normal 1.0 0.0 -0.0
outer loop
vertex 50.0 -64.5 0.0
vertex 50.0 -64.5 6.0
vertex 50.0 -74.0 6.0
endloop
endfacet
facet normal 1.0 0.0 -0.0
outer loop
vertex 50.0 -64.5 0.0
vertex 50.0 -55.0 0.0
vertex 50.0 -64.5 6.0
endloop
endfacet
facet normal 1.0 -0.0 0.0
outer loop
vertex 50.0 -64.5 6.0
vertex 50.0 -55.0 0.0
vertex 50.0 -55.0 6.0
endloop
endfacet
facet normal 1.0 0.0 -0.0
outer loop
vertex 50.0 -74.0 6.0
vertex 50.0 -64.5 6.0
vertex 50.0 -74.0 10.0
endloop
endfacet
facet normal 1.0 0.0 -0.0
outer loop
vertex 50.0 -64.5 6.0
vertex 50.0 -64.5 10.0
vertex 50.0 -74.0 10.0
endloop
endfacet
facet normal 1.0 0.0 -0.0
outer loop
vertex 50.0 -64.5 6.0
vertex 50.0 -55.0 6.0
vertex 50.0 -64.5 10.0
endloop
endfacet
facet normal 1.0 0.0 -0.0
outer loop
vertex 50.0 -55.0 6.0
vertex 50.0 -55.0 10.0
vertex 50.0 -64.5 10.0
endloop
endfacet
facet normal 1.0 0.0 -0.0
outer loop
vertex 50.0 -55.0 0.0
vertex 50.0 -45.5 0.0
vertex 50.0 -55.0 6.0
endloop
endfacet
facet normal 1.0 0.0 -0.0
outer loop
vertex 50.0 -45.5 0.0
vertex 50.0 -45.5 6.0
vertex 50.0 -55.0 6.0
endloop
endfacet
facet normal 1.0 0.0 -0.0
outer loop
vertex 50.0 -45.5 0.0
vertex 50.0 -36.0 0.0
vertex 50.0 -45.5 6.0
endloop
endfacet
facet normal 1.0 -0.0 0.0
outer loop
vertex 50.0 -45.5 6.0
vertex 50.0 -36.0 0.0
vertex 50.0 -36.0 5.400000095367432
endloop
endfacet
facet normal 1.0 0.0 -0.0
outer loop
vertex 50.0 -55.0 6.0
vertex 50.0 -45.5 6.0
vertex 50.0 -55.0 10.0
endloop
endfacet
facet normal 1.0 0.0 -0.0
outer loop
vertex 50.0 -45.5 6.0
vertex 50.0 -45.5 9.399999618530273
vertex 50.0 -55.0 10.0
endloop
endfacet
facet normal 1.0 0.0 -0.0
outer loop
vertex 50.0 -45.5 9.399999618530273
vertex 50.0 -45.5 10.0
vertex 50.0 -55.0 10.0
endloop
endfacet
facet normal 1.0 -0.0 0.0
outer loop
vertex 50.0 -45.5 6.0
vertex 50.0 -36.0 5.400000095367432
vertex 50.0 -36.0 6.0
endloop
endfacet
facet normal 1.0 0.0 -0.0
outer loop
vertex 50.0 -74.0 10.0
vertex 50.0 -64.5 10.0
vertex 50.0 -74.0 14.0
endloop
endfacet
facet normal 1.0 -0.0 0.0
outer loop
vertex 50.0 -74.0 14.0
vertex 50.0 -64.5 10.0
vertex 50.0 -64.5 14.0
endloop
endfacet
facet normal 1.0 0.0 -0.0
outer loop
vertex 50.0 -64.5 10.0
vertex 50.0 -55.0 10.0
vertex 50.0 -64.5 14.0
endloop
endfacet
facet normal 1.0 -0.0 0.0
outer loop
vertex 50.0 -64.5 14.0
vertex 50.0 -55.0 10.0
vertex 50.0 -55.0 13.399999618530273
endloop
endfacet
facet normal 1.0 -0.0 0.0
outer loop
vertex 50.0 -64.5 14.0
vertex 50.0 -55.0 13.399999618530273
vertex 50.0 -55.0 14.0
endloop
endfacet
facet normal 1.0 0.0 -0.0
outer loop
vertex 50.0 -74.0 14.0
vertex 50.0 -64.5 14.0
vertex 50.0 -74.0 18.0
endloop
endfacet
facet normal 1.0 0.0 -0.0
outer loop
vertex 50.0 -64.5 14.0
vertex 50.0 -64.5 17.399999618530273
vertex 50.0 -74.0 18.0
endloop
endfacet
facet normal 1.0 -0.0 0.0
outer loop
vertex 50.0 -74.0 18.0
vertex 50.0 -64.5 17.399999618530273
vertex 50.0 -64.5 18.0
endloop
endfacet
facet normal -0.0 1.0 0.0
outer loop
vertex 49.70000076293945 -36.0 0.0
vertex 49.70000076293945 -36.0 3.0
vertex 50.0 -36.0 0.0
endloop
endfacet
facet normal 0.0 1.0 -0.0
outer loop
vertex 50.0 -36.0 0.0
vertex 49.70000076293945 -36.0 3.0
vertex 50.0 -36.0 5.400000095367432
endloop
endfacet
facet normal -0.0 1.0 0.0
outer loop
vertex 49.29999923706055 -36.0 3.0
vertex 50.0 -36.0 5.400000095367432
vertex 49.70000076293945 -36.0 3.0
endloop
endfacet
facet normal -0.0 -1.0 0.0
outer loop
vertex 54.0 -32.0 0.0
vertex 64.75 -32.0 6.0
vertex 54.0 -32.0 5.400000095367432
endloop
endfacet
facet normal 0.0 0.0 -1.0
outer loop
vertex 54.0 -32.0 0.0
vertex 59.375 0.0 0.0
vertex 64.75 -32.0 0.0
endloop
endfacet
facet normal 0.0 -1.0 0.0
outer loop
vertex 54.0 -32.0 0.0
vertex 64.75 -32.0 0.0
vertex 64.75 -32.0 6.0
endloop
endfacet
facet normal 0.0 -1.0 0.0
outer loop
vertex 64.75 -32.0 0.0
vertex 75.5 -32.0 0.0
vertex 75.5 -32.0 6.0
endloop
endfacet
facet normal 0.0 -1.0 0.0
outer loop
vertex 64.75 -32.0 0.0
vertex 75.5 -32.0 6.0
vertex 64.75 -32.0 6.0
endloop
endfacet
facet normal 0.0 0.0 -1.0
outer loop
vertex 64.75 -32.0 0.0
vertex 70.125 0.0 0.0
vertex 75.5 -32.0 0.0
endloop
endfacet
facet normal 0.0 -1.0 0.0
outer loop
vertex 54.0 -32.0 5.400000095367432
vertex 64.75 -32.0 6.0
vertex 54.0 -32.0 6.0
endloop
endfacet
facet normal 0.0 -0.0 1.0
outer loop
vertex 54.0 -32.0 6.0
vertex 64.75 -32.0 6.0
vertex 59.375 0.0 6.0
endloop
endfacet
facet normal 0.0 -1.0 0.0
outer loop
vertex 64.75 -32.0 6.0
vertex 75.5 -32.0 6.0
vertex 75.5 -32.0 10.0
endloop
endfacet
facet normal -0.0 -1.0 0.0
outer loop
vertex 64.75 -32.0 6.0
vertex 75.5 -32.0 10.0
vertex 64.75 -32.0 9.399999618530273
endloop
endfacet
facet normal 0.0 -0.9999999999999999 0.0
outer loop
vertex 64.75 -32.0 9.399999618530273
vertex 75.5 -32.0 10.0
vertex 64.75 -32.0 10.0
endloop
endfacet
facet normal -1.0 0.0 0.0
outer loop
vertex 54.0 -32.0 0.0
vertex 54.0 -32.0 5.400000095367432
vertex 54.0 32.0 5.400000095367432
endloop
endfacet
facet normal -1.0 0.0 0.0
outer loop
vertex 64.75 -32.0 6.0
vertex 64.75 -32.0 9.399999618530273
vertex 64.75 32.0 9.399999618530273
endloop
endfacet
facet normal 0.0 -1.0 0.0
outer loop
vertex 75.5 -32.0 0.0
vertex 86.25 -32.0 0.0
vertex 86.25 -32.0 6.0
endloop
endfacet
facet normal 0.0 -1.0 0.0
outer loop
vertex 75.5 -32.0 0.0
vertex 86.25 -32.0 6.0
vertex 75.5 -32.0 6.0
endloop
endfacet
facet normal 0.0 0.0 -1.0
outer loop
vertex 75.5 -32.0 0.0
vertex 80.875 0.0 0.0
vertex 86.25 -32.0 0.0
endloop
endfacet
facet normal 0.0 -1.0 0.0
outer loop
vertex 86.25 -32.0 0.0
vertex 97.0 -32.0 0.0
vertex 97.0 -32.0 6.0
endloop
endfacet
facet normal 0.0 -1.0 0.0
outer loop
vertex 86.25 -32.0 0.0
vertex 97.0 -32.0 6.0
vertex 86.25 -32.0 6.0
endloop
endfacet
facet normal 0.0 0.0 -0.9999999999999999
outer loop
vertex 86.25 -32.0 0.0
vertex 91.34741973876953 -1.6525821685791016 0.0
vertex 97.0 -32.0 0.0
endloop
endfacet
facet normal 0.0 -1.0 0.0
outer loop
vertex 75.5 -32.0 6.0
vertex 86.25 -32.0 6.0
vertex 86.25 -32.0 10.0
endloop
endfacet
facet normal 0.0 -1.0 0.0
outer loop
vertex 75.5 -32.0 6.0
vertex 86.25 -32.0 10.0
vertex 75.5 -32.0 10.0
endloop
endfacet
facet normal 0.0 -1.0 0.0
outer loop
vertex 86.25 -32.0 6.0
vertex 97.0 -32.0 6.0
vertex 97.0 -32.0 10.0
endloop
endfacet
facet normal 0.0 -1.0 0.0
outer loop
vertex 86.25 -32.0 6.0
vertex 97.0 -32.0 10.0
vertex 86.25 -32.0 10.0
endloop
endfacet
facet normal 0.0 0.0 -1.0
outer loop
vertex 86.25 -32.0 0.0
vertex 91.34741973876953 1.6525821685791016 0.0
vertex 91.34741973876953 -1.6525821685791016 0.0
endloop
endfacet
facet normal 0.0 0.0 -1.0
outer loop
vertex 97.0 -32.0 0.0
vertex 91.34741973876953 -1.6525821685791016 0.0
vertex 91.82274627685547 -1.1772575378417969 0.0
endloop
endfacet
facet normal 0.0 0.0 -1.0
outer loop
vertex 97.0 -32.0 0.0
vertex 91.82274627685547 -1.1772575378417969 0.0
vertex 91.82274627685547 1.1772575378417969 0.0
endloop
endfacet
facet normal 1.0 0.0 -0.0
outer loop
vertex 97.0 -32.0 0.0
vertex 97.0 32.0 6.0
vertex 97.0 -32.0 6.0
endloop
endfacet
facet normal 1.0 0.0 -0.0
outer loop
vertex 97.0 -32.0 6.0
vertex 97.0 32.0 10.0
vertex 97.0 -32.0 10.0
endloop
endfacet
facet normal 0.0 -0.0 1.0
outer loop
vertex 64.75 -32.0 10.0
vertex 75.5 -32.0 10.0
vertex 70.125 0.0 10.0
endloop
endfacet
facet normal -0.0 -1.0 0.0
outer loop
vertex 75.5 -32.0 10.0
vertex 86.25 -32.0 14.0
vertex 75.5 -32.0 13.399999618530273
endloop
endfacet
facet normal 0.0 -1.0 0.0
outer loop
vertex 75.5 -32.0 10.0
vertex 86.25 -32.0 10.0
vertex 86.25 -32.0 14.0
endloop
endfacet
facet normal 0.0 -0.9999999999999999 0.0
outer loop
vertex 75.5 -32.0 13.399999618530273
vertex 86.25 -32.0 14.0
vertex 75.5 -32.0 14.0
endloop
endfacet
facet normal 0.0 -0.0 1.0
outer loop
vertex 75.5 -32.0 14.0
vertex 86.25 -32.0 14.0
vertex 80.875 0.0 14.0
endloop
endfacet
facet normal 0.0 -1.0 0.0
outer loop
vertex 86.25 -32.0 10.0
vertex 97.0 -32.0 10.0
vertex 97.0 -32.0 14.0
endloop
endfacet
facet normal 0.0 -1.0 0.0
outer loop
vertex 86.25 -32.0 10.0
vertex 97.0 -32.0 14.0
vertex 86.25 -32.0 14.0
endloop
endfacet
facet normal -0.0 -1.0 0.0
outer loop
vertex 86.25 -32.0 14.0
vertex 97.0 -32.0 18.0
vertex 86.25 -32.0 17.399999618530273
endloop
endfacet
facet normal 0.0 -1.0 0.0
outer loop
vertex 86.25 -32.0 14.0
vertex 97.0 -32.0 14.0
vertex 97.0 -32.0 18.0
endloop
endfacet
facet normal 0.0 -0.9999999999999999 0.0
outer loop
vertex 86.25 -32.0 17.399999618530273
vertex 97.0 -32.0 18.0
vertex 86.25 -32.0 18.0
endloop
endfacet
facet normal 0.0 -0.0 1.0
outer loop
vertex 86.25 -32.0 18.0
vertex 97.0 -32.0 18.0
vertex 91.0 -26.0 18.0
endloop
endfacet
facet normal 0.0 0.0 1.0
outer loop
vertex 97.0 -32.0 18.0
vertex 95.0 -26.0 18.0
vertex 91.0 -26.0 18.0
endloop
endfacet
facet normal 0.0 0.0 1.0
outer loop
vertex 86.25 -32.0 18.0
vertex 91.0 -26.0 18.0
vertex 91.0 -22.0 18.0
endloop
endfacet
facet normal 0.0 0.0 1.0
outer loop
vertex 86.25 -32.0 18.0
vertex 91.0 -22.0 18.0
vertex 95.0 -2.0 18.0
endloop
endfacet
facet normal 0.0 0.0 1.0
outer loop
vertex 97.0 -32.0 18.0
vertex 95.0 -22.0 18.0
vertex 95.0 -26.0 18.0
endloop
endfacet
facet normal 0.0 0.0 1.0
outer loop
vertex 97.0 -32.0 18.0
vertex 95.0 -2.0 18.0
vertex 95.0 -22.0 18.0
endloop
endfacet
facet normal -1.0 0.0 0.0
outer loop
vertex 75.5 -32.0 10.0
vertex 75.5 -32.0 13.399999618530273
vertex 75.5 32.0 13.399999618530273
endloop
endfacet
facet normal 1.0 0.0 -0.0
outer loop
vertex 97.0 -32.0 10.0
vertex 97.0 32.0 14.0
vertex 97.0 -32.0 14.0
endloop
endfacet
facet normal -1.0 0.0 0.0
outer loop
vertex 86.25 -32.0 14.0
vertex 86.25 -32.0 17.399999618530273
vertex 86.25 32.0 17.399999618530273
endloop
endfacet
facet normal 1.0 0.0 -0.0
outer loop
vertex 97.0 -32.0 14.0
vertex 97.0 32.0 18.0
vertex 97.0 -32.0 18.0
endloop
endfacet
facet normal 0.0 -0.0 1.0
outer loop
vertex 86.25 -32.0 18.0
vertex 95.0 -2.0 18.0
vertex 91.0 -2.0 18.0
endloop
endfacet
facet normal 0.0 0.0 1.0
outer loop
vertex 86.25 -32.0 18.0
vertex 91.0 -2.0 18.0
vertex 91.0 2.0 18.0
endloop
endfacet
facet normal 0.0 0.0 1.0
outer loop
vertex 91.0 -22.0 18.0
vertex 95.0 -22.0 18.0
vertex 95.0 -2.0 18.0
endloop
endfacet
facet normal 0.0 0.0 1.0
outer loop
vertex 97.0 -32.0 18.0
vertex 95.0 2.0 18.0
vertex 95.0 -2.0 18.0
endloop
endfacet
facet normal 0.0 -1.0 0.0
outer loop
vertex -49.29999923706055 36.0 3.0
vertex 49.29999923706055 36.0 0.0
vertex 49.29999923706055 36.0 3.0
endloop
endfacet
facet normal 0.0 -1.0 0.0
outer loop
vertex -50.0 36.0 5.400000095367432
vertex 49.29999923706055 36.0 3.0
vertex 49.70000076293945 36.0 3.0
endloop
endfacet
facet normal 0.0 -0.9999999999999999 0.0
outer loop
vertex -50.0 36.0 5.400000095367432
vertex 49.70000076293945 36.0 3.0
vertex 50.0 36.0 5.400000095367432
endloop
endfacet
facet normal 0.0 0.0 -1.0
outer loop
vertex -49.29999923706055 36.0 0.0
vertex 0.0 40.75 0.0
vertex 49.29999923706055 36.0 0.0
endloop
endfacet
facet normal 0.0 -0.0 -1.0
outer loop
vertex -50.0 45.5 0.0
vertex 50.0 45.5 0.0
vertex 0.0 40.75 0.0
endloop
endfacet
facet normal 0.0 0.0 -1.0
outer loop
vertex -50.0 45.5 0.0
vertex 0.0 50.25 0.0
vertex 50.0 45.5 0.0
endloop
endfacet
facet normal 0.0 -0.0 -1.0
outer loop
vertex -50.0 55.0 0.0
vertex 50.0 55.0 0.0
vertex 0.0 50.25 0.0
endloop
endfacet
facet normal 0.0 -0.0 1.0
outer loop
vertex -50.0 36.0 6.0
vertex 50.0 36.0 6.0
vertex 0.0 40.75 6.0
endloop
endfacet
facet normal -0.0 0.0 1.0
outer loop
vertex -50.0 45.5 6.0
vertex 0.0 40.75 6.0
vertex 50.0 45.5 6.0
endloop
endfacet
facet normal 0.0 -1.0 0.0
outer loop
vertex -50.0 45.5 9.399999618530273
vertex 50.0 45.5 6.0
vertex 50.0 45.5 9.399999618530273
endloop
endfacet
facet normal 0.0 0.0 -1.0
outer loop
vertex -50.0 55.0 0.0
vertex 0.0 59.75 0.0
vertex 50.0 55.0 0.0
endloop
endfacet
facet normal 0.0 -0.0 -1.0
outer loop
vertex -50.0 64.5 0.0
vertex 50.0 64.5 0.0
vertex 0.0 59.75 0.0
endloop
endfacet
facet normal 0.0 0.0 -1.0
outer loop
vertex -50.0 64.5 0.0
vertex 0.0 69.25 0.0
vertex 50.0 64.5 0.0
endloop
endfacet
facet normal 0.0 -0.0 -1.0
outer loop
vertex -50.0 74.0 0.0
vertex 50.0 74.0 0.0
vertex 0.0 69.25 0.0
endloop
endfacet
facet normal -0.0 1.0 0.0
outer loop
vertex -50.0 74.0 6.0
vertex 50.0 74.0 6.0
vertex 50.0 74.0 0.0
endloop
endfacet
facet normal -0.0 1.0 0.0
outer loop
vertex -50.0 74.0 10.0
vertex 50.0 74.0 10.0
vertex 50.0 74.0 6.0
endloop
endfacet
facet normal -0.0 -0.0 -1.0
outer loop
vertex 0.0 40.75 0.0
vertex 49.70000076293945 36.0 0.0
vertex 49.29999923706055 36.0 0.0
endloop
endfacet
facet normal -0.0 -0.0 -1.0
outer loop
vertex 0.0 40.75 0.0
vertex 50.0 36.0 0.0
vertex 49.70000076293945 36.0 0.0
endloop
endfacet
facet normal 0.0 0.0 -1.0
outer loop
vertex 0.0 40.75 0.0
vertex 50.0 45.5 0.0
vertex 50.0 36.0 0.0
endloop
endfacet
facet normal 0.0 0.0 -1.0
outer loop
vertex 0.0 50.25 0.0
vertex 50.0 55.0 0.0
vertex 50.0 45.5 0.0
endloop
endfacet
facet normal -0.0 0.0 1.0
outer loop
vertex 0.0 40.75 6.0
vertex 50.0 36.0 6.0
vertex 50.0 45.5 6.0
endloop
endfacet
facet normal 0.0 0.0 -1.0
outer loop
vertex 0.0 59.75 0.0
vertex 50.0 64.5 0.0
vertex 50.0 55.0 0.0
endloop
endfacet
facet normal 0.0 0.0 -1.0
outer loop
vertex 0.0 69.25 0.0
vertex 50.0 74.0 0.0
vertex 50.0 64.5 0.0
endloop
endfacet
facet normal 0.0 -0.0 1.0
outer loop
vertex -50.0 45.5 10.0
vertex 50.0 45.5 10.0
vertex 0.0 50.25 10.0
endloop
endfacet
facet normal -0.0 0.0 1.0
outer loop
vertex -50.0 55.0 10.0
vertex 0.0 50.25 10.0
vertex 50.0 55.0 10.0
endloop
endfacet
facet normal 0.0 -1.0 0.0
outer loop
vertex -50.0 55.0 13.399999618530273
vertex 50.0 55.0 10.0
vertex 50.0 55.0 13.399999618530273
endloop
endfacet
facet normal 0.0 -0.0 1.0
outer loop
vertex -50.0 55.0 14.0
vertex 50.0 55.0 14.0
vertex 0.0 59.75 14.0
endloop
endfacet
facet normal -0.0 0.0 1.0
outer loop
vertex -50.0 64.5 14.0
vertex 0.0 59.75 14.0
vertex 50.0 64.5 14.0
endloop
endfacet
facet normal -0.0 1.0 0.0
outer loop
vertex -50.0 74.0 14.0
vertex 50.0 74.0 14.0
vertex 50.0 74.0 10.0
endloop
endfacet
facet normal 0.0 -0.0 1.0
outer loop
vertex -50.0 64.5 18.0
vertex 50.0 64.5 18.0
vertex 10.0 65.0 18.0
endloop
endfacet
facet normal -0.0 1.0 0.0
outer loop
vertex -34.0 74.0 18.0
vertex -14.0 74.0 18.0
vertex 50.0 74.0 14.0
endloop
endfacet
facet normal -0.0 1.0 0.0
outer loop
vertex -14.0 74.0 18.0
vertex -10.0 74.0 18.0
vertex 50.0 74.0 14.0
endloop
endfacet
facet normal 0.0 -0.0 1.0
outer loop
vertex -10.0 67.0 18.0
vertex 10.0 67.0 18.0
vertex 0.0 69.25 18.0
endloop
endfacet
facet normal -0.0 0.0 1.0
outer loop
vertex -10.0 74.0 18.0
vertex 0.0 69.25 18.0
vertex 10.0 74.0 18.0
endloop
endfacet
facet normal 0.0 0.0 1.0
outer loop
vertex 0.0 69.25 18.0
vertex 10.0 70.0 18.0
vertex 10.0 74.0 18.0
endloop
endfacet
facet normal 0.0 -1.0 0.0
outer loop
vertex -50.0 64.5 17.399999618530273
vertex 50.0 64.5 14.0
vertex 50.0 64.5 17.399999618530273
endloop
endfacet
facet normal -0.0 1.0 0.0
outer loop
vertex -10.0 74.0 18.0
vertex 10.0 74.0 18.0
vertex 50.0 74.0 14.0
endloop
endfacet
facet normal 0.0 0.0 1.0
outer loop
vertex 0.0 69.25 18.0
vertex 10.0 67.0 18.0
vertex 50.0 64.5 18.0
endloop
endfacet
facet normal -0.0 -0.0 1.0
outer loop
vertex 0.0 69.25 18.0
vertex 50.0 64.5 18.0
vertex 10.0 70.0 18.0
endloop
endfacet
facet normal -0.0 -0.0 1.0
outer loop
vertex 10.0 65.0 18.0
vertex 50.0 64.5 18.0
vertex 10.0 67.0 18.0
endloop
endfacet
facet normal 0.0 -0.0 1.0
outer loop
vertex 14.0 70.0 18.0
vertex 34.0 70.0 18.0
vertex 14.0 74.0 18.0
endloop
endfacet
facet normal -0.0 0.0 1.0
outer loop
vertex 0.0 50.25 10.0
vertex 50.0 45.5 10.0
vertex 50.0 55.0 10.0
endloop
endfacet
facet normal -0.0 0.0 1.0
outer loop
vertex 0.0 59.75 14.0
vertex 50.0 55.0 14.0
vertex 50.0 64.5 14.0
endloop
endfacet
facet normal -0.0 1.0 0.0
outer loop
vertex 10.0 74.0 18.0
vertex 14.0 74.0 18.0
vertex 50.0 74.0 14.0
endloop
endfacet
facet normal -0.0 1.0 0.0
outer loop
vertex 14.0 74.0 18.0
vertex 34.0 74.0 18.0
vertex 50.0 74.0 14.0
endloop
endfacet
facet normal -0.0 -0.0 1.0
outer loop
vertex 10.0 70.0 18.0
vertex 50.0 64.5 18.0
vertex 14.0 70.0 18.0
endloop
endfacet
facet normal -0.0 0.0 1.0
outer loop
vertex 14.0 74.0 18.0
vertex 34.0 70.0 18.0
vertex 34.0 74.0 18.0
endloop
endfacet
facet normal -0.0 -0.0 1.0
outer loop
vertex 14.0 70.0 18.0
vertex 50.0 64.5 18.0
vertex 34.0 70.0 18.0
endloop
endfacet
facet normal -0.0 1.0 0.0
outer loop
vertex 34.0 74.0 18.0
vertex 38.0 74.0 18.0
vertex 50.0 74.0 14.0
endloop
endfacet
facet normal -0.0 1.0 0.0
outer loop
vertex 38.0 74.0 18.0
vertex 50.0 74.0 18.0
vertex 50.0 74.0 14.0
endloop
endfacet
facet normal -0.0 -0.0 1.0
outer loop
vertex 34.0 70.0 18.0
vertex 50.0 64.5 18.0
vertex 38.0 70.0 18.0
endloop
endfacet
facet normal 0.0 -0.0 1.0
outer loop
vertex 38.0 70.0 18.0
vertex 50.0 74.0 18.0
vertex 38.0 74.0 18.0
endloop
endfacet
facet normal -0.0 0.0 1.0
outer loop
vertex 38.0 70.0 18.0
vertex 50.0 64.5 18.0
vertex 50.0 74.0 18.0
endloop
endfacet
facet normal 0.0 0.0 -1.0
outer loop
vertex 54.0 -32.0 0.0
vertex 54.0 32.0 0.0
vertex 59.375 0.0 0.0
endloop
endfacet
facet normal -1.0 0.0 0.0
outer loop
vertex 54.0 -32.0 0.0
vertex 54.0 32.0 5.400000095367432
vertex 54.0 32.0 0.0
endloop
endfacet
facet normal 0.0 0.0 -1.0
outer loop
vertex 64.75 -32.0 0.0
vertex 59.375 0.0 0.0
vertex 64.75 32.0 0.0
endloop
endfacet
facet normal 0.0 0.0 -1.0
outer loop
vertex 64.75 -32.0 0.0
vertex 64.75 32.0 0.0
vertex 70.125 0.0 0.0
endloop
endfacet
facet normal 0.0 -0.0 1.0
outer loop
vertex 54.0 -32.0 6.0
vertex 59.375 0.0 6.0
vertex 54.0 32.0 6.0
endloop
endfacet
facet normal 0.0 -0.0 1.0
outer loop
vertex 64.75 -32.0 6.0
vertex 64.75 32.0 6.0
vertex 59.375 0.0 6.0
endloop
endfacet
facet normal -1.0 0.0 0.0
outer loop
vertex 64.75 -32.0 6.0
vertex 64.75 32.0 9.399999618530273
vertex 64.75 32.0 6.0
endloop
endfacet
facet normal 0.0 0.0 -1.0
outer loop
vertex 59.375 0.0 0.0
vertex 54.0 32.0 0.0
vertex 64.75 32.0 0.0
endloop
endfacet
facet normal 0.0 -1.0 0.0
outer loop
vertex 49.70000076293945 36.0 0.0
vertex 50.0 36.0 0.0
vertex 49.70000076293945 36.0 3.0
endloop
endfacet
facet normal -0.0 1.0 0.0
outer loop
vertex 54.0 32.0 0.0
vertex 54.0 32.0 5.400000095367432
vertex 64.75 32.0 0.0
endloop
endfacet
facet normal -0.0 -1.0 0.0
outer loop
vertex 50.0 36.0 0.0
vertex 50.0 36.0 5.400000095367432
vertex 49.70000076293945 36.0 3.0
endloop
endfacet
facet normal 0.0 1.0 -0.0
outer loop
vertex 64.75 32.0 0.0
vertex 54.0 32.0 5.400000095367432
vertex 54.0 32.0 6.0
endloop
endfacet
facet normal 0.0 0.0 -1.0
outer loop
vertex 70.125 0.0 0.0
vertex 64.75 32.0 0.0
vertex 75.5 32.0 0.0
endloop
endfacet
facet normal -0.0 1.0 0.0
outer loop
vertex 64.75 32.0 0.0
vertex 64.75 32.0 6.0
vertex 75.5 32.0 0.0
endloop
endfacet
facet normal 0.0 1.0 -0.0
outer loop
vertex 64.75 32.0 0.0
vertex 54.0 32.0 6.0
vertex 64.75 32.0 6.0
endloop
endfacet
facet normal -0.0 1.0 0.0
outer loop
vertex 64.75 32.0 6.0
vertex 75.5 32.0 6.0
vertex 75.5 32.0 0.0
endloop
endfacet
facet normal 0.0 -0.0 1.0
outer loop
vertex 59.375 0.0 6.0
vertex 64.75 32.0 6.0
vertex 54.0 32.0 6.0
endloop
endfacet
facet normal -0.0 1.0 0.0
outer loop
vertex 64.75 32.0 6.0
vertex 64.75 32.0 9.399999618530273
vertex 75.5 32.0 6.0
endloop
endfacet
facet normal -0.0 0.9999999999999999 0.0
outer loop
vertex 64.75 32.0 9.399999618530273
vertex 64.75 32.0 10.0
vertex 75.5 32.0 6.0
endloop
endfacet
facet normal 0.0 1.0 -0.0
outer loop
vertex 75.5 32.0 6.0
vertex 64.75 32.0 10.0
vertex 75.5 32.0 10.0
endloop
endfacet
facet normal 0.0 0.0 -1.0
outer loop
vertex 75.5 -32.0 0.0
vertex 70.125 0.0 0.0
vertex 75.5 32.0 0.0
endloop
endfacet
facet normal 0.0 0.0 -1.0
outer loop
vertex 75.5 -32.0 0.0
vertex 75.5 32.0 0.0
vertex 80.875 0.0 0.0
endloop
endfacet
facet normal 0.0 0.0 -1.0
outer loop
vertex 86.25 -32.0 0.0
vertex 80.875 0.0 0.0
vertex 86.25 32.0 0.0
endloop
endfacet
facet normal 0.0 0.0 -1.0
outer loop
vertex 86.25 -32.0 0.0
vertex 86.25 32.0 0.0
vertex 91.34741973876953 1.6525821685791016 0.0
endloop
endfacet
facet normal 0.0 0.0 -1.0
outer loop
vertex 97.0 -32.0 0.0
vertex 91.82274627685547 1.1772575378417969 0.0
vertex 97.0 32.0 0.0
endloop
endfacet
facet normal 0.0 -0.0 -1.0
outer loop
vertex 91.34741973876953 1.6525821685791016 0.0
vertex 97.0 32.0 0.0
vertex 91.82274627685547 1.1772575378417969 0.0
endloop
endfacet
facet normal 1.0 0.0 0.0
outer loop
vertex 97.0 -32.0 0.0
vertex 97.0 32.0 0.0
vertex 97.0 32.0 6.0
endloop
endfacet
facet normal 1.0 0.0 0.0
outer loop
vertex 97.0 -32.0 6.0
vertex 97.0 32.0 6.0
vertex 97.0 32.0 10.0
endloop
endfacet
facet normal 0.0 0.0 -1.0
outer loop
vertex 80.875 0.0 0.0
vertex 75.5 32.0 0.0
vertex 86.25 32.0 0.0
endloop
endfacet
facet normal -0.0 1.0 0.0
outer loop
vertex 75.5 32.0 0.0
vertex 75.5 32.0 6.0
vertex 86.25 32.0 0.0
endloop
endfacet
facet normal 0.0 1.0 -0.0
outer loop
vertex 86.25 32.0 0.0
vertex 75.5 32.0 6.0
vertex 86.25 32.0 6.0
endloop
endfacet
facet normal 0.0 0.0 -0.9999999999999999
outer loop
vertex 91.34741973876953 1.6525821685791016 0.0
vertex 86.25 32.0 0.0
vertex 97.0 32.0 0.0
endloop
endfacet
facet normal -0.0 1.0 0.0
outer loop
vertex 86.25 32.0 0.0
vertex 86.25 32.0 6.0
vertex 97.0 32.0 0.0
endloop
endfacet
facet normal 0.0 1.0 -0.0
outer loop
vertex 97.0 32.0 0.0
vertex 86.25 32.0 6.0
vertex 97.0 32.0 6.0
endloop
endfacet
facet normal -0.0 1.0 0.0
outer loop
vertex 75.5 32.0 6.0
vertex 75.5 32.0 10.0
vertex 86.25 32.0 6.0
endloop
endfacet
facet normal 0.0 1.0 -0.0
outer loop
vertex 86.25 32.0 6.0
vertex 75.5 32.0 10.0
vertex 86.25 32.0 10.0
endloop
endfacet
facet normal -0.0 1.0 0.0
outer loop
vertex 86.25 32.0 6.0
vertex 86.25 32.0 10.0
vertex 97.0 32.0 6.0
endloop
endfacet
facet normal 0.0 1.0 -0.0
outer loop
vertex 97.0 32.0 6.0
vertex 86.25 32.0 10.0
vertex 97.0 32.0 10.0
endloop
endfacet
facet normal 0.0 -0.0 1.0
outer loop
vertex 64.75 -32.0 10.0
vertex 70.125 0.0 10.0
vertex 64.75 32.0 10.0
endloop
endfacet
facet normal 0.0 -0.0 1.0
outer loop
vertex 70.125 0.0 10.0
vertex 75.5 32.0 10.0
vertex 64.75 32.0 10.0
endloop
endfacet
facet normal 0.0 -0.0 1.0
outer loop
vertex 75.5 -32.0 10.0
vertex 75.5 32.0 10.0
vertex 70.125 0.0 10.0
endloop
endfacet
facet normal 0.0 -0.0 1.0
outer loop
vertex 75.5 -32.0 14.0
vertex 80.875 0.0 14.0
vertex 75.5 32.0 14.0
endloop
endfacet
facet normal 0.0 -0.0 1.0
outer loop
vertex 86.25 -32.0 14.0
vertex 86.25 32.0 14.0
vertex 80.875 0.0 14.0
endloop
endfacet
facet normal -1.0 0.0 0.0
outer loop
vertex 75.5 -32.0 10.0
vertex 75.5 32.0 13.399999618530273
vertex 75.5 32.0 10.0
endloop
endfacet
facet normal 1.0 0.0 0.0
outer loop
vertex 97.0 -32.0 10.0
vertex 97.0 32.0 10.0
vertex 97.0 32.0 14.0
endloop
endfacet
facet normal 0.0 -0.0 1.0
outer loop
vertex 86.25 -32.0 18.0
vertex 91.0 2.0 18.0
vertex 86.25 32.0 18.0
endloop
endfacet
facet normal 0.0 -0.0 1.0
outer loop
vertex 97.0 -32.0 18.0
vertex 97.0 32.0 18.0
vertex 95.0 2.0 18.0
endloop
endfacet
facet normal 0.0 0.0 1.0
outer loop
vertex 91.0 2.0 18.0
vertex 95.0 2.0 18.0
vertex 95.0 22.0 18.0
endloop
endfacet
facet normal -1.0 0.0 0.0
outer loop
vertex 86.25 -32.0 14.0
vertex 86.25 32.0 17.399999618530273
vertex 86.25 32.0 14.0
endloop
endfacet
facet normal 1.0 0.0 0.0
outer loop
vertex 97.0 -32.0 14.0
vertex 97.0 32.0 14.0
vertex 97.0 32.0 18.0
endloop
endfacet
facet normal 0.0 -0.0 1.0
outer loop
vertex 91.0 2.0 18.0
vertex 95.0 22.0 18.0
vertex 91.0 22.0 18.0
endloop
endfacet
facet normal 0.0 -0.0 1.0
outer loop
vertex 80.875 0.0 14.0
vertex 86.25 32.0 14.0
vertex 75.5 32.0 14.0
endloop
endfacet
facet normal -0.0 1.0 0.0
outer loop
vertex 75.5 32.0 10.0
vertex 75.5 32.0 13.399999618530273
vertex 86.25 32.0 10.0
endloop
endfacet
facet normal -0.0 0.9999999999999999 0.0
outer loop
vertex 75.5 32.0 13.399999618530273
vertex 75.5 32.0 14.0
vertex 86.25 32.0 10.0
endloop
endfacet
facet normal -0.0 1.0 0.0
outer loop
vertex 75.5 32.0 14.0
vertex 86.25 32.0 14.0
vertex 86.25 32.0 10.0
endloop
endfacet
facet normal -0.0 1.0 0.0
outer loop
vertex 86.25 32.0 10.0
vertex 86.25 32.0 14.0
vertex 97.0 32.0 10.0
endloop
endfacet
facet normal 0.0 1.0 -0.0
outer loop
vertex 97.0 32.0 10.0
vertex 86.25 32.0 14.0
vertex 97.0 32.0 14.0
endloop
endfacet
facet normal 0.0 -0.0 1.0
outer loop
vertex 91.0 2.0 18.0
vertex 91.0 22.0 18.0
vertex 86.25 32.0 18.0
endloop
endfacet
facet normal 0.0 -0.0 1.0
outer loop
vertex 91.0 22.0 18.0
vertex 91.0 26.0 18.0
vertex 86.25 32.0 18.0
endloop
endfacet
facet normal 0.0 -0.0 1.0
outer loop
vertex 95.0 2.0 18.0
vertex 97.0 32.0 18.0
vertex 95.0 22.0 18.0
endloop
endfacet
facet normal 0.0 -0.0 1.0
outer loop
vertex 95.0 22.0 18.0
vertex 97.0 32.0 18.0
vertex 95.0 26.0 18.0
endloop
endfacet
facet normal -0.0 1.0 0.0
outer loop
vertex 86.25 32.0 14.0
vertex 86.25 32.0 17.399999618530273
vertex 97.0 32.0 14.0
endloop
endfacet
facet normal 0.0 0.9999999999999999 -0.0
outer loop
vertex 97.0 32.0 14.0
vertex 86.25 32.0 17.399999618530273
vertex 86.25 32.0 18.0
endloop
endfacet
facet normal 0.0 1.0 -0.0
outer loop
vertex 97.0 32.0 14.0
vertex 86.25 32.0 18.0
vertex 97.0 32.0 18.0
endloop
endfacet
facet normal 0.0 -0.0 1.0
outer loop
vertex 91.0 26.0 18.0
vertex 97.0 32.0 18.0
vertex 86.25 32.0 18.0
endloop
endfacet
facet normal 0.0 0.0 1.0
outer loop
vertex 91.0 26.0 18.0
vertex 95.0 26.0 18.0
vertex 97.0 32.0 18.0
endloop
endfacet
facet normal 1.0 0.0 0.0
outer loop
vertex 50.0 36.0 0.0
vertex 50.0 45.5 0.0
vertex 50.0 45.5 6.0
endloop
endfacet
facet normal 1.0 0.0 -0.0
outer loop
vertex 50.0 36.0 0.0
vertex 50.0 45.5 6.0
vertex 50.0 36.0 5.400000095367432
endloop
endfacet
facet normal 1.0 0.0 0.0
outer loop
vertex 50.0 45.5 0.0
vertex 50.0 55.0 0.0
vertex 50.0 55.0 6.0
endloop
endfacet
facet normal 1.0 0.0 -0.0
outer loop
vertex 50.0 45.5 0.0
vertex 50.0 55.0 6.0
vertex 50.0 45.5 6.0
endloop
endfacet
facet normal 1.0 0.0 -0.0
outer loop
vertex 50.0 36.0 5.400000095367432
vertex 50.0 45.5 6.0
vertex 50.0 36.0 6.0
endloop
endfacet
facet normal 1.0 0.0 0.0
outer loop
vertex 50.0 45.5 6.0
vertex 50.0 55.0 6.0
vertex 50.0 55.0 10.0
endloop
endfacet
facet normal 1.0 0.0 -0.0
outer loop
vertex 50.0 45.5 6.0
vertex 50.0 55.0 10.0
vertex 50.0 45.5 9.399999618530273
endloop
endfacet
facet normal 1.0 0.0 -0.0
outer loop
vertex 50.0 45.5 9.399999618530273
vertex 50.0 55.0 10.0
vertex 50.0 45.5 10.0
endloop
endfacet
facet normal 1.0 0.0 0.0
outer loop
vertex 50.0 55.0 0.0
vertex 50.0 64.5 0.0
vertex 50.0 64.5 6.0
endloop
endfacet
facet normal 1.0 0.0 -0.0
outer loop
vertex 50.0 55.0 0.0
vertex 50.0 64.5 6.0
vertex 50.0 55.0 6.0
endloop
endfacet
facet normal 1.0 0.0 0.0
outer loop
vertex 50.0 64.5 0.0
vertex 50.0 74.0 0.0
vertex 50.0 74.0 6.0
endloop
endfacet
facet normal 1.0 0.0 -0.0
outer loop
vertex 50.0 64.5 0.0
vertex 50.0 74.0 6.0
vertex 50.0 64.5 6.0
endloop
endfacet
facet normal 1.0 0.0 0.0
outer loop
vertex 50.0 55.0 6.0
vertex 50.0 64.5 6.0
vertex 50.0 64.5 10.0
endloop
endfacet
facet normal 1.0 0.0 -0.0
outer loop
vertex 50.0 55.0 6.0
vertex 50.0 64.5 10.0
vertex 50.0 55.0 10.0
endloop
endfacet
facet normal 1.0 0.0 0.0
outer loop
vertex 50.0 64.5 6.0
vertex 50.0 74.0 6.0
vertex 50.0 74.0 10.0
endloop
endfacet
facet normal 1.0 0.0 -0.0
outer loop
vertex 50.0 64.5 6.0
vertex 50.0 74.0 10.0
vertex 50.0 64.5 10.0
endloop
endfacet
facet normal 1.0 0.0 -0.0
outer loop
vertex 50.0 55.0 10.0
vertex 50.0 64.5 14.0
vertex 50.0 55.0 13.399999618530273
endloop
endfacet
facet normal 1.0 0.0 0.0
outer loop
vertex 50.0 55.0 10.0
vertex 50.0 64.5 10.0
vertex 50.0 64.5 14.0
endloop
endfacet
facet normal 1.0 0.0 -0.0
outer loop
vertex 50.0 55.0 13.399999618530273
vertex 50.0 64.5 14.0
vertex 50.0 55.0 14.0
endloop
endfacet
facet normal 1.0 0.0 0.0
outer loop
vertex 50.0 64.5 10.0
vertex 50.0 74.0 10.0
vertex 50.0 74.0 14.0
endloop
endfacet
facet normal 1.0 0.0 -0.0
outer loop
vertex 50.0 64.5 10.0
vertex 50.0 74.0 14.0
vertex 50.0 64.5 14.0
endloop
endfacet
facet normal 1.0 0.0 -0.0
outer loop
vertex 50.0 64.5 14.0
vertex 50.0 74.0 18.0
vertex 50.0 64.5 17.399999618530273
endloop
endfacet
facet normal 1.0 0.0 0.0
outer loop
vertex 50.0 64.5 14.0
vertex 50.0 74.0 14.0
vertex 50.0 74.0 18.0
endloop
endfacet
facet normal 1.0 0.0 -0.0
outer loop
vertex 50.0 64.5 17.399999618530273
vertex 50.0 74.0 18.0
vertex 50.0 64.5 18.0
endloop
endfacet
facet normal 0.0 0.0 -1.0
outer loop
vertex -96.4000015258789 -74.0 0.0
vertex -97.0 -74.0 0.0
vertex -96.4000015258789 -73.4000015258789 0.0
endloop
endfacet
facet normal 1.0 0.0 0.0
outer loop
vertex -96.4000015258789 -74.0 0.0
vertex -96.4000015258789 -73.4000015258789 0.0
vertex -96.4000015258789 -73.4000015258789 0.6000000238418579
endloop
endfacet
facet normal 1.0 0.0 -0.0
outer loop
vertex -96.4000015258789 -74.0 0.0
vertex -96.4000015258789 -73.4000015258789 0.6000000238418579
vertex -96.4000015258789 -74.0 0.6000000238418579
endloop
endfacet
facet normal 0.0 -0.0 1.0
outer loop
vertex -96.4000015258789 -74.0 0.6000000238418579
vertex -96.4000015258789 -73.4000015258789 0.6000000238418579
vertex -97.0 -74.0 0.6000000238418579
endloop
endfacet
facet normal -0.9999999999999999 0.0 0.0
outer loop
vertex -50.0 -32.0 1.399999976158142
vertex -50.0 -32.0 1.7000000476837158
vertex -50.0 -31.200000762939453 1.7000000476837158
endloop
endfacet
facet normal 0.0 -0.9999999999999999 0.0
outer loop
vertex -50.0 -32.0 1.399999976158142
vertex -49.20000076293945 -32.0 1.7000000476837158
vertex -50.0 -32.0 1.7000000476837158
endloop
endfacet
facet normal 0.0 -0.0 1.0
outer loop
vertex -50.0 -32.0 1.7000000476837158
vertex -49.599998474121094 -31.600000381469727 1.7000000476837158
vertex -50.0 -31.200000762939453 1.7000000476837158
endloop
endfacet
facet normal 0.0 -0.0 1.0
outer loop
vertex -50.0 -32.0 1.7000000476837158
vertex -49.20000076293945 -32.0 1.7000000476837158
vertex -49.599998474121094 -31.600000381469727 1.7000000476837158
endloop
endfacet
facet normal -0.0 0.0 1.0
outer loop
vertex -49.599998474121094 -31.600000381469727 1.7000000476837158
vertex -49.20000076293945 -32.0 1.7000000476837158
vertex -49.20000076293945 -31.200000762939453 1.7000000476837158
endloop
endfacet
facet normal 0.0 -0.0 1.0
outer loop
vertex -49.599998474121094 -31.600000381469727 1.7000000476837158
vertex -49.20000076293945 -31.200000762939453 1.7000000476837158
vertex -50.0 -31.200000762939453 1.7000000476837158
endloop
endfacet
facet normal 1.0 0.0 -0.0
outer loop
vertex -49.20000076293945 -31.200000762939453 1.399999976158142
vertex -49.20000076293945 -20.0 1.399999976158142
vertex -49.20000076293945 -31.200000762939453 1.7000000476837158
endloop
endfacet
facet normal 0.0 -0.0 1.0
outer loop
vertex -50.0 -31.200000762939453 1.7000000476837158
vertex -49.20000076293945 -31.200000762939453 1.7000000476837158
vertex -49.343631744384766 -19.99684715270996 1.7000000476837158
endloop
endfacet
facet normal 0.0 -0.0 1.0
outer loop
vertex -50.0 -31.200000762939453 1.7000000476837158
vertex -49.343631744384766 -19.99684715270996 1.7000000476837158
vertex -49.35384750366211 -19.200000762939453 1.7000000476837158
endloop
endfacet
facet normal 1.0 -0.0 0.0
outer loop
vertex -49.20000076293945 -31.200000762939453 1.7000000476837158
vertex -49.20000076293945 -20.0 1.399999976158142
vertex -49.20000076293945 -20.0 1.7000000476837158
endloop
endfacet
facet normal 0.0 -0.0 1.0
outer loop
vertex -49.20000076293945 -31.200000762939453 1.7000000476837158
vertex -49.20000076293945 -20.0 1.7000000476837158
vertex -49.343631744384766 -19.99684715270996 1.7000000476837158
endloop
endfacet
facet normal -1.0 0.0 0.0
outer loop
vertex -50.0 -32.0 1.399999976158142
vertex -50.0 -31.200000762939453 1.7000000476837158
vertex -50.0 -3.700000047683716 1.7000000476837158
endloop
endfacet
facet normal 0.0 -0.0 1.0
outer loop
vertex -49.343631744384766 -19.99684715270996 1.7000000476837158
vertex -49.20000076293945 -19.200000762939453 1.7000000476837158
vertex -49.35384750366211 -19.200000762939453 1.7000000476837158
endloop
endfacet
facet normal 1.0 0.0 -0.0
outer loop
vertex -49.20000076293945 -19.200000762939453 1.399999976158142
vertex -49.20000076293945 -12.300000190734863 1.399999976158142
vertex -49.20000076293945 -19.200000762939453 1.7000000476837158
endloop
endfacet
facet normal 0.0 -0.0 1.0
outer loop
vertex -50.0 -31.200000762939453 1.7000000476837158
vertex -49.35384750366211 -19.200000762939453 1.7000000476837158
vertex -49.599998474121094 0.0 1.7000000476837158
endloop
endfacet
facet normal 0.0 0.0 1.0
outer loop
vertex -49.35384750366211 -19.200000762939453 1.7000000476837158
vertex -49.20000076293945 -19.200000762939453 1.7000000476837158
vertex -49.20000076293945 -12.300000190734863 1.7000000476837158
endloop
endfacet
facet normal 1.0 -0.0 0.0
outer loop
vertex -49.20000076293945 -19.200000762939453 1.7000000476837158
vertex -49.20000076293945 -12.300000190734863 1.399999976158142
vertex -49.20000076293945 -12.300000190734863 1.7000000476837158
endloop
endfacet
facet normal -1.0 0.0 0.0
outer loop
vertex -50.0 -32.0 1.399999976158142
vertex -50.0 -3.700000047683716 1.7000000476837158
vertex -50.0 -3.700000047683716 1.399999976158142
endloop
endfacet
facet normal 0.0 -0.0 1.0
outer loop
vertex -49.20000076293945 -12.300000190734863 1.7000000476837158
vertex -47.5 -11.899999618530273 1.7000000476837158
vertex -49.20000076293945 -11.5 1.7000000476837158
endloop
endfacet
facet normal 0.0 -0.0 1.0
outer loop
vertex -50.0 -31.200000762939453 1.7000000476837158
vertex -49.599998474121094 0.0 1.7000000476837158
vertex -50.0 -3.700000047683716 1.7000000476837158
endloop
endfacet
facet normal 0.0 -0.0 1.0
outer loop
vertex -49.35384750366211 -19.200000762939453 1.7000000476837158
vertex -49.20000076293945 -12.300000190734863 1.7000000476837158
vertex -49.599998474121094 0.0 1.7000000476837158
endloop
endfacet
facet normal 0.0 -0.0 1.0
outer loop
vertex -49.20000076293945 -12.300000190734863 1.7000000476837158
vertex -49.20000076293945 -11.5 1.7000000476837158
vertex -49.599998474121094 0.0 1.7000000476837158
endloop
endfacet
facet normal 0.0 0.0 -1.0
outer loop
vertex -50.20000076293945 -3.700000047683716 0.0
vertex -50.099998474121094 -3.5999999046325684 0.0
vertex -50.0 -3.700000047683716 0.0
endloop
endfacet
facet normal 0.0 0.0 -1.0
outer loop
vertex -50.20000076293945 -3.700000047683716 0.0
vertex -50.20000076293945 -3.5 0.0
vertex -50.099998474121094 -3.5999999046325684 0.0
endloop
endfacet
facet normal 0.0 0.0 -1.0
outer loop
vertex -50.099998474121094 -3.5999999046325684 0.0
vertex -50.0 -3.5 0.0
vertex -50.0 -3.700000047683716 0.0
endloop
endfacet
facet normal 0.0 0.0 -1.0
outer loop
vertex -50.099998474121094 -3.5999999046325684 0.0
vertex -50.20000076293945 -3.5 0.0
vertex -50.0 -3.5 0.0
endloop
endfacet
facet normal -0.0 1.0 0.0
outer loop
vertex -50.20000076293945 -3.5 0.0
vertex -50.0 -3.5 1.399999976158142
vertex -50.0 -3.5 0.0
endloop
endfacet
facet normal 0.0 -1.0 0.0
outer loop
vertex -50.20000076293945 -3.700000047683716 0.0
vertex -50.0 -3.700000047683716 0.0
vertex -50.20000076293945 -3.700000047683716 2.5
endloop
endfacet
facet normal -0.0 1.0 0.0
outer loop
vertex -50.20000076293945 -3.5 0.0
vertex -50.0 -3.5 1.7000000476837158
vertex -50.0 -3.5 1.399999976158142
endloop
endfacet
facet normal 0.0 -1.0 0.0
outer loop
vertex -50.0 -3.700000047683716 0.0
vertex -50.0 -3.700000047683716 1.399999976158142
vertex -50.20000076293945 -3.700000047683716 2.5
endloop
endfacet
facet normal -0.0 1.0 0.0
outer loop
vertex -50.20000076293945 -3.5 0.0
vertex -50.0 -3.5 2.5
vertex -50.0 -3.5 1.7000000476837158
endloop
endfacet
facet normal 0.0 1.0 0.0
outer loop
vertex -50.20000076293945 -3.5 0.0
vertex -50.20000076293945 -3.5 2.5
vertex -50.0 -3.5 2.5
endloop
endfacet
facet normal 0.0 -1.0 0.0
outer loop
vertex -50.0 -3.700000047683716 1.399999976158142
vertex -50.0 -3.700000047683716 1.7000000476837158
vertex -50.20000076293945 -3.700000047683716 2.5
endloop
endfacet
facet normal 1.0 0.0 -0.0
outer loop
vertex -49.20000076293945 -11.5 1.399999976158142
vertex -49.20000076293945 11.5 1.399999976158142
vertex -49.20000076293945 -11.5 1.7000000476837158
endloop
endfacet
facet normal 0.0 -0.0 1.0
outer loop
vertex -50.0 -3.700000047683716 1.7000000476837158
vertex -49.599998474121094 0.0 1.7000000476837158
vertex -50.0 -3.5 1.7000000476837158
endloop
endfacet
facet normal 0.0 -1.0 0.0
outer loop
vertex -50.0 -3.700000047683716 1.7000000476837158
vertex -50.0 -3.700000047683716 2.5
vertex -50.20000076293945 -3.700000047683716 2.5
endloop
endfacet
facet normal 1.0 0.0 -0.0
outer loop
vertex -50.0 -3.700000047683716 1.7000000476837158
vertex -50.0 -3.5 1.7000000476837158
vertex -50.0 -3.700000047683716 2.5
endloop
endfacet
facet normal 1.0 0.0 0.0
outer loop
vertex -50.0 -3.5 1.7000000476837158
vertex -50.0 -3.5999999046325684 2.5
vertex -50.0 -3.700000047683716 2.5
endloop
endfacet
facet normal 1.0 0.0 -0.0
outer loop
vertex -50.0 -3.5 1.7000000476837158
vertex -50.0 -3.5 2.5
vertex -50.0 -3.5999999046325684 2.5
endloop
endfacet
facet normal -1.0 0.0 0.0
outer loop
vertex -50.0 -3.5 1.399999976158142
vertex -50.0 -3.5 1.7000000476837158
vertex -50.0 3.5 1.7000000476837158
endloop
endfacet
facet normal 0.0 0.0 1.0
outer loop
vertex -50.20000076293945 -3.700000047683716 2.5
vertex -50.0 -3.700000047683716 2.5
vertex -50.0 -3.5999999046325684 2.5
endloop
endfacet
facet normal 0.0 -0.0 1.0
outer loop
vertex -50.20000076293945 -3.700000047683716 2.5
vertex -50.0 -3.5999999046325684 2.5
vertex -50.20000076293945 -3.5999999046325684 2.5
endloop
endfacet
facet normal 0.0 -1.0 0.0
outer loop
vertex -50.20000076293945 -3.5999999046325684 2.5
vertex -50.0 -3.5999999046325684 2.5
vertex -50.20000076293945 -3.5999999046325684 2.700000047683716
endloop
endfacet
facet normal 0.0 -1.0 0.0
outer loop
vertex -50.20000076293945 -3.5999999046325684 2.700000047683716
vertex -50.0 -3.5999999046325684 2.5
vertex -50.0 -3.5999999046325684 2.700000047683716
endloop
endfacet
facet normal 0.0 0.0 -1.0
outer loop
vertex -50.20000076293945 -3.5 2.5
vertex -50.099998474121094 0.0 2.5
vertex -50.0 -3.5 2.5
endloop
endfacet
facet normal 0.0 -0.0 1.0
outer loop
vertex -50.20000076293945 -3.5999999046325684 2.700000047683716
vertex -50.0 -3.5999999046325684 2.700000047683716
vertex -50.099998474121094 0.0 2.700000047683716
endloop
endfacet
facet normal 1.0 0.0 -0.0
outer loop
vertex -50.0 -3.5999999046325684 2.5
vertex -50.0 -3.5 2.5
vertex -50.0 -3.5999999046325684 2.700000047683716
endloop
endfacet
facet normal -1.0 0.0 0.0
outer loop
vertex -50.20000076293945 -3.5999999046325684 2.5
vertex -50.20000076293945 -3.5999999046325684 2.700000047683716
vertex -50.20000076293945 3.5999999046325684 2.700000047683716
endloop
endfacet
facet normal 1.0 0.0 -0.0
outer loop
vertex -50.0 -3.5 2.5
vertex -50.0 3.5 2.5
vertex -50.0 -3.5999999046325684 2.700000047683716
endloop
endfacet
facet normal -1.0 0.0 0.0
outer loop
vertex -46.0 -32.599998474121094 0.0
vertex -46.0 -32.599998474121094 1.5
vertex -46.0 -32.20000076293945 0.0
endloop
endfacet
facet normal -1.0 0.0 0.0
outer loop
vertex -46.0 -32.599998474121094 1.5
vertex -46.0 -32.20000076293945 1.5
vertex -46.0 -32.20000076293945 0.0
endloop
endfacet
facet normal 0.0 -1.0 0.0
outer loop
vertex -50.0 -32.0 1.399999976158142
vertex -40.0 -32.0 1.399999976158142
vertex -49.20000076293945 -32.0 1.7000000476837158
endloop
endfacet
facet normal -0.0 1.0 0.0
outer loop
vertex -49.20000076293945 -31.200000762939453 1.399999976158142
vertex -49.20000076293945 -31.200000762939453 1.7000000476837158
vertex -40.0 -31.200000762939453 1.399999976158142
endloop
endfacet
facet normal 0.0 1.0 0.0
outer loop
vertex -49.20000076293945 -31.200000762939453 1.7000000476837158
vertex -30.0 -31.200000762939453 1.399999976158142
vertex -40.0 -31.200000762939453 1.399999976158142
endloop
endfacet
facet normal 0.0 0.0 -1.0
outer loop
vertex -40.0 -32.0 1.399999976158142
vertex -40.0 -31.200000762939453 1.399999976158142
vertex -30.0 -32.0 1.399999976158142
endloop
endfacet
facet normal -0.0 0.0 1.0
outer loop
vertex -49.343631744384766 -19.99684715270996 1.7000000476837158
vertex -49.20000076293945 -20.0 1.7000000476837158
vertex -42.25 -19.600000381469727 1.7000000476837158
endloop
endfacet
facet normal -0.0 1.0 0.0
outer loop
vertex -49.20000076293945 -19.200000762939453 1.399999976158142
vertex -49.20000076293945 -19.200000762939453 1.7000000476837158
vertex -40.0 -19.200000762939453 1.399999976158142
endloop
endfacet
facet normal 0.0 -0.0 1.0
outer loop
vertex -49.343631744384766 -19.99684715270996 1.7000000476837158
vertex -42.25 -19.600000381469727 1.7000000476837158
vertex -49.20000076293945 -19.200000762939453 1.7000000476837158
endloop
endfacet
facet normal 0.0 -1.0 0.0
outer loop
vertex -49.20000076293945 -20.0 1.399999976158142
vertex -35.099998474121094 -20.0 1.7000000476837158
vertex -49.20000076293945 -20.0 1.7000000476837158
endloop
endfacet
facet normal 0.0 -1.0 0.0
outer loop
vertex -49.20000076293945 -20.0 1.399999976158142
vertex -40.0 -20.0 1.399999976158142
vertex -35.099998474121094 -20.0 1.7000000476837158
endloop
endfacet
facet normal 0.0 -0.0 1.0
outer loop
vertex -49.20000076293945 -20.0 1.7000000476837158
vertex -35.099998474121094 -20.0 1.7000000476837158
vertex -42.25 -19.600000381469727 1.7000000476837158
endloop
endfacet
facet normal 0.0 1.0 0.0
outer loop
vertex -49.20000076293945 -19.200000762939453 1.7000000476837158
vertex -35.099998474121094 -19.200000762939453 1.399999976158142
vertex -40.0 -19.200000762939453 1.399999976158142
endloop
endfacet
facet normal -0.0 0.0 1.0
outer loop
vertex -49.20000076293945 -19.200000762939453 1.7000000476837158
vertex -42.25 -19.600000381469727 1.7000000476837158
vertex -35.099998474121094 -19.200000762939453 1.7000000476837158
endloop
endfacet
facet normal -0.0 1.0 0.0
outer loop
vertex -49.20000076293945 -19.200000762939453 1.7000000476837158
vertex -35.099998474121094 -19.200000762939453 1.7000000476837158
vertex -35.099998474121094 -19.200000762939453 1.399999976158142
endloop
endfacet
facet normal 0.0 0.0 -1.0
outer loop
vertex -40.0 -20.0 1.399999976158142
vertex -40.0 -19.200000762939453 1.399999976158142
vertex -35.099998474121094 -20.0 1.399999976158142
endloop
endfacet
facet normal 0.0 -1.0 0.0
outer loop
vertex -40.0 -20.0 1.399999976158142
vertex -35.099998474121094 -20.0 1.399999976158142
vertex -35.099998474121094 -20.0 1.7000000476837158
endloop
endfacet
facet normal 0.0 0.0 -1.0
outer loop
vertex -40.0 -19.200000762939453 1.399999976158142
vertex -35.099998474121094 -19.399999618530273 1.399999976158142
vertex -35.099998474121094 -20.0 1.399999976158142
endloop
endfacet
facet normal 0.0 0.0 -0.9999999999999999
outer loop
vertex -40.0 -19.200000762939453 1.399999976158142
vertex -35.099998474121094 -19.200000762939453 1.399999976158142
vertex -35.099998474121094 -19.399999618530273 1.399999976158142
endloop
endfacet
facet normal -0.0 0.0 1.0
outer loop
vertex -42.25 -19.600000381469727 1.7000000476837158
vertex -35.099998474121094 -20.0 1.7000000476837158
vertex -35.099998474121094 -19.399999618530273 1.7000000476837158
endloop
endfacet
facet normal 0.0 0.0 1.0
outer loop
vertex -42.25 -19.600000381469727 1.7000000476837158
vertex -35.099998474121094 -19.399999618530273 1.7000000476837158
vertex -35.099998474121094 -19.200000762939453 1.7000000476837158
endloop
endfacet
facet normal 0.0 -1.0 0.0
outer loop
vertex -46.0 -32.599998474121094 0.0
vertex -7.5 -32.599998474121094 1.5
vertex -46.0 -32.599998474121094 1.5
endloop
endfacet
facet normal 0.0 0.0 -0.9999999999999999
outer loop
vertex -46.0 -32.599998474121094 0.0
vertex -46.0 -32.20000076293945 0.0
vertex -7.5 -32.367393493652344 0.0
endloop
endfacet
facet normal -0.0 1.0 0.0
outer loop
vertex -46.0 -32.20000076293945 0.0
vertex -46.0 -32.20000076293945 1.5
vertex -7.5 -32.20000076293945 0.0
endloop
endfacet
facet normal 0.0 -0.0 1.0
outer loop
vertex -49.20000076293945 -32.0 1.7000000476837158
vertex -7.5 -31.200000762939453 1.7000000476837158
vertex -49.20000076293945 -31.200000762939453 1.7000000476837158
endloop
endfacet
facet normal 0.0 -0.0 0.9999999999999999
outer loop
vertex -46.0 -32.599998474121094 1.5
vertex -7.5 -32.20000076293945 1.5
vertex -46.0 -32.20000076293945 1.5
endloop
endfacet
facet normal 0.0 0.0 -1.0
outer loop
vertex -40.0 -31.200000762939453 1.399999976158142
vertex -30.0 -31.200000762939453 1.399999976158142
vertex -30.0 -32.0 1.399999976158142
endloop
endfacet
facet normal 0.0 -1.0 0.0
outer loop
vertex -49.20000076293945 -32.0 1.7000000476837158
vertex -40.0 -32.0 1.399999976158142
vertex -7.5 -32.0 1.7000000476837158
endloop
endfacet
facet normal 0.0 1.0 0.0
outer loop
vertex -49.20000076293945 -31.200000762939453 1.7000000476837158
vertex -20.0 -31.200000762939453 1.399999976158142
vertex -30.0 -31.200000762939453 1.399999976158142
endloop
endfacet
facet normal 0.0 -1.0 0.0
outer loop
vertex -40.0 -32.0 1.399999976158142
vertex -30.0 -32.0 1.399999976158142
vertex -7.5 -32.0 1.7000000476837158
endloop
endfacet
facet normal 0.0 1.0 0.0
outer loop
vertex -49.20000076293945 -31.200000762939453 1.7000000476837158
vertex -10.0 -31.200000762939453 1.399999976158142
vertex -20.0 -31.200000762939453 1.399999976158142
endloop
endfacet
facet normal 1.0 0.0 -0.0
outer loop
vertex -35.099998474121094 -20.0 1.399999976158142
vertex -35.099998474121094 -19.399999618530273 1.7000000476837158
vertex -35.099998474121094 -20.0 1.7000000476837158
endloop
endfacet
facet normal 1.0 0.0 0.0
outer loop
vertex -35.099998474121094 -20.0 1.399999976158142
vertex -35.099998474121094 -19.399999618530273 1.399999976158142
vertex -35.099998474121094 -19.399999618530273 1.7000000476837158
endloop
endfacet
facet normal 0.0 -0.9999999999999999 0.0
outer loop
vertex -35.099998474121094 -19.399999618530273 1.399999976158142
vertex -34.29999923706055 -19.399999618530273 1.399999976158142
vertex -35.099998474121094 -19.399999618530273 1.7000000476837158
endloop
endfacet
facet normal 0.0 -0.9999999999999999 0.0
outer loop
vertex -35.099998474121094 -19.399999618530273 1.7000000476837158
vertex -34.29999923706055 -19.399999618530273 1.399999976158142
vertex -34.29999923706055 -19.399999618530273 1.7000000476837158
endloop
endfacet
facet normal 0.0 -1.0 0.0
outer loop
vertex -49.20000076293945 -12.300000190734863 1.399999976158142
vertex -45.599998474121094 -12.300000190734863 1.7000000476837158
vertex -49.20000076293945 -12.300000190734863 1.7000000476837158
endloop
endfacet
facet normal 0.0 -0.0 1.0
outer loop
vertex -49.20000076293945 -12.300000190734863 1.7000000476837158
vertex -45.599998474121094 -12.300000190734863 1.7000000476837158
vertex -47.5 -11.899999618530273 1.7000000476837158
endloop
endfacet
facet normal 0.0 -1.0 0.0
outer loop
vertex -49.20000076293945 -12.300000190734863 1.399999976158142
vertex -45.599998474121094 -12.300000190734863 1.399999976158142
vertex -45.599998474121094 -12.300000190734863 1.7000000476837158
endloop
endfacet
facet normal 1.0 0.0 0.0
outer loop
vertex -45.599998474121094 -12.300000190734863 1.399999976158142
vertex -45.599998474121094 -11.699999809265137 1.399999976158142
vertex -45.599998474121094 -11.699999809265137 1.7000000476837158
endloop
endfacet
facet normal -0.0 0.0 1.0
outer loop
vertex -47.5 -11.899999618530273 1.7000000476837158
vertex -45.599998474121094 -12.300000190734863 1.7000000476837158
vertex -45.599998474121094 -11.699999809265137 1.7000000476837158
endloop
endfacet
facet normal 0.0 0.0 0.9999999999999999
outer loop
vertex -47.5 -11.899999618530273 1.7000000476837158
vertex -45.599998474121094 -11.699999809265137 1.7000000476837158
vertex -45.599998474121094 -11.5 1.7000000476837158
endloop
endfacet
facet normal 1.0 0.0 -0.0
outer loop
vertex -45.599998474121094 -12.300000190734863 1.399999976158142
vertex -45.599998474121094 -11.699999809265137 1.7000000476837158
vertex -45.599998474121094 -12.300000190734863 1.7000000476837158
endloop
endfacet
facet normal -0.0 1.0 0.0
outer loop
vertex -49.20000076293945 -11.5 1.399999976158142
vertex -49.20000076293945 -11.5 1.7000000476837158
vertex -45.599998474121094 -11.5 1.399999976158142
endloop
endfacet
facet normal -0.0 0.0 1.0
outer loop
vertex -49.20000076293945 -11.5 1.7000000476837158
vertex -47.5 -11.899999618530273 1.7000000476837158
vertex -45.599998474121094 -11.5 1.7000000476837158
endloop
endfacet
facet normal -0.0 1.0 0.0
outer loop
vertex -49.20000076293945 -11.5 1.7000000476837158
vertex -45.599998474121094 -11.5 1.7000000476837158
vertex -45.599998474121094 -11.5 1.399999976158142
endloop
endfacet
facet normal 0.0 -0.9999999999999999 0.0
outer loop
vertex -45.599998474121094 -11.699999809265137 1.399999976158142
vertex -44.79999923706055 -11.699999809265137 1.399999976158142
vertex -45.599998474121094 -11.699999809265137 1.7000000476837158
endloop
endfacet
facet normal 0.0 -0.9999999999999999 0.0
outer loop
vertex -45.599998474121094 -11.699999809265137 1.7000000476837158
vertex -44.79999923706055 -11.699999809265137 1.399999976158142
vertex -44.79999923706055 -11.699999809265137 1.7000000476837158
endloop
endfacet
facet normal 0.0 -0.0 1.0
outer loop
vertex -45.599998474121094 -11.699999809265137 1.7000000476837158
vertex -45.20000076293945 0.0 1.7000000476837158
vertex -45.599998474121094 -11.5 1.7000000476837158
endloop
endfacet
facet normal 0.0 -0.0 1.0
outer loop
vertex -45.599998474121094 -11.699999809265137 1.7000000476837158
vertex -44.79999923706055 -11.699999809265137 1.7000000476837158
vertex -45.20000076293945 0.0 1.7000000476837158
endloop
endfacet
facet normal -1.0 0.0 0.0
outer loop
vertex -45.599998474121094 -11.5 1.399999976158142
vertex -45.599998474121094 -11.5 1.7000000476837158
vertex -45.599998474121094 11.5 1.7000000476837158
endloop
endfacet
facet normal 1.0 0.0 -0.0
outer loop
vertex -44.79999923706055 -11.699999809265137 1.399999976158142
vertex -44.79999923706055 11.699999809265137 1.399999976158142
vertex -44.79999923706055 -11.699999809265137 1.7000000476837158
endloop
endfacet
facet normal -1.0 0.0 0.0
outer loop
vertex -39.70000076293945 -0.5 1.399999976158142
vertex -39.70000076293945 -0.5 1.7000000476837158
vertex -39.70000076293945 0.5 1.7000000476837158
endloop
endfacet
facet normal 0.0 0.0 -1.0
outer loop
vertex -39.70000076293945 -0.5 1.399999976158142
vertex -39.20000076293945 0.0 1.399999976158142
vertex -38.70000076293945 -0.5 1.399999976158142
endloop
endfacet
facet normal 0.0 -1.0 0.0
outer loop
vertex -39.70000076293945 -0.5 1.399999976158142
vertex -38.70000076293945 -0.5 1.399999976158142
vertex -39.70000076293945 -0.5 1.7000000476837158
endloop
endfacet
facet normal 1.0 0.0 -0.0
outer loop
vertex -38.70000076293945 -0.5 1.399999976158142
vertex -38.70000076293945 0.5 1.399999976158142
vertex -38.70000076293945 -0.5 1.7000000476837158
endloop
endfacet
facet normal 0.0 -1.0 0.0
outer loop
vertex -39.70000076293945 -0.5 1.7000000476837158
vertex -38.70000076293945 -0.5 1.399999976158142
vertex -38.70000076293945 -0.5 1.7000000476837158
endloop
endfacet
facet normal 0.0 -0.0 1.0
outer loop
vertex -39.70000076293945 -0.5 1.7000000476837158
vertex -38.70000076293945 -0.5 1.7000000476837158
vertex -39.20000076293945 0.0 1.7000000476837158
endloop
endfacet
facet normal 0.0 0.0 -1.0
outer loop
vertex -35.099998474121094 -19.399999618530273 1.399999976158142
vertex -35.099998474121094 -19.200000762939453 1.399999976158142
vertex -34.70000076293945 0.0 1.399999976158142
endloop
endfacet
facet normal 0.0 -0.0 1.0
outer loop
vertex -35.099998474121094 -19.399999618530273 1.7000000476837158
vertex -34.70000076293945 0.0 1.7000000476837158
vertex -35.099998474121094 -19.200000762939453 1.7000000476837158
endloop
endfacet
facet normal 0.0 0.0 -1.0
outer loop
vertex -35.099998474121094 -19.399999618530273 1.399999976158142
vertex -34.70000076293945 0.0 1.399999976158142
vertex -34.29999923706055 -19.399999618530273 1.399999976158142
endloop
endfacet
facet normal 0.0 -0.0 1.0
outer loop
vertex -35.099998474121094 -19.399999618530273 1.7000000476837158
vertex -34.29999923706055 -19.399999618530273 1.7000000476837158
vertex -34.70000076293945 0.0 1.7000000476837158
endloop
endfacet
facet normal -1.0 0.0 0.0
outer loop
vertex -35.099998474121094 -19.200000762939453 1.399999976158142
vertex -35.099998474121094 -19.200000762939453 1.7000000476837158
vertex -35.099998474121094 19.200000762939453 1.7000000476837158
endloop
endfacet
facet normal 1.0 0.0 -0.0
outer loop
vertex -34.29999923706055 -19.399999618530273 1.399999976158142
vertex -34.29999923706055 19.399999618530273 1.399999976158142
vertex -34.29999923706055 -19.399999618530273 1.7000000476837158
endloop
endfacet
facet normal 0.0 -1.0 0.0
outer loop
vertex -46.0 -32.599998474121094 0.0
vertex -7.5 -32.599998474121094 0.0
vertex -7.5 -32.599998474121094 1.5
endloop
endfacet
facet normal 0.0 0.0 -1.0
outer loop
vertex -46.0 -32.20000076293945 0.0
vertex -7.5 -32.20000076293945 0.0
vertex -7.5 -32.367393493652344 0.0
endloop
endfacet
facet normal 0.0 -0.0 -1.0
outer loop
vertex -46.0 -32.599998474121094 0.0
vertex -6.073592185974121 -32.42640686035156 0.0
vertex -7.5 -32.599998474121094 0.0
endloop
endfacet
facet normal 0.0 0.0 -1.0
outer loop
vertex -46.0 -32.599998474121094 0.0
vertex -7.5 -32.367393493652344 0.0
vertex -6.126636028289795 -32.37336349487305 0.0
endloop
endfacet
facet normal 0.0 0.0 -1.0
outer loop
vertex -46.0 -32.599998474121094 0.0
vertex -6.126636028289795 -32.37336349487305 0.0
vertex -6.073592185974121 -32.42640686035156 0.0
endloop
endfacet
facet normal -0.0 1.0 0.0
outer loop
vertex -46.0 -32.20000076293945 1.5
vertex -7.5 -32.20000076293945 1.5
vertex -7.5 -32.20000076293945 0.0
endloop
endfacet
facet normal 0.0 0.0 1.0
outer loop
vertex -49.20000076293945 -32.0 1.7000000476837158
vertex -7.5 -32.0 1.7000000476837158
vertex -7.5 -31.200000762939453 1.7000000476837158
endloop
endfacet
facet normal 0.0 1.0 0.0
outer loop
vertex -49.20000076293945 -31.200000762939453 1.7000000476837158
vertex -7.5 -31.200000762939453 1.399999976158142
vertex -10.0 -31.200000762939453 1.399999976158142
endloop
endfacet
facet normal -0.0 1.0 0.0
outer loop
vertex -49.20000076293945 -31.200000762939453 1.7000000476837158
vertex -7.5 -31.200000762939453 1.7000000476837158
vertex -7.5 -31.200000762939453 1.399999976158142
endloop
endfacet
facet normal 0.0 0.0 0.9999999999999999
outer loop
vertex -46.0 -32.599998474121094 1.5
vertex -7.5 -32.599998474121094 1.5
vertex -7.5 -32.20000076293945 1.5
endloop
endfacet
facet normal 0.0 -1.0 0.0
outer loop
vertex -30.0 -32.0 1.399999976158142
vertex -20.0 -32.0 1.399999976158142
vertex -7.5 -32.0 1.7000000476837158
endloop
endfacet
facet normal 0.0 0.0 -1.0
outer loop
vertex -20.0 -32.0 1.399999976158142
vertex -20.0 -31.200000762939453 1.399999976158142
vertex -10.0 -32.0 1.399999976158142
endloop
endfacet
facet normal 0.0 0.0 -1.0
outer loop
vertex -20.0 -31.200000762939453 1.399999976158142
vertex -10.0 -31.200000762939453 1.399999976158142
vertex -10.0 -32.0 1.399999976158142
endloop
endfacet
facet normal 0.0 -1.0 0.0
outer loop
vertex -20.0 -32.0 1.399999976158142
vertex -10.0 -32.0 1.399999976158142
vertex -7.5 -32.0 1.7000000476837158
endloop
endfacet
facet normal 0.0 0.0 -1.0
outer loop
vertex -7.5 -32.599998474121094 0.0
vertex -6.073592185974121 -32.42640686035156 0.0
vertex -5.900001525878906 -32.599998474121094 0.0
endloop
endfacet
facet normal 0.0 -1.0 0.0
outer loop
vertex -10.0 -32.0 1.399999976158142
vertex -7.5 -32.0 1.399999976158142
vertex -7.5 -32.0 1.7000000476837158
endloop
endfacet
facet normal 0.0 -1.0 0.0
outer loop
vertex -4.5 -32.599998474121094 0.0
vertex 4.5 -32.599998474121094 1.5
vertex -4.5 -32.599998474121094 1.5
endloop
endfacet
facet normal 0.0 0.0 -1.0
outer loop
vertex -6.073592185974121 -32.42640686035156 0.0
vertex -5.925765514373779 -32.42576599121094 0.0
vertex -5.900001525878906 -32.599998474121094 0.0
endloop
endfacet
facet normal 0.0 0.0 -1.0
outer loop
vertex -4.5 -32.599998474121094 0.0
vertex -4.5 -32.380435943603516 0.0
vertex 0.0 -32.400001525878906 0.0
endloop
endfacet
facet normal 0.0 0.0 -0.9999999999999999
outer loop
vertex -4.5 -32.380435943603516 0.0
vertex -4.5 -32.20000076293945 0.0
vertex 0.0 -32.400001525878906 0.0
endloop
endfacet
facet normal 0.0 1.0 0.0
outer loop
vertex -4.5 -32.20000076293945 0.0
vertex -4.5 -32.20000076293945 1.5
vertex 4.5 -32.20000076293945 1.5
endloop
endfacet
facet normal 0.0 -0.0 1.0
outer loop
vertex -4.5 -32.0 1.7000000476837158
vertex -0.5 -31.200000762939453 1.7000000476837158
vertex -4.5 -31.200000762939453 1.7000000476837158
endloop
endfacet
facet normal -0.0 1.0 0.0
outer loop
vertex -4.5 -31.200000762939453 1.399999976158142
vertex -4.5 -31.200000762939453 1.7000000476837158
vertex -0.5 -31.200000762939453 1.399999976158142
endloop
endfacet
facet normal 0.0 -0.0 0.9999999999999999
outer loop
vertex -4.5 -32.599998474121094 1.5
vertex 0.0 -32.400001525878906 1.5
vertex -4.5 -32.20000076293945 1.5
endloop
endfacet
facet normal 0.0 -0.0 1.0
outer loop
vertex -4.5 -32.0 1.7000000476837158
vertex 0.0 -31.600000381469727 1.7000000476837158
vertex -0.5 -31.200000762939453 1.7000000476837158
endloop
endfacet
facet normal -0.0 1.0 0.0
outer loop
vertex -4.5 -31.200000762939453 1.7000000476837158
vertex -0.5 -31.200000762939453 1.7000000476837158
vertex -0.5 -31.200000762939453 1.399999976158142
endloop
endfacet
facet normal 0.0 -0.9999999999999999 0.0
outer loop
vertex -4.5 -32.0 1.399999976158142
vertex 4.5 -32.0 1.7000000476837158
vertex -4.5 -32.0 1.7000000476837158
endloop
endfacet
facet normal -1.0 0.0 0.0
outer loop
vertex -0.5 -31.200000762939453 1.399999976158142
vertex -0.5 -31.200000762939453 1.7000000476837158
vertex -0.5 31.200000762939453 1.399999976158142
endloop
endfacet
facet normal -1.0 0.0 0.0
outer loop
vertex -6.510407447814941 -6.510407447814941 1.399999976158142
vertex -6.510407447814941 -6.510407447814941 1.7000000476837158
vertex -6.510407447814941 -5.510407447814941 1.399999976158142
endloop
endfacet
facet normal 0.0 -1.0 0.0
outer loop
vertex -6.510407447814941 -6.510407447814941 1.399999976158142
vertex -5.510407447814941 -6.510407447814941 1.7000000476837158
vertex -6.510407447814941 -6.510407447814941 1.7000000476837158
endloop
endfacet
facet normal -1.0 0.0 0.0
outer loop
vertex -6.510407447814941 -6.510407447814941 1.7000000476837158
vertex -6.510407447814941 -5.510407447814941 1.7000000476837158
vertex -6.510407447814941 -5.510407447814941 1.399999976158142
endloop
endfacet
facet normal 0.0 -0.0 1.0
outer loop
vertex -6.510407447814941 -6.510407447814941 1.7000000476837158
vertex -6.010407447814941 -6.010407447814941 1.7000000476837158
vertex -6.510407447814941 -5.510407447814941 1.7000000476837158
endloop
endfacet
facet normal 0.0 -1.0 0.0
outer loop
vertex -7.861216068267822 -4.75 1.399999976158142
vertex -6.861216068267822 -4.75 1.399999976158142
vertex -6.861216068267822 -4.75 1.7000000476837158
endloop
endfacet
facet normal -0.0 1.0 0.0
outer loop
vertex -6.510407447814941 -5.510407447814941 1.399999976158142
vertex -6.510407447814941 -5.510407447814941 1.7000000476837158
vertex -5.510407447814941 -5.510407447814941 1.399999976158142
endloop
endfacet
facet normal 0.0 -1.0 0.0
outer loop
vertex -7.861216068267822 -4.75 1.399999976158142
vertex -6.861216068267822 -4.75 1.7000000476837158
vertex -7.861216068267822 -4.75 1.7000000476837158
endloop
endfacet
facet normal -1.0 0.0 0.0
outer loop
vertex -7.861216068267822 -4.75 1.399999976158142
vertex -7.861216068267822 -4.75 1.7000000476837158
vertex -7.861216068267822 -3.75 1.399999976158142
endloop
endfacet
facet normal -1.0 0.0 0.0
outer loop
vertex -7.861216068267822 -4.75 1.7000000476837158
vertex -7.861216068267822 -3.75 1.7000000476837158
vertex -7.861216068267822 -3.75 1.399999976158142
endloop
endfacet
facet normal 0.0 -0.0 1.0
outer loop
vertex -7.861216068267822 -4.75 1.7000000476837158
vertex -7.361216068267822 -4.25 1.7000000476837158
vertex -7.861216068267822 -3.75 1.7000000476837158
endloop
endfacet
facet normal -1.0 0.0 0.0
outer loop
vertex -8.710369110107422 -2.6999619007110596 1.399999976158142
vertex -8.710369110107422 -2.6999619007110596 1.7000000476837158
vertex -8.710369110107422 -1.6999619007110596 1.399999976158142
endloop
endfacet
facet normal 0.0 -1.0 0.0
outer loop
vertex -8.710369110107422 -2.6999619007110596 1.399999976158142
vertex -7.71036958694458 -2.6999619007110596 1.399999976158142
vertex -7.71036958694458 -2.6999619007110596 1.7000000476837158
endloop
endfacet
facet normal 0.0 -1.0 0.0
outer loop
vertex -8.710369110107422 -2.6999619007110596 1.399999976158142
vertex -7.71036958694458 -2.6999619007110596 1.7000000476837158
vertex -8.710369110107422 -2.6999619007110596 1.7000000476837158
endloop
endfacet
facet normal 0.0 -0.0 1.0
outer loop
vertex -8.710369110107422 -2.6999619007110596 1.7000000476837158
vertex -7.71036958694458 -2.6999619007110596 1.7000000476837158
vertex -8.210369110107422 -2.1999619007110596 1.7000000476837158
endloop
endfacet
facet normal 1.0 0.0 -0.0
outer loop
vertex -7.71036958694458 -2.6999619007110596 1.399999976158142
vertex -7.71036958694458 -1.6999619007110596 1.7000000476837158
vertex -7.71036958694458 -2.6999619007110596 1.7000000476837158
endloop
endfacet
facet normal 1.0 0.0 0.0
outer loop
vertex -6.861216068267822 -4.75 1.399999976158142
vertex -6.861216068267822 -3.75 1.399999976158142
vertex -6.861216068267822 -3.75 1.7000000476837158
endloop
endfacet
facet normal -0.0 1.0 0.0
outer loop
vertex -7.861216068267822 -3.75 1.399999976158142
vertex -7.861216068267822 -3.75 1.7000000476837158
vertex -6.861216068267822 -3.75 1.399999976158142
endloop
endfacet
facet normal 0.0 -0.0 1.0
outer loop
vertex -7.861216068267822 -4.75 1.7000000476837158
vertex -6.861216068267822 -4.75 1.7000000476837158
vertex -7.361216068267822 -4.25 1.7000000476837158
endloop
endfacet
facet normal 1.0 0.0 -0.0
outer loop
vertex -6.861216068267822 -4.75 1.399999976158142
vertex -6.861216068267822 -3.75 1.7000000476837158
vertex -6.861216068267822 -4.75 1.7000000476837158
endloop
endfacet
facet normal 0.0 -0.0 1.0
outer loop
vertex -6.861216068267822 -4.75 1.7000000476837158
vertex -6.861216068267822 -3.75 1.7000000476837158
vertex -7.361216068267822 -4.25 1.7000000476837158
endloop
endfacet
facet normal -0.0 0.0 1.0
outer loop
vertex -7.861216068267822 -3.75 1.7000000476837158
vertex -7.361216068267822 -4.25 1.7000000476837158
vertex -6.861216068267822 -3.75 1.7000000476837158
endloop
endfacet
facet normal -0.0 1.0 0.0
outer loop
vertex -7.861216068267822 -3.75 1.7000000476837158
vertex -6.861216068267822 -3.75 1.7000000476837158
vertex -6.861216068267822 -3.75 1.399999976158142
endloop
endfacet
facet normal -0.0 1.0 0.0
outer loop
vertex -8.710369110107422 -1.6999619007110596 1.399999976158142
vertex -8.710369110107422 -1.6999619007110596 1.7000000476837158
vertex -7.71036958694458 -1.6999619007110596 1.399999976158142
endloop
endfacet
facet normal 1.0 0.0 0.0
outer loop
vertex -7.71036958694458 -2.6999619007110596 1.399999976158142
vertex -7.71036958694458 -1.6999619007110596 1.399999976158142
vertex -7.71036958694458 -1.6999619007110596 1.7000000476837158
endloop
endfacet
facet normal 0.0 -0.0 1.0
outer loop
vertex -8.710369110107422 -2.6999619007110596 1.7000000476837158
vertex -8.210369110107422 -2.1999619007110596 1.7000000476837158
vertex -8.710369110107422 -1.6999619007110596 1.7000000476837158
endloop
endfacet
facet normal -1.0 0.0 0.0
outer loop
vertex -8.710369110107422 -2.6999619007110596 1.7000000476837158
vertex -8.710369110107422 -1.6999619007110596 1.7000000476837158
vertex -8.710369110107422 -1.6999619007110596 1.399999976158142
endloop
endfacet
facet normal -0.0 0.0 1.0
outer loop
vertex -8.710369110107422 -1.6999619007110596 1.7000000476837158
vertex -8.210369110107422 -2.1999619007110596 1.7000000476837158
vertex -7.71036958694458 -1.6999619007110596 1.7000000476837158
endloop
endfacet
facet normal 0.0 -0.0 1.0
outer loop
vertex -7.71036958694458 -2.6999619007110596 1.7000000476837158
vertex -7.71036958694458 -1.6999619007110596 1.7000000476837158
vertex -8.210369110107422 -2.1999619007110596 1.7000000476837158
endloop
endfacet
facet normal 0.0 1.0 -0.0
outer loop
vertex -7.71036958694458 -1.6999619007110596 1.399999976158142
vertex -8.710369110107422 -1.6999619007110596 1.7000000476837158
vertex -7.71036958694458 -1.6999619007110596 1.7000000476837158
endloop
endfacet
facet normal -1.0 0.0 0.0
outer loop
vertex -9.0 -0.5 1.399999976158142
vertex -9.0 -0.5 1.7000000476837158
vertex -9.0 0.5 1.399999976158142
endloop
endfacet
facet normal 0.0 -1.0 0.0
outer loop
vertex -9.0 -0.5 1.399999976158142
vertex -8.0 -0.5 1.399999976158142
vertex -8.0 -0.5 1.7000000476837158
endloop
endfacet
facet normal 0.0 -1.0 0.0
outer loop
vertex -9.0 -0.5 1.399999976158142
vertex -8.0 -0.5 1.7000000476837158
vertex -9.0 -0.5 1.7000000476837158
endloop
endfacet
facet normal 0.0 -0.0 1.0
outer loop
vertex -9.0 -0.5 1.7000000476837158
vertex -8.0 -0.5 1.7000000476837158
vertex -8.5 1.0269562977782698e-15 1.7000000476837158
endloop
endfacet
facet normal 1.0 0.0 -0.0
outer loop
vertex -8.0 -0.5 1.399999976158142
vertex -8.0 0.5 1.7000000476837158
vertex -8.0 -0.5 1.7000000476837158
endloop
endfacet
facet normal -1.0 0.0 0.0
outer loop
vertex -4.75 -7.861216068267822 1.399999976158142
vertex -4.75 -7.861216068267822 1.7000000476837158
vertex -4.75 -6.861216068267822 1.399999976158142
endloop
endfacet
facet normal 0.0 -0.0 1.0
outer loop
vertex -4.75 -7.861216068267822 1.7000000476837158
vertex -4.25 -7.361216068267822 1.7000000476837158
vertex -4.75 -6.861216068267822 1.7000000476837158
endloop
endfacet
facet normal -1.0 0.0 0.0
outer loop
vertex -4.75 -7.861216068267822 1.7000000476837158
vertex -4.75 -6.861216068267822 1.7000000476837158
vertex -4.75 -6.861216068267822 1.399999976158142
endloop
endfacet
facet normal 0.0 -1.0 0.0
outer loop
vertex -4.75 -7.861216068267822 1.399999976158142
vertex -3.75 -7.861216068267822 1.399999976158142
vertex -3.75 -7.861216068267822 1.7000000476837158
endloop
endfacet
facet normal 1.0 0.0 0.0
outer loop
vertex -3.75 -7.861216068267822 1.399999976158142
vertex -3.75 -6.861216068267822 1.399999976158142
vertex -3.75 -6.861216068267822 1.7000000476837158
endloop
endfacet
facet normal 0.0 -1.0 0.0
outer loop
vertex -4.75 -7.861216068267822 1.399999976158142
vertex -3.75 -7.861216068267822 1.7000000476837158
vertex -4.75 -7.861216068267822 1.7000000476837158
endloop
endfacet
facet normal 0.0 -0.0 1.0
outer loop
vertex -4.75 -7.861216068267822 1.7000000476837158
vertex -3.75 -7.861216068267822 1.7000000476837158
vertex -4.25 -7.361216068267822 1.7000000476837158
endloop
endfacet
facet normal 0.0 -0.0 1.0
outer loop
vertex -4.25 -7.361216068267822 1.7000000476837158
vertex -3.75 -6.861216068267822 1.7000000476837158
vertex -4.75 -6.861216068267822 1.7000000476837158
endloop
endfacet
facet normal -0.0 0.0 1.0
outer loop
vertex -4.25 -7.361216068267822 1.7000000476837158
vertex -3.75 -7.861216068267822 1.7000000476837158
vertex -3.75 -6.861216068267822 1.7000000476837158
endloop
endfacet
facet normal 1.0 0.0 -0.0
outer loop
vertex -3.75 -7.861216068267822 1.399999976158142
vertex -3.75 -6.861216068267822 1.7000000476837158
vertex -3.75 -7.861216068267822 1.7000000476837158
endloop
endfacet
facet normal 0.0 -1.0 0.0
outer loop
vertex -6.510407447814941 -6.510407447814941 1.399999976158142
vertex -5.510407447814941 -6.510407447814941 1.399999976158142
vertex -5.510407447814941 -6.510407447814941 1.7000000476837158
endloop
endfacet
facet normal 1.0 0.0 0.0
outer loop
vertex -5.510407447814941 -6.510407447814941 1.399999976158142
vertex -5.510407447814941 -5.510407447814941 1.399999976158142
vertex -5.510407447814941 -5.510407447814941 1.7000000476837158
endloop
endfacet
facet normal 0.0 -0.0 1.0
outer loop
vertex -6.510407447814941 -6.510407447814941 1.7000000476837158
vertex -5.510407447814941 -6.510407447814941 1.7000000476837158
vertex -6.010407447814941 -6.010407447814941 1.7000000476837158
endloop
endfacet
facet normal 1.0 0.0 -0.0
outer loop
vertex -5.510407447814941 -6.510407447814941 1.399999976158142
vertex -5.510407447814941 -5.510407447814941 1.7000000476837158
vertex -5.510407447814941 -6.510407447814941 1.7000000476837158
endloop
endfacet
facet normal 0.0 -0.0 1.0
outer loop
vertex -5.510407447814941 -6.510407447814941 1.7000000476837158
vertex -5.510407447814941 -5.510407447814941 1.7000000476837158
vertex -6.010407447814941 -6.010407447814941 1.7000000476837158
endloop
endfacet
facet normal -0.0 0.0 1.0
outer loop
vertex -6.510407447814941 -5.510407447814941 1.7000000476837158
vertex -6.010407447814941 -6.010407447814941 1.7000000476837158
vertex -5.510407447814941 -5.510407447814941 1.7000000476837158
endloop
endfacet
facet normal -0.0 1.0 0.0
outer loop
vertex -6.510407447814941 -5.510407447814941 1.7000000476837158
vertex -5.510407447814941 -5.510407447814941 1.7000000476837158
vertex -5.510407447814941 -5.510407447814941 1.399999976158142
endloop
endfacet
facet normal -0.0 1.0 0.0
outer loop
vertex -4.75 -6.861216068267822 1.399999976158142
vertex -4.75 -6.861216068267822 1.7000000476837158
vertex -3.75 -6.861216068267822 1.399999976158142
endloop
endfacet
facet normal -0.0 1.0 0.0
outer loop
vertex -4.75 -6.861216068267822 1.7000000476837158
vertex -3.75 -6.861216068267822 1.7000000476837158
vertex -3.75 -6.861216068267822 1.399999976158142
endloop
endfacet
facet normal -1.0 0.0 0.0
outer loop
vertex -2.6999619007110596 -8.710369110107422 1.399999976158142
vertex -2.6999619007110596 -8.710369110107422 1.7000000476837158
vertex -2.6999619007110596 -7.71036958694458 1.399999976158142
endloop
endfacet
facet normal 0.0 -1.0 0.0
outer loop
vertex -2.6999619007110596 -8.710369110107422 1.399999976158142
vertex -1.6999619007110596 -8.710369110107422 1.399999976158142
vertex -1.6999619007110596 -8.710369110107422 1.7000000476837158
endloop
endfacet
facet normal 0.0 -1.0 0.0
outer loop
vertex -2.6999619007110596 -8.710369110107422 1.399999976158142
vertex -1.6999619007110596 -8.710369110107422 1.7000000476837158
vertex -2.6999619007110596 -8.710369110107422 1.7000000476837158
endloop
endfacet
facet normal 0.0 -0.0 1.0
outer loop
vertex -2.6999619007110596 -8.710369110107422 1.7000000476837158
vertex -2.1999619007110596 -8.210369110107422 1.7000000476837158
vertex -2.6999619007110596 -7.71036958694458 1.7000000476837158
endloop
endfacet
facet normal 0.0 -0.0 1.0
outer loop
vertex -2.6999619007110596 -8.710369110107422 1.7000000476837158
vertex -1.6999619007110596 -8.710369110107422 1.7000000476837158
vertex -2.1999619007110596 -8.210369110107422 1.7000000476837158
endloop
endfacet
facet normal 1.0 0.0 -0.0
outer loop
vertex -1.6999619007110596 -8.710369110107422 1.399999976158142
vertex -1.6999619007110596 -7.71036958694458 1.7000000476837158
vertex -1.6999619007110596 -8.710369110107422 1.7000000476837158
endloop
endfacet
facet normal 0.0 -0.0 1.0
outer loop
vertex -1.6999619007110596 -8.710369110107422 1.7000000476837158
vertex -1.6999619007110596 -7.71036958694458 1.7000000476837158
vertex -2.1999619007110596 -8.210369110107422 1.7000000476837158
endloop
endfacet
facet normal -0.0 1.0 0.0
outer loop
vertex -2.6999619007110596 -7.71036958694458 1.399999976158142
vertex -2.6999619007110596 -7.71036958694458 1.7000000476837158
vertex -1.6999619007110596 -7.71036958694458 1.399999976158142
endloop
endfacet
facet normal 1.0 0.0 0.0
outer loop
vertex -1.6999619007110596 -8.710369110107422 1.399999976158142
vertex -1.6999619007110596 -7.71036958694458 1.399999976158142
vertex -1.6999619007110596 -7.71036958694458 1.7000000476837158
endloop
endfacet
facet normal -1.0 0.0 0.0
outer loop
vertex -2.6999619007110596 -8.710369110107422 1.7000000476837158
vertex -2.6999619007110596 -7.71036958694458 1.7000000476837158
vertex -2.6999619007110596 -7.71036958694458 1.399999976158142
endloop
endfacet
facet normal 0.0 -0.0 1.0
outer loop
vertex -2.1999619007110596 -8.210369110107422 1.7000000476837158
vertex -1.6999619007110596 -7.71036958694458 1.7000000476837158
vertex -2.6999619007110596 -7.71036958694458 1.7000000476837158
endloop
endfacet
facet normal 0.0 1.0 -0.0
outer loop
vertex -1.6999619007110596 -7.71036958694458 1.399999976158142
vertex -2.6999619007110596 -7.71036958694458 1.7000000476837158
vertex -1.6999619007110596 -7.71036958694458 1.7000000476837158
endloop
endfacet
facet normal -0.0 -0.0 -1.0
outer loop
vertex -50.099998474121094 3.5999999046325684 0.0
vertex -50.0 3.5 0.0
vertex -50.20000076293945 3.5 0.0
endloop
endfacet
facet normal -0.0 0.0 -1.0
outer loop
vertex -50.099998474121094 3.5999999046325684 0.0
vertex -50.20000076293945 3.5 0.0
vertex -50.20000076293945 3.700000047683716 0.0
endloop
endfacet
facet normal 0.0 0.0 -1.0
outer loop
vertex -50.099998474121094 3.5999999046325684 0.0
vertex -50.0 3.700000047683716 0.0
vertex -50.0 3.5 0.0
endloop
endfacet
facet normal 0.0 0.0 -1.0
outer loop
vertex -50.099998474121094 3.5999999046325684 0.0
vertex -50.20000076293945 3.700000047683716 0.0
vertex -50.0 3.700000047683716 0.0
endloop
endfacet
facet normal -0.0 1.0 0.0
outer loop
vertex -50.20000076293945 3.700000047683716 0.0
vertex -50.0 3.700000047683716 1.399999976158142
vertex -50.0 3.700000047683716 0.0
endloop
endfacet
facet normal 0.0 -1.0 0.0
outer loop
vertex -50.20000076293945 3.5 0.0
vertex -50.0 3.5 0.0
vertex -50.20000076293945 3.5 2.5
endloop
endfacet
facet normal -0.0 1.0 0.0
outer loop
vertex -50.20000076293945 3.700000047683716 0.0
vertex -50.0 3.700000047683716 1.7000000476837158
vertex -50.0 3.700000047683716 1.399999976158142
endloop
endfacet
facet normal 0.0 -0.0 1.0
outer loop
vertex -50.0 -3.5 1.7000000476837158
vertex -49.599998474121094 0.0 1.7000000476837158
vertex -50.0 3.5 1.7000000476837158
endloop
endfacet
facet normal 0.0 -0.0 1.0
outer loop
vertex -49.20000076293945 -11.5 1.7000000476837158
vertex -49.20000076293945 11.5 1.7000000476837158
vertex -49.599998474121094 0.0 1.7000000476837158
endloop
endfacet
facet normal -1.0 0.0 0.0
outer loop
vertex -50.0 -3.5 1.399999976158142
vertex -50.0 3.5 1.7000000476837158
vertex -50.0 3.5 1.399999976158142
endloop
endfacet
facet normal 0.0 -1.0 0.0
outer loop
vertex -50.0 3.5 0.0
vertex -50.0 3.5 1.399999976158142
vertex -50.20000076293945 3.5 2.5
endloop
endfacet
facet normal -0.0 1.0 0.0
outer loop
vertex -50.20000076293945 3.700000047683716 0.0
vertex -50.0 3.700000047683716 2.5
vertex -50.0 3.700000047683716 1.7000000476837158
endloop
endfacet
facet normal 0.0 1.0 0.0
outer loop
vertex -50.20000076293945 3.700000047683716 0.0
vertex -50.20000076293945 3.700000047683716 2.5
vertex -50.0 3.700000047683716 2.5
endloop
endfacet
facet normal 0.0 -1.0 0.0
outer loop
vertex -50.0 3.5 1.399999976158142
vertex -50.0 3.5 1.7000000476837158
vertex -50.20000076293945 3.5 2.5
endloop
endfacet
facet normal 0.0 0.0 1.0
outer loop
vertex -49.599998474121094 0.0 1.7000000476837158
vertex -50.0 3.700000047683716 1.7000000476837158
vertex -50.0 3.5 1.7000000476837158
endloop
endfacet
facet normal 0.0 0.0 1.0
outer loop
vertex -49.599998474121094 0.0 1.7000000476837158
vertex -50.0 10.0 1.7000000476837158
vertex -50.0 3.700000047683716 1.7000000476837158
endloop
endfacet
facet normal 1.0 -0.0 0.0
outer loop
vertex -49.20000076293945 -11.5 1.7000000476837158
vertex -49.20000076293945 11.5 1.399999976158142
vertex -49.20000076293945 11.5 1.7000000476837158
endloop
endfacet
facet normal 0.0 -1.0 0.0
outer loop
vertex -50.0 3.5 1.7000000476837158
vertex -50.0 3.5 2.5
vertex -50.20000076293945 3.5 2.5
endloop
endfacet
facet normal 1.0 0.0 -0.0
outer loop
vertex -50.0 3.5 1.7000000476837158
vertex -50.0 3.700000047683716 1.7000000476837158
vertex -50.0 3.5 2.5
endloop
endfacet
facet normal 1.0 0.0 0.0
outer loop
vertex -50.0 3.700000047683716 1.7000000476837158
vertex -50.0 3.5999999046325684 2.5
vertex -50.0 3.5 2.5
endloop
endfacet
facet normal 1.0 0.0 -0.0
outer loop
vertex -50.0 3.700000047683716 1.7000000476837158
vertex -50.0 3.700000047683716 2.5
vertex -50.0 3.5999999046325684 2.5
endloop
endfacet
facet normal -0.9999999999999999 0.0 0.0
outer loop
vertex -50.0 3.700000047683716 1.399999976158142
vertex -50.0 3.700000047683716 1.7000000476837158
vertex -50.0 10.0 1.399999976158142
endloop
endfacet
facet normal 0.0 0.0 1.0
outer loop
vertex -49.599998474121094 0.0 1.7000000476837158
vertex -50.0 10.600000381469727 1.7000000476837158
vertex -50.0 10.0 1.7000000476837158
endloop
endfacet
facet normal -0.9999999999999999 0.0 0.0
outer loop
vertex -50.0 3.700000047683716 1.7000000476837158
vertex -50.0 10.0 1.7000000476837158
vertex -50.0 10.0 1.399999976158142
endloop
endfacet
facet normal 0.0 0.0 1.0
outer loop
vertex -49.599998474121094 0.0 1.7000000476837158
vertex -49.20000076293945 11.5 1.7000000476837158
vertex -49.20000076293945 12.300000190734863 1.7000000476837158
endloop
endfacet
facet normal 0.0 0.0 1.0
outer loop
vertex -49.599998474121094 0.0 1.7000000476837158
vertex -50.0 15.399999618530273 1.7000000476837158
vertex -50.0 10.600000381469727 1.7000000476837158
endloop
endfacet
facet normal 0.0 0.0 -0.9999999999999999
outer loop
vertex -50.20000076293945 -3.5 2.5
vertex -50.20000076293945 3.5 2.5
vertex -50.099998474121094 0.0 2.5
endloop
endfacet
facet normal 0.0 0.0 -1.0
outer loop
vertex -50.0 -3.5 2.5
vertex -50.099998474121094 0.0 2.5
vertex -50.0 3.5 2.5
endloop
endfacet
facet normal 0.0 -0.0 1.0
outer loop
vertex -50.20000076293945 -3.5999999046325684 2.700000047683716
vertex -50.099998474121094 0.0 2.700000047683716
vertex -50.20000076293945 3.5999999046325684 2.700000047683716
endloop
endfacet
facet normal 0.0 -0.0 0.9999999999999999
outer loop
vertex -50.0 -3.5999999046325684 2.700000047683716
vertex -50.0 3.5999999046325684 2.700000047683716
vertex -50.099998474121094 0.0 2.700000047683716
endloop
endfacet
facet normal -1.0 0.0 0.0
outer loop
vertex -50.20000076293945 -3.5999999046325684 2.5
vertex -50.20000076293945 3.5999999046325684 2.700000047683716
vertex -50.20000076293945 3.5999999046325684 2.5
endloop
endfacet
facet normal 1.0 -0.0 0.0
outer loop
vertex -50.0 -3.5999999046325684 2.700000047683716
vertex -50.0 3.5 2.5
vertex -50.0 3.5999999046325684 2.5
endloop
endfacet
facet normal 1.0 -0.0 0.0
outer loop
vertex -50.0 -3.5999999046325684 2.700000047683716
vertex -50.0 3.5999999046325684 2.5
vertex -50.0 3.5999999046325684 2.700000047683716
endloop
endfacet
facet normal 0.0 0.0 -1.0
outer loop
vertex -50.099998474121094 0.0 2.5
vertex -50.20000076293945 3.5 2.5
vertex -50.0 3.5 2.5
endloop
endfacet
facet normal 0.0 -0.0 1.0
outer loop
vertex -50.099998474121094 0.0 2.700000047683716
vertex -50.0 3.5999999046325684 2.700000047683716
vertex -50.20000076293945 3.5999999046325684 2.700000047683716
endloop
endfacet
facet normal 0.0 0.0 1.0
outer loop
vertex -50.20000076293945 3.5999999046325684 2.5
vertex -50.0 3.5999999046325684 2.5
vertex -50.0 3.700000047683716 2.5
endloop
endfacet
facet normal -0.0 1.0 0.0
outer loop
vertex -50.20000076293945 3.5999999046325684 2.5
vertex -50.0 3.5999999046325684 2.700000047683716
vertex -50.0 3.5999999046325684 2.5
endloop
endfacet
facet normal 0.0 -0.0 1.0
outer loop
vertex -50.20000076293945 3.5999999046325684 2.5
vertex -50.0 3.700000047683716 2.5
vertex -50.20000076293945 3.700000047683716 2.5
endloop
endfacet
facet normal 0.0 1.0 0.0
outer loop
vertex -50.20000076293945 3.5999999046325684 2.5
vertex -50.20000076293945 3.5999999046325684 2.700000047683716
vertex -50.0 3.5999999046325684 2.700000047683716
endloop
endfacet
facet normal 0.0 0.0 1.0
outer loop
vertex -49.599998474121094 0.0 1.7000000476837158
vertex -50.0 16.0 1.7000000476837158
vertex -50.0 15.399999618530273 1.7000000476837158
endloop
endfacet
facet normal 0.0 -0.0 1.0
outer loop
vertex -49.599998474121094 0.0 1.7000000476837158
vertex -49.20000076293945 12.300000190734863 1.7000000476837158
vertex -49.35384750366211 19.200000762939453 1.7000000476837158
endloop
endfacet
facet normal -0.9999999999999999 0.0 0.0
outer loop
vertex -50.0 10.600000381469727 1.399999976158142
vertex -50.0 10.600000381469727 1.7000000476837158
vertex -50.0 15.399999618530273 1.399999976158142
endloop
endfacet
facet normal 0.0 -0.0 1.0
outer loop
vertex -49.20000076293945 11.5 1.7000000476837158
vertex -47.5 11.899999618530273 1.7000000476837158
vertex -49.20000076293945 12.300000190734863 1.7000000476837158
endloop
endfacet
facet normal -0.9999999999999999 0.0 0.0
outer loop
vertex -50.0 10.600000381469727 1.7000000476837158
vertex -50.0 15.399999618530273 1.7000000476837158
vertex -50.0 15.399999618530273 1.399999976158142
endloop
endfacet
facet normal 1.0 0.0 -0.0
outer loop
vertex -49.20000076293945 12.300000190734863 1.399999976158142
vertex -49.20000076293945 19.200000762939453 1.399999976158142
vertex -49.20000076293945 12.300000190734863 1.7000000476837158
endloop
endfacet
facet normal 0.0 0.0 0.9999999999999999
outer loop
vertex -49.599998474121094 0.0 1.7000000476837158
vertex -50.0 31.200000762939453 1.7000000476837158
vertex -50.0 16.0 1.7000000476837158
endloop
endfacet
facet normal 0.0 -0.0 1.0
outer loop
vertex -49.599998474121094 0.0 1.7000000476837158
vertex -49.35384750366211 19.200000762939453 1.7000000476837158
vertex -50.0 31.200000762939453 1.7000000476837158
endloop
endfacet
facet normal 1.0 -0.0 0.0
outer loop
vertex -49.20000076293945 12.300000190734863 1.7000000476837158
vertex -49.20000076293945 19.200000762939453 1.399999976158142
vertex -49.20000076293945 19.200000762939453 1.7000000476837158
endloop
endfacet
facet normal 0.0 -0.0 1.0
outer loop
vertex -49.20000076293945 12.300000190734863 1.7000000476837158
vertex -49.20000076293945 19.200000762939453 1.7000000476837158
vertex -49.35384750366211 19.200000762939453 1.7000000476837158
endloop
endfacet
facet normal -1.0 0.0 0.0
outer loop
vertex -50.0 16.0 1.399999976158142
vertex -50.0 16.0 1.7000000476837158
vertex -50.0 31.200000762939453 1.7000000476837158
endloop
endfacet
facet normal 1.0 0.0 -0.0
outer loop
vertex -49.20000076293945 20.0 1.399999976158142
vertex -49.20000076293945 31.200000762939453 1.399999976158142
vertex -49.20000076293945 20.0 1.7000000476837158
endloop
endfacet
facet normal 0.0 -0.0 0.9999999999999999
outer loop
vertex -49.35384750366211 19.200000762939453 1.7000000476837158
vertex -49.343589782714844 20.0 1.7000000476837158
vertex -50.0 31.200000762939453 1.7000000476837158
endloop
endfacet
facet normal 0.0 0.0 1.0
outer loop
vertex -49.343589782714844 20.0 1.7000000476837158
vertex -49.20000076293945 20.0 1.7000000476837158
vertex -49.20000076293945 31.200000762939453 1.7000000476837158
endloop
endfacet
facet normal -1.0 0.0 0.0
outer loop
vertex -50.0 16.0 1.399999976158142
vertex -50.0 31.200000762939453 1.7000000476837158
vertex -50.0 32.0 1.399999976158142
endloop
endfacet
facet normal 0.0 -0.0 1.0
outer loop
vertex -49.343589782714844 20.0 1.7000000476837158
vertex -49.20000076293945 31.200000762939453 1.7000000476837158
vertex -50.0 31.200000762939453 1.7000000476837158
endloop
endfacet
facet normal 1.0 -0.0 0.0
outer loop
vertex -49.20000076293945 20.0 1.7000000476837158
vertex -49.20000076293945 31.200000762939453 1.399999976158142
vertex -49.20000076293945 31.200000762939453 1.7000000476837158
endloop
endfacet
facet normal 0.0 -0.0 1.0
outer loop
vertex -50.0 31.200000762939453 1.7000000476837158
vertex -49.20000076293945 31.200000762939453 1.7000000476837158
vertex -49.599998474121094 31.600000381469727 1.7000000476837158
endloop
endfacet
facet normal 0.0 -0.0 1.0
outer loop
vertex -50.0 31.200000762939453 1.7000000476837158
vertex -49.599998474121094 31.600000381469727 1.7000000476837158
vertex -50.0 32.0 1.7000000476837158
endloop
endfacet
facet normal -0.9999999999999999 0.0 0.0
outer loop
vertex -50.0 31.200000762939453 1.7000000476837158
vertex -50.0 32.0 1.7000000476837158
vertex -50.0 32.0 1.399999976158142
endloop
endfacet
facet normal 0.0 0.9999999999999999 0.0
outer loop
vertex -50.0 32.0 1.399999976158142
vertex -50.0 32.0 1.7000000476837158
vertex -49.20000076293945 32.0 1.7000000476837158
endloop
endfacet
facet normal 0.0 -0.0 1.0
outer loop
vertex -49.20000076293945 31.200000762939453 1.7000000476837158
vertex -49.20000076293945 32.0 1.7000000476837158
vertex -49.599998474121094 31.600000381469727 1.7000000476837158
endloop
endfacet
facet normal 0.0 -0.0 1.0
outer loop
vertex -49.599998474121094 31.600000381469727 1.7000000476837158
vertex -49.20000076293945 32.0 1.7000000476837158
vertex -50.0 32.0 1.7000000476837158
endloop
endfacet
facet normal 0.0 0.0 -1.0
outer loop
vertex -97.0 73.4000015258789 0.0
vertex -96.69999694824219 73.69999694824219 0.0
vertex -96.4000015258789 73.4000015258789 0.0
endloop
endfacet
facet normal -0.0 -0.0 -1.0
outer loop
vertex -96.4000015258789 74.0 0.0
vertex -96.4000015258789 73.4000015258789 0.0
vertex -96.69999694824219 73.69999694824219 0.0
endloop
endfacet
facet normal 1.0 0.0 0.0
outer loop
vertex -96.4000015258789 73.4000015258789 0.0
vertex -96.4000015258789 74.0 0.0
vertex -96.4000015258789 74.0 0.6000000238418579
endloop
endfacet
facet normal 1.0 0.0 -0.0
outer loop
vertex -96.4000015258789 73.4000015258789 0.0
vertex -96.4000015258789 74.0 0.6000000238418579
vertex -96.4000015258789 73.4000015258789 0.6000000238418579
endloop
endfacet
facet normal 0.0 0.0 1.0
outer loop
vertex -96.4000015258789 73.4000015258789 0.6000000238418579
vertex -96.69999694824219 73.69999694824219 0.6000000238418579
vertex -97.0 73.4000015258789 0.6000000238418579
endloop
endfacet
facet normal 0.0 -0.0 1.0
outer loop
vertex -96.4000015258789 73.4000015258789 0.6000000238418579
vertex -96.4000015258789 74.0 0.6000000238418579
vertex -96.69999694824219 73.69999694824219 0.6000000238418579
endloop
endfacet
facet normal -1.0 0.0 0.0
outer loop
vertex -45.599998474121094 -11.5 1.399999976158142
vertex -45.599998474121094 11.5 1.7000000476837158
vertex -45.599998474121094 11.5 1.399999976158142
endloop
endfacet
facet normal 0.0 -0.0 1.0
outer loop
vertex -45.599998474121094 -11.5 1.7000000476837158
vertex -45.20000076293945 0.0 1.7000000476837158
vertex -45.599998474121094 11.5 1.7000000476837158
endloop
endfacet
facet normal 0.0 -0.0 1.0
outer loop
vertex -44.79999923706055 -11.699999809265137 1.7000000476837158
vertex -44.79999923706055 11.699999809265137 1.7000000476837158
vertex -45.20000076293945 0.0 1.7000000476837158
endloop
endfacet
facet normal 1.0 -0.0 0.0
outer loop
vertex -44.79999923706055 -11.699999809265137 1.7000000476837158
vertex -44.79999923706055 11.699999809265137 1.399999976158142
vertex -44.79999923706055 11.699999809265137 1.7000000476837158
endloop
endfacet
facet normal 0.0 0.0 1.0
outer loop
vertex -45.20000076293945 0.0 1.7000000476837158
vertex -45.599998474121094 11.699999809265137 1.7000000476837158
vertex -45.599998474121094 11.5 1.7000000476837158
endloop
endfacet
facet normal 0.0 -0.0 1.0
outer loop
vertex -45.20000076293945 0.0 1.7000000476837158
vertex -44.79999923706055 11.699999809265137 1.7000000476837158
vertex -45.599998474121094 11.699999809265137 1.7000000476837158
endloop
endfacet
facet normal 0.0 0.0 -1.0
outer loop
vertex -39.70000076293945 -0.5 1.399999976158142
vertex -39.70000076293945 0.5 1.399999976158142
vertex -39.20000076293945 0.0 1.399999976158142
endloop
endfacet
facet normal -1.0 0.0 0.0
outer loop
vertex -39.70000076293945 -0.5 1.399999976158142
vertex -39.70000076293945 0.5 1.7000000476837158
vertex -39.70000076293945 0.5 1.399999976158142
endloop
endfacet
facet normal 0.0 -0.0 1.0
outer loop
vertex -39.70000076293945 -0.5 1.7000000476837158
vertex -39.20000076293945 0.0 1.7000000476837158
vertex -39.70000076293945 0.5 1.7000000476837158
endloop
endfacet
facet normal 0.0 -0.0 -1.0
outer loop
vertex -39.70000076293945 0.5 1.399999976158142
vertex -38.70000076293945 0.5 1.399999976158142
vertex -39.20000076293945 0.0 1.399999976158142
endloop
endfacet
facet normal 0.0 0.0 -1.0
outer loop
vertex -38.70000076293945 -0.5 1.399999976158142
vertex -39.20000076293945 0.0 1.399999976158142
vertex -38.70000076293945 0.5 1.399999976158142
endloop
endfacet
facet normal -0.0 1.0 0.0
outer loop
vertex -39.70000076293945 0.5 1.399999976158142
vertex -38.70000076293945 0.5 1.7000000476837158
vertex -38.70000076293945 0.5 1.399999976158142
endloop
endfacet
facet normal 0.0 1.0 0.0
outer loop
vertex -39.70000076293945 0.5 1.399999976158142
vertex -39.70000076293945 0.5 1.7000000476837158
vertex -38.70000076293945 0.5 1.7000000476837158
endloop
endfacet
facet normal -0.0 0.0 1.0
outer loop
vertex -39.70000076293945 0.5 1.7000000476837158
vertex -39.20000076293945 0.0 1.7000000476837158
vertex -38.70000076293945 0.5 1.7000000476837158
endloop
endfacet
facet normal 1.0 -0.0 0.0
outer loop
vertex -38.70000076293945 -0.5 1.7000000476837158
vertex -38.70000076293945 0.5 1.399999976158142
vertex -38.70000076293945 0.5 1.7000000476837158
endloop
endfacet
facet normal 0.0 -0.0 1.0
outer loop
vertex -38.70000076293945 -0.5 1.7000000476837158
vertex -38.70000076293945 0.5 1.7000000476837158
vertex -39.20000076293945 0.0 1.7000000476837158
endloop
endfacet
facet normal 0.0 -1.0 0.0
outer loop
vertex -49.20000076293945 11.5 1.399999976158142
vertex -45.599998474121094 11.5 1.7000000476837158
vertex -49.20000076293945 11.5 1.7000000476837158
endloop
endfacet
facet normal 0.0 -0.0 1.0
outer loop
vertex -49.20000076293945 11.5 1.7000000476837158
vertex -45.599998474121094 11.5 1.7000000476837158
vertex -47.5 11.899999618530273 1.7000000476837158
endloop
endfacet
facet normal 0.0 -1.0 0.0
outer loop
vertex -49.20000076293945 11.5 1.399999976158142
vertex -45.599998474121094 11.5 1.399999976158142
vertex -45.599998474121094 11.5 1.7000000476837158
endloop
endfacet
facet normal -0.0 1.0 0.0
outer loop
vertex -49.20000076293945 12.300000190734863 1.399999976158142
vertex -49.20000076293945 12.300000190734863 1.7000000476837158
vertex -45.599998474121094 12.300000190734863 1.399999976158142
endloop
endfacet
facet normal -0.0 0.0 1.0
outer loop
vertex -49.20000076293945 12.300000190734863 1.7000000476837158
vertex -47.5 11.899999618530273 1.7000000476837158
vertex -45.599998474121094 12.300000190734863 1.7000000476837158
endloop
endfacet
facet normal 1.0 0.0 0.0
outer loop
vertex -45.599998474121094 11.699999809265137 1.399999976158142
vertex -45.599998474121094 12.300000190734863 1.399999976158142
vertex -45.599998474121094 12.300000190734863 1.7000000476837158
endloop
endfacet
facet normal 0.0 -0.0 0.9999999999999999
outer loop
vertex -45.599998474121094 11.5 1.7000000476837158
vertex -45.599998474121094 11.699999809265137 1.7000000476837158
vertex -47.5 11.899999618530273 1.7000000476837158
endloop
endfacet
facet normal -0.0 0.0 1.0
outer loop
vertex -47.5 11.899999618530273 1.7000000476837158
vertex -45.599998474121094 11.699999809265137 1.7000000476837158
vertex -45.599998474121094 12.300000190734863 1.7000000476837158
endloop
endfacet
facet normal -0.0 1.0 0.0
outer loop
vertex -49.20000076293945 12.300000190734863 1.7000000476837158
vertex -45.599998474121094 12.300000190734863 1.7000000476837158
vertex -45.599998474121094 12.300000190734863 1.399999976158142
endloop
endfacet
facet normal 1.0 0.0 -0.0
outer loop
vertex -45.599998474121094 11.699999809265137 1.399999976158142
vertex -45.599998474121094 12.300000190734863 1.7000000476837158
vertex -45.599998474121094 11.699999809265137 1.7000000476837158
endloop
endfacet
facet normal -0.0 0.9999999999999999 0.0
outer loop
vertex -45.599998474121094 11.699999809265137 1.399999976158142
vertex -44.79999923706055 11.699999809265137 1.7000000476837158
vertex -44.79999923706055 11.699999809265137 1.399999976158142
endloop
endfacet
facet normal 0.0 0.9999999999999999 0.0
outer loop
vertex -45.599998474121094 11.699999809265137 1.399999976158142
vertex -45.599998474121094 11.699999809265137 1.7000000476837158
vertex -44.79999923706055 11.699999809265137 1.7000000476837158
endloop
endfacet
facet normal 0.0 0.0 -1.0
outer loop
vertex -35.099998474121094 -19.200000762939453 1.399999976158142
vertex -35.099998474121094 19.200000762939453 1.399999976158142
vertex -34.70000076293945 0.0 1.399999976158142
endloop
endfacet
facet normal 0.0 -0.0 1.0
outer loop
vertex -35.099998474121094 -19.200000762939453 1.7000000476837158
vertex -34.70000076293945 0.0 1.7000000476837158
vertex -35.099998474121094 19.200000762939453 1.7000000476837158
endloop
endfacet
facet normal 0.0 0.0 -1.0
outer loop
vertex -34.29999923706055 -19.399999618530273 1.399999976158142
vertex -34.70000076293945 0.0 1.399999976158142
vertex -34.29999923706055 19.399999618530273 1.399999976158142
endloop
endfacet
facet normal 0.0 -0.0 1.0
outer loop
vertex -34.29999923706055 -19.399999618530273 1.7000000476837158
vertex -34.29999923706055 19.399999618530273 1.7000000476837158
vertex -34.70000076293945 0.0 1.7000000476837158
endloop
endfacet
facet normal -1.0 0.0 0.0
outer loop
vertex -35.099998474121094 -19.200000762939453 1.399999976158142
vertex -35.099998474121094 19.200000762939453 1.7000000476837158
vertex -35.099998474121094 19.200000762939453 1.399999976158142
endloop
endfacet
facet normal 1.0 -0.0 0.0
outer loop
vertex -34.29999923706055 -19.399999618530273 1.7000000476837158
vertex -34.29999923706055 19.399999618530273 1.399999976158142
vertex -34.29999923706055 19.399999618530273 1.7000000476837158
endloop
endfacet
facet normal 0.0 0.0 -1.0
outer loop
vertex -34.70000076293945 0.0 1.399999976158142
vertex -35.099998474121094 19.200000762939453 1.399999976158142
vertex -35.099998474121094 19.399999618530273 1.399999976158142
endloop
endfacet
facet normal 0.0 0.0 1.0
outer loop
vertex -34.70000076293945 0.0 1.7000000476837158
vertex -35.099998474121094 19.399999618530273 1.7000000476837158
vertex -35.099998474121094 19.200000762939453 1.7000000476837158
endloop
endfacet
facet normal 0.0 0.0 -1.0
outer loop
vertex -34.70000076293945 0.0 1.399999976158142
vertex -35.099998474121094 19.399999618530273 1.399999976158142
vertex -34.29999923706055 19.399999618530273 1.399999976158142
endloop
endfacet
facet normal 0.0 -0.0 1.0
outer loop
vertex -34.70000076293945 0.0 1.7000000476837158
vertex -34.29999923706055 19.399999618530273 1.7000000476837158
vertex -35.099998474121094 19.399999618530273 1.7000000476837158
endloop
endfacet
facet normal 0.0 0.0 1.0
outer loop
vertex -49.35384750366211 19.200000762939453 1.7000000476837158
vertex -49.20000076293945 19.200000762939453 1.7000000476837158
vertex -42.25 19.600000381469727 1.7000000476837158
endloop
endfacet
facet normal 0.0 -0.0 1.0
outer loop
vertex -49.35384750366211 19.200000762939453 1.7000000476837158
vertex -42.25 19.600000381469727 1.7000000476837158
vertex -49.343589782714844 20.0 1.7000000476837158
endloop
endfacet
facet normal -0.0 1.0 0.0
outer loop
vertex -49.20000076293945 20.0 1.399999976158142
vertex -49.20000076293945 20.0 1.7000000476837158
vertex -40.0 20.0 1.399999976158142
endloop
endfacet
facet normal -0.0 -0.0 1.0
outer loop
vertex -49.343589782714844 20.0 1.7000000476837158
vertex -42.25 19.600000381469727 1.7000000476837158
vertex -49.20000076293945 20.0 1.7000000476837158
endloop
endfacet
facet normal 0.0 -1.0 0.0
outer loop
vertex -49.20000076293945 19.200000762939453 1.399999976158142
vertex -35.099998474121094 19.200000762939453 1.7000000476837158
vertex -49.20000076293945 19.200000762939453 1.7000000476837158
endloop
endfacet
facet normal 0.0 -1.0 0.0
outer loop
vertex -49.20000076293945 19.200000762939453 1.399999976158142
vertex -40.0 19.200000762939453 1.399999976158142
vertex -35.099998474121094 19.200000762939453 1.7000000476837158
endloop
endfacet
facet normal 0.0 -0.0 1.0
outer loop
vertex -49.20000076293945 19.200000762939453 1.7000000476837158
vertex -35.099998474121094 19.200000762939453 1.7000000476837158
vertex -42.25 19.600000381469727 1.7000000476837158
endloop
endfacet
facet normal 0.0 1.0 0.0
outer loop
vertex -49.20000076293945 20.0 1.7000000476837158
vertex -35.099998474121094 20.0 1.399999976158142
vertex -40.0 20.0 1.399999976158142
endloop
endfacet
facet normal -0.0 0.0 1.0
outer loop
vertex -49.20000076293945 20.0 1.7000000476837158
vertex -42.25 19.600000381469727 1.7000000476837158
vertex -35.099998474121094 20.0 1.7000000476837158
endloop
endfacet
facet normal -0.0 1.0 0.0
outer loop
vertex -49.20000076293945 20.0 1.7000000476837158
vertex -35.099998474121094 20.0 1.7000000476837158
vertex -35.099998474121094 20.0 1.399999976158142
endloop
endfacet
facet normal 0.0 0.0 -1.0
outer loop
vertex -40.0 19.200000762939453 1.399999976158142
vertex -40.0 20.0 1.399999976158142
vertex -35.099998474121094 19.200000762939453 1.399999976158142
endloop
endfacet
facet normal 0.0 -1.0 0.0
outer loop
vertex -40.0 19.200000762939453 1.399999976158142
vertex -35.099998474121094 19.200000762939453 1.399999976158142
vertex -35.099998474121094 19.200000762939453 1.7000000476837158
endloop
endfacet
facet normal 0.0 0.0 -0.9999999999999999
outer loop
vertex -40.0 20.0 1.399999976158142
vertex -35.099998474121094 19.399999618530273 1.399999976158142
vertex -35.099998474121094 19.200000762939453 1.399999976158142
endloop
endfacet
facet normal -0.0 0.0 1.0
outer loop
vertex -42.25 19.600000381469727 1.7000000476837158
vertex -35.099998474121094 19.200000762939453 1.7000000476837158
vertex -35.099998474121094 19.399999618530273 1.7000000476837158
endloop
endfacet
facet normal -0.0 0.0 1.0
outer loop
vertex -42.25 19.600000381469727 1.7000000476837158
vertex -35.099998474121094 19.399999618530273 1.7000000476837158
vertex -35.099998474121094 20.0 1.7000000476837158
endloop
endfacet
facet normal 0.0 0.0 -1.0
outer loop
vertex -40.0 20.0 1.399999976158142
vertex -35.099998474121094 20.0 1.399999976158142
vertex -35.099998474121094 19.399999618530273 1.399999976158142
endloop
endfacet
facet normal -1.0 0.0 0.0
outer loop
vertex -46.0 32.20000076293945 0.0
vertex -46.0 32.20000076293945 1.5
vertex -46.0 32.599998474121094 0.0
endloop
endfacet
facet normal -1.0 0.0 0.0
outer loop
vertex -46.0 32.20000076293945 1.5
vertex -46.0 32.599998474121094 1.5
vertex -46.0 32.599998474121094 0.0
endloop
endfacet
facet normal 0.0 -1.0 0.0
outer loop
vertex -49.20000076293945 31.200000762939453 1.399999976158142
vertex -40.0 31.200000762939453 1.399999976158142
vertex -49.20000076293945 31.200000762939453 1.7000000476837158
endloop
endfacet
facet normal -0.0 1.0 0.0
outer loop
vertex -50.0 32.0 1.399999976158142
vertex -49.20000076293945 32.0 1.7000000476837158
vertex -40.0 32.0 1.399999976158142
endloop
endfacet
facet normal 0.0 -1.0 0.0
outer loop
vertex -49.20000076293945 31.200000762939453 1.7000000476837158
vertex -40.0 31.200000762939453 1.399999976158142
vertex -30.0 31.200000762939453 1.399999976158142
endloop
endfacet
facet normal 0.0 1.0 0.0
outer loop
vertex -49.20000076293945 32.0 1.7000000476837158
vertex -30.0 32.0 1.399999976158142
vertex -40.0 32.0 1.399999976158142
endloop
endfacet
facet normal 0.0 0.0 -1.0
outer loop
vertex -40.0 31.200000762939453 1.399999976158142
vertex -40.0 32.0 1.399999976158142
vertex -30.0 31.200000762939453 1.399999976158142
endloop
endfacet
facet normal 1.0 0.0 -0.0
outer loop
vertex -35.099998474121094 19.399999618530273 1.399999976158142
vertex -35.099998474121094 20.0 1.7000000476837158
vertex -35.099998474121094 19.399999618530273 1.7000000476837158
endloop
endfacet
facet normal 1.0 0.0 0.0
outer loop
vertex -35.099998474121094 19.399999618530273 1.399999976158142
vertex -35.099998474121094 20.0 1.399999976158142
vertex -35.099998474121094 20.0 1.7000000476837158
endloop
endfacet
facet normal -0.0 0.9999999999999999 0.0
outer loop
vertex -35.099998474121094 19.399999618530273 1.399999976158142
vertex -34.29999923706055 19.399999618530273 1.7000000476837158
vertex -34.29999923706055 19.399999618530273 1.399999976158142
endloop
endfacet
facet normal 0.0 0.9999999999999999 0.0
outer loop
vertex -35.099998474121094 19.399999618530273 1.399999976158142
vertex -35.099998474121094 19.399999618530273 1.7000000476837158
vertex -34.29999923706055 19.399999618530273 1.7000000476837158
endloop
endfacet
facet normal 0.0 0.0 -1.0
outer loop
vertex -46.0 32.20000076293945 0.0
vertex -46.0 32.599998474121094 0.0
vertex 0.0 32.400001525878906 0.0
endloop
endfacet
facet normal 0.0 -1.0 0.0
outer loop
vertex -49.20000076293945 31.200000762939453 1.7000000476837158
vertex -30.0 31.200000762939453 1.399999976158142
vertex -20.0 31.200000762939453 1.399999976158142
endloop
endfacet
facet normal 0.0 0.0 -1.0
outer loop
vertex -40.0 32.0 1.399999976158142
vertex -30.0 32.0 1.399999976158142
vertex -30.0 31.200000762939453 1.399999976158142
endloop
endfacet
facet normal 0.0 1.0 0.0
outer loop
vertex -49.20000076293945 32.0 1.7000000476837158
vertex -20.0 32.0 1.399999976158142
vertex -30.0 32.0 1.399999976158142
endloop
endfacet
facet normal 0.0 -0.0 1.0
outer loop
vertex -49.20000076293945 31.200000762939453 1.7000000476837158
vertex 0.0 31.600000381469727 1.7000000476837158
vertex -49.20000076293945 32.0 1.7000000476837158
endloop
endfacet
facet normal 0.0 -0.0 1.0
outer loop
vertex -46.0 32.20000076293945 1.5
vertex 0.0 32.400001525878906 1.5
vertex -46.0 32.599998474121094 1.5
endloop
endfacet
facet normal 0.0 -1.0 0.0
outer loop
vertex -49.20000076293945 31.200000762939453 1.7000000476837158
vertex -20.0 31.200000762939453 1.399999976158142
vertex -10.0 31.200000762939453 1.399999976158142
endloop
endfacet
facet normal 0.0 1.0 0.0
outer loop
vertex -49.20000076293945 32.0 1.7000000476837158
vertex -10.0 32.0 1.399999976158142
vertex -20.0 32.0 1.399999976158142
endloop
endfacet
facet normal -0.0 1.0 0.0
outer loop
vertex -9.0 0.5 1.399999976158142
vertex -9.0 0.5 1.7000000476837158
vertex -8.0 0.5 1.399999976158142
endloop
endfacet
facet normal 1.0 0.0 0.0
outer loop
vertex -8.0 -0.5 1.399999976158142
vertex -8.0 0.5 1.399999976158142
vertex -8.0 0.5 1.7000000476837158
endloop
endfacet
facet normal -1.0 0.0 0.0
outer loop
vertex -9.0 -0.5 1.7000000476837158
vertex -9.0 0.5 1.7000000476837158
vertex -9.0 0.5 1.399999976158142
endloop
endfacet
facet normal 0.0 -0.0 1.0
outer loop
vertex -9.0 -0.5 1.7000000476837158
vertex -8.5 1.0269562977782698e-15 1.7000000476837158
vertex -9.0 0.5 1.7000000476837158
endloop
endfacet
facet normal -0.0 0.0 1.0
outer loop
vertex -9.0 0.5 1.7000000476837158
vertex -8.5 1.0269562977782698e-15 1.7000000476837158
vertex -8.0 0.5 1.7000000476837158
endloop
endfacet
facet normal 0.0 -0.0 1.0
outer loop
vertex -8.0 -0.5 1.7000000476837158
vertex -8.0 0.5 1.7000000476837158
vertex -8.5 1.0269562977782698e-15 1.7000000476837158
endloop
endfacet
facet normal 0.0 1.0 -0.0
outer loop
vertex -8.0 0.5 1.399999976158142
vertex -9.0 0.5 1.7000000476837158
vertex -8.0 0.5 1.7000000476837158
endloop
endfacet
facet normal -1.0 0.0 0.0
outer loop
vertex -8.710369110107422 1.6999619007110596 1.399999976158142
vertex -8.710369110107422 1.6999619007110596 1.7000000476837158
vertex -8.710369110107422 2.6999619007110596 1.399999976158142
endloop
endfacet
facet normal 0.0 -1.0 0.0
outer loop
vertex -8.710369110107422 1.6999619007110596 1.399999976158142
vertex -7.71036958694458 1.6999619007110596 1.399999976158142
vertex -7.71036958694458 1.6999619007110596 1.7000000476837158
endloop
endfacet
facet normal 0.0 -1.0 0.0
outer loop
vertex -8.710369110107422 1.6999619007110596 1.399999976158142
vertex -7.71036958694458 1.6999619007110596 1.7000000476837158
vertex -8.710369110107422 1.6999619007110596 1.7000000476837158
endloop
endfacet
facet normal 0.0 -0.0 1.0
outer loop
vertex -8.710369110107422 1.6999619007110596 1.7000000476837158
vertex -8.210369110107422 2.1999619007110596 1.7000000476837158
vertex -8.710369110107422 2.6999619007110596 1.7000000476837158
endloop
endfacet
facet normal 0.0 -0.0 1.0
outer loop
vertex -8.710369110107422 1.6999619007110596 1.7000000476837158
vertex -7.71036958694458 1.6999619007110596 1.7000000476837158
vertex -8.210369110107422 2.1999619007110596 1.7000000476837158
endloop
endfacet
facet normal 1.0 0.0 -0.0
outer loop
vertex -7.71036958694458 1.6999619007110596 1.399999976158142
vertex -7.71036958694458 2.6999619007110596 1.7000000476837158
vertex -7.71036958694458 1.6999619007110596 1.7000000476837158
endloop
endfacet
facet normal 0.0 -0.0 1.0
outer loop
vertex -7.71036958694458 1.6999619007110596 1.7000000476837158
vertex -7.71036958694458 2.6999619007110596 1.7000000476837158
vertex -8.210369110107422 2.1999619007110596 1.7000000476837158
endloop
endfacet
facet normal -0.0 1.0 0.0
outer loop
vertex -8.710369110107422 2.6999619007110596 1.399999976158142
vertex -8.710369110107422 2.6999619007110596 1.7000000476837158
vertex -7.71036958694458 2.6999619007110596 1.399999976158142
endloop
endfacet
facet normal 1.0 0.0 0.0
outer loop
vertex -7.71036958694458 1.6999619007110596 1.399999976158142
vertex -7.71036958694458 2.6999619007110596 1.399999976158142
vertex -7.71036958694458 2.6999619007110596 1.7000000476837158
endloop
endfacet
facet normal -1.0 0.0 0.0
outer loop
vertex -8.710369110107422 1.6999619007110596 1.7000000476837158
vertex -8.710369110107422 2.6999619007110596 1.7000000476837158
vertex -8.710369110107422 2.6999619007110596 1.399999976158142
endloop
endfacet
facet normal 0.0 -0.0 1.0
outer loop
vertex -8.210369110107422 2.1999619007110596 1.7000000476837158
vertex -7.71036958694458 2.6999619007110596 1.7000000476837158
vertex -8.710369110107422 2.6999619007110596 1.7000000476837158
endloop
endfacet
facet normal 0.0 1.0 -0.0
outer loop
vertex -7.71036958694458 2.6999619007110596 1.399999976158142
vertex -8.710369110107422 2.6999619007110596 1.7000000476837158
vertex -7.71036958694458 2.6999619007110596 1.7000000476837158
endloop
endfacet
facet normal -1.0 0.0 0.0
outer loop
vertex -7.861216068267822 3.75 1.399999976158142
vertex -7.861216068267822 3.75 1.7000000476837158
vertex -7.861216068267822 4.75 1.399999976158142
endloop
endfacet
facet normal 0.0 -0.0 1.0
outer loop
vertex -7.861216068267822 3.75 1.7000000476837158
vertex -7.361216068267822 4.25 1.7000000476837158
vertex -7.861216068267822 4.75 1.7000000476837158
endloop
endfacet
facet normal -1.0 0.0 0.0
outer loop
vertex -7.861216068267822 3.75 1.7000000476837158
vertex -7.861216068267822 4.75 1.7000000476837158
vertex -7.861216068267822 4.75 1.399999976158142
endloop
endfacet
facet normal 0.0 -1.0 0.0
outer loop
vertex -7.861216068267822 3.75 1.399999976158142
vertex -6.861216068267822 3.75 1.399999976158142
vertex -6.861216068267822 3.75 1.7000000476837158
endloop
endfacet
facet normal 1.0 0.0 0.0
outer loop
vertex -6.861216068267822 3.75 1.399999976158142
vertex -6.861216068267822 4.75 1.399999976158142
vertex -6.861216068267822 4.75 1.7000000476837158
endloop
endfacet
facet normal 0.0 -1.0 0.0
outer loop
vertex -7.861216068267822 3.75 1.399999976158142
vertex -6.861216068267822 3.75 1.7000000476837158
vertex -7.861216068267822 3.75 1.7000000476837158
endloop
endfacet
facet normal 0.0 -0.0 1.0
outer loop
vertex -7.861216068267822 3.75 1.7000000476837158
vertex -6.861216068267822 3.75 1.7000000476837158
vertex -7.361216068267822 4.25 1.7000000476837158
endloop
endfacet
facet normal 0.0 -0.0 1.0
outer loop
vertex -7.361216068267822 4.25 1.7000000476837158
vertex -6.861216068267822 4.75 1.7000000476837158
vertex -7.861216068267822 4.75 1.7000000476837158
endloop
endfacet
facet normal 1.0 0.0 -0.0
outer loop
vertex -6.861216068267822 3.75 1.399999976158142
vertex -6.861216068267822 4.75 1.7000000476837158
vertex -6.861216068267822 3.75 1.7000000476837158
endloop
endfacet
facet normal 0.0 -0.0 1.0
outer loop
vertex -6.861216068267822 3.75 1.7000000476837158
vertex -6.861216068267822 4.75 1.7000000476837158
vertex -7.361216068267822 4.25 1.7000000476837158
endloop
endfacet
facet normal -0.0 1.0 0.0
outer loop
vertex -7.861216068267822 4.75 1.399999976158142
vertex -7.861216068267822 4.75 1.7000000476837158
vertex -6.861216068267822 4.75 1.399999976158142
endloop
endfacet
facet normal -0.0 1.0 0.0
outer loop
vertex -7.861216068267822 4.75 1.7000000476837158
vertex -6.861216068267822 4.75 1.7000000476837158
vertex -6.861216068267822 4.75 1.399999976158142
endloop
endfacet
facet normal 0.0 -1.0 0.0
outer loop
vertex -6.510407447814941 5.510407447814941 1.399999976158142
vertex -5.510407447814941 5.510407447814941 1.7000000476837158
vertex -6.510407447814941 5.510407447814941 1.7000000476837158
endloop
endfacet
facet normal -1.0 0.0 0.0
outer loop
vertex -6.510407447814941 5.510407447814941 1.399999976158142
vertex -6.510407447814941 5.510407447814941 1.7000000476837158
vertex -6.510407447814941 6.510407447814941 1.399999976158142
endloop
endfacet
facet normal -0.0 1.0 0.0
outer loop
vertex -6.510407447814941 6.510407447814941 1.399999976158142
vertex -6.510407447814941 6.510407447814941 1.7000000476837158
vertex -5.510407447814941 6.510407447814941 1.399999976158142
endloop
endfacet
facet normal -1.0 0.0 0.0
outer loop
vertex -6.510407447814941 5.510407447814941 1.7000000476837158
vertex -6.510407447814941 6.510407447814941 1.7000000476837158
vertex -6.510407447814941 6.510407447814941 1.399999976158142
endloop
endfacet
facet normal 0.0 -0.0 1.0
outer loop
vertex -6.510407447814941 5.510407447814941 1.7000000476837158
vertex -6.010407447814941 6.010407447814941 1.7000000476837158
vertex -6.510407447814941 6.510407447814941 1.7000000476837158
endloop
endfacet
facet normal 0.0 -0.0 1.0
outer loop
vertex -0.5 -31.200000762939453 1.7000000476837158
vertex 0.0 0.0 1.7000000476837158
vertex -0.5 31.200000762939453 1.7000000476837158
endloop
endfacet
facet normal 0.0 -1.0 0.0
outer loop
vertex -6.510407447814941 5.510407447814941 1.399999976158142
vertex -5.510407447814941 5.510407447814941 1.399999976158142
vertex -5.510407447814941 5.510407447814941 1.7000000476837158
endloop
endfacet
facet normal 0.0 -0.0 1.0
outer loop
vertex -6.510407447814941 5.510407447814941 1.7000000476837158
vertex -5.510407447814941 5.510407447814941 1.7000000476837158
vertex -6.010407447814941 6.010407447814941 1.7000000476837158
endloop
endfacet
facet normal 1.0 0.0 0.0
outer loop
vertex -5.510407447814941 5.510407447814941 1.399999976158142
vertex -5.510407447814941 6.510407447814941 1.399999976158142
vertex -5.510407447814941 6.510407447814941 1.7000000476837158
endloop
endfacet
facet normal -0.0 0.0 1.0
outer loop
vertex -6.510407447814941 6.510407447814941 1.7000000476837158
vertex -6.010407447814941 6.010407447814941 1.7000000476837158
vertex -5.510407447814941 6.510407447814941 1.7000000476837158
endloop
endfacet
facet normal 1.0 0.0 -0.0
outer loop
vertex -5.510407447814941 5.510407447814941 1.399999976158142
vertex -5.510407447814941 6.510407447814941 1.7000000476837158
vertex -5.510407447814941 5.510407447814941 1.7000000476837158
endloop
endfacet
facet normal 0.0 -0.0 1.0
outer loop
vertex -5.510407447814941 5.510407447814941 1.7000000476837158
vertex -5.510407447814941 6.510407447814941 1.7000000476837158
vertex -6.010407447814941 6.010407447814941 1.7000000476837158
endloop
endfacet
facet normal -0.0 1.0 0.0
outer loop
vertex -6.510407447814941 6.510407447814941 1.7000000476837158
vertex -5.510407447814941 6.510407447814941 1.7000000476837158
vertex -5.510407447814941 6.510407447814941 1.399999976158142
endloop
endfacet
facet normal 0.0 -1.0 0.0
outer loop
vertex -4.75 6.861216068267822 1.399999976158142
vertex -3.75 6.861216068267822 1.399999976158142
vertex -3.75 6.861216068267822 1.7000000476837158
endloop
endfacet
facet normal 0.0 -1.0 0.0
outer loop
vertex -4.75 6.861216068267822 1.399999976158142
vertex -3.75 6.861216068267822 1.7000000476837158
vertex -4.75 6.861216068267822 1.7000000476837158
endloop
endfacet
facet normal -1.0 0.0 0.0
outer loop
vertex -4.75 6.861216068267822 1.399999976158142
vertex -4.75 6.861216068267822 1.7000000476837158
vertex -4.75 7.861216068267822 1.399999976158142
endloop
endfacet
facet normal -1.0 0.0 0.0
outer loop
vertex -4.75 6.861216068267822 1.7000000476837158
vertex -4.75 7.861216068267822 1.7000000476837158
vertex -4.75 7.861216068267822 1.399999976158142
endloop
endfacet
facet normal 0.0 -0.0 1.0
outer loop
vertex -4.75 6.861216068267822 1.7000000476837158
vertex -4.25 7.361216068267822 1.7000000476837158
vertex -4.75 7.861216068267822 1.7000000476837158
endloop
endfacet
facet normal -0.0 1.0 0.0
outer loop
vertex -4.75 7.861216068267822 1.399999976158142
vertex -4.75 7.861216068267822 1.7000000476837158
vertex -3.75 7.861216068267822 1.399999976158142
endloop
endfacet
facet normal 1.0 0.0 0.0
outer loop
vertex -3.75 6.861216068267822 1.399999976158142
vertex -3.75 7.861216068267822 1.399999976158142
vertex -3.75 7.861216068267822 1.7000000476837158
endloop
endfacet
facet normal 0.0 -0.0 1.0
outer loop
vertex -4.75 6.861216068267822 1.7000000476837158
vertex -3.75 6.861216068267822 1.7000000476837158
vertex -4.25 7.361216068267822 1.7000000476837158
endloop
endfacet
facet normal 0.0 -0.0 1.0
outer loop
vertex -3.75 6.861216068267822 1.7000000476837158
vertex -3.75 7.861216068267822 1.7000000476837158
vertex -4.25 7.361216068267822 1.7000000476837158
endloop
endfacet
facet normal -0.0 0.0 1.0
outer loop
vertex -4.75 7.861216068267822 1.7000000476837158
vertex -4.25 7.361216068267822 1.7000000476837158
vertex -3.75 7.861216068267822 1.7000000476837158
endloop
endfacet
facet normal -0.0 1.0 0.0
outer loop
vertex -4.75 7.861216068267822 1.7000000476837158
vertex -3.75 7.861216068267822 1.7000000476837158
vertex -3.75 7.861216068267822 1.399999976158142
endloop
endfacet
facet normal 1.0 0.0 -0.0
outer loop
vertex -3.75 6.861216068267822 1.399999976158142
vertex -3.75 7.861216068267822 1.7000000476837158
vertex -3.75 6.861216068267822 1.7000000476837158
endloop
endfacet
facet normal -1.0 0.0 0.0
outer loop
vertex -2.6999619007110596 7.71036958694458 1.399999976158142
vertex -2.6999619007110596 7.71036958694458 1.7000000476837158
vertex -2.6999619007110596 8.710369110107422 1.399999976158142
endloop
endfacet
facet normal 0.0 -1.0 0.0
outer loop
vertex -2.6999619007110596 7.71036958694458 1.399999976158142
vertex -1.6999619007110596 7.71036958694458 1.399999976158142
vertex -1.6999619007110596 7.71036958694458 1.7000000476837158
endloop
endfacet
facet normal 0.0 -1.0 0.0
outer loop
vertex -2.6999619007110596 7.71036958694458 1.399999976158142
vertex -1.6999619007110596 7.71036958694458 1.7000000476837158
vertex -2.6999619007110596 7.71036958694458 1.7000000476837158
endloop
endfacet
facet normal 0.0 -0.0 1.0
outer loop
vertex -2.6999619007110596 7.71036958694458 1.7000000476837158
vertex -1.6999619007110596 7.71036958694458 1.7000000476837158
vertex -2.1999619007110596 8.210369110107422 1.7000000476837158
endloop
endfacet
facet normal 1.0 0.0 -0.0
outer loop
vertex -1.6999619007110596 7.71036958694458 1.399999976158142
vertex -1.6999619007110596 8.710369110107422 1.7000000476837158
vertex -1.6999619007110596 7.71036958694458 1.7000000476837158
endloop
endfacet
facet normal -0.0 1.0 0.0
outer loop
vertex -2.6999619007110596 8.710369110107422 1.399999976158142
vertex -2.6999619007110596 8.710369110107422 1.7000000476837158
vertex -1.6999619007110596 8.710369110107422 1.399999976158142
endloop
endfacet
facet normal 1.0 0.0 0.0
outer loop
vertex -1.6999619007110596 7.71036958694458 1.399999976158142
vertex -1.6999619007110596 8.710369110107422 1.399999976158142
vertex -1.6999619007110596 8.710369110107422 1.7000000476837158
endloop
endfacet
facet normal -1.0 0.0 0.0
outer loop
vertex -2.6999619007110596 7.71036958694458 1.7000000476837158
vertex -2.6999619007110596 8.710369110107422 1.7000000476837158
vertex -2.6999619007110596 8.710369110107422 1.399999976158142
endloop
endfacet
facet normal 0.0 -0.0 1.0
outer loop
vertex -2.6999619007110596 7.71036958694458 1.7000000476837158
vertex -2.1999619007110596 8.210369110107422 1.7000000476837158
vertex -2.6999619007110596 8.710369110107422 1.7000000476837158
endloop
endfacet
facet normal 0.0 1.0 -0.0
outer loop
vertex -1.6999619007110596 8.710369110107422 1.399999976158142
vertex -2.6999619007110596 8.710369110107422 1.7000000476837158
vertex -1.6999619007110596 8.710369110107422 1.7000000476837158
endloop
endfacet
facet normal -0.0 0.0 1.0
outer loop
vertex -2.6999619007110596 8.710369110107422 1.7000000476837158
vertex -2.1999619007110596 8.210369110107422 1.7000000476837158
vertex -1.6999619007110596 8.710369110107422 1.7000000476837158
endloop
endfacet
facet normal 0.0 -0.0 1.0
outer loop
vertex -1.6999619007110596 7.71036958694458 1.7000000476837158
vertex -1.6999619007110596 8.710369110107422 1.7000000476837158
vertex -2.1999619007110596 8.210369110107422 1.7000000476837158
endloop
endfacet
facet normal -1.0 0.0 0.0
outer loop
vertex -0.5 -31.200000762939453 1.7000000476837158
vertex -0.5 31.200000762939453 1.7000000476837158
vertex -0.5 31.200000762939453 1.399999976158142
endloop
endfacet
facet normal 0.0 -1.0 0.0
outer loop
vertex -49.20000076293945 31.200000762939453 1.7000000476837158
vertex -10.0 31.200000762939453 1.399999976158142
vertex -0.5 31.200000762939453 1.399999976158142
endloop
endfacet
facet normal 0.0 1.0 0.0
outer loop
vertex -49.20000076293945 32.0 1.7000000476837158
vertex 0.0 32.0 1.399999976158142
vertex -10.0 32.0 1.399999976158142
endloop
endfacet
facet normal 0.0 -1.0 0.0
outer loop
vertex -46.0 32.20000076293945 0.0
vertex 46.0 32.20000076293945 1.5
vertex -46.0 32.20000076293945 1.5
endloop
endfacet
facet normal 0.0 -0.9999999999999999 0.0
outer loop
vertex -49.20000076293945 31.200000762939453 1.7000000476837158
vertex -0.5 31.200000762939453 1.399999976158142
vertex -0.5 31.200000762939453 1.7000000476837158
endloop
endfacet
facet normal 0.0 0.0 1.0
outer loop
vertex -49.20000076293945 31.200000762939453 1.7000000476837158
vertex -0.5 31.200000762939453 1.7000000476837158
vertex 0.0 31.600000381469727 1.7000000476837158
endloop
endfacet
facet normal 0.0 0.0 -1.0
outer loop
vertex -20.0 31.200000762939453 1.399999976158142
vertex -20.0 32.0 1.399999976158142
vertex -10.0 31.200000762939453 1.399999976158142
endloop
endfacet
facet normal 0.0 0.0 -1.0
outer loop
vertex -20.0 32.0 1.399999976158142
vertex -10.0 32.0 1.399999976158142
vertex -10.0 31.200000762939453 1.399999976158142
endloop
endfacet
facet normal 0.0 1.0 0.0
outer loop
vertex -49.20000076293945 32.0 1.7000000476837158
vertex 10.0 32.0 1.399999976158142
vertex 0.0 32.0 1.399999976158142
endloop
endfacet
facet normal -0.0 1.0 0.0
outer loop
vertex -46.0 32.599998474121094 0.0
vertex -46.0 32.599998474121094 1.5
vertex 46.0 32.599998474121094 0.0
endloop
endfacet
facet normal 0.0 1.0 0.0
outer loop
vertex -49.20000076293945 32.0 1.7000000476837158
vertex 20.0 32.0 1.399999976158142
vertex 10.0 32.0 1.399999976158142
endloop
endfacet
facet normal -1.0 0.0 0.0
outer loop
vertex -9.0 64.80000305175781 18.5
vertex -9.0 64.80000305175781 21.5
vertex -9.0 65.0 18.5
endloop
endfacet
facet normal 0.0 0.0 -1.0
outer loop
vertex -9.0 64.80000305175781 18.5
vertex -9.0 65.0 18.5
vertex 0.0 64.9000015258789 18.5
endloop
endfacet
facet normal -1.0 0.0 0.0
outer loop
vertex -9.0 67.0 18.5
vertex -9.0 67.0 21.5
vertex -9.0 67.19999694824219 18.5
endloop
endfacet
facet normal 0.0 0.0 -1.0
outer loop
vertex -9.0 67.0 18.5
vertex -9.0 67.19999694824219 18.5
vertex 0.0 67.0999984741211 18.5
endloop
endfacet
facet normal -0.0 1.0 0.0
outer loop
vertex -9.0 67.19999694824219 18.5
vertex -9.0 67.19999694824219 21.5
vertex 9.0 67.19999694824219 18.5
endloop
endfacet
facet normal -1.0 0.0 0.0
outer loop
vertex -9.0 65.0 18.5
vertex -9.0 64.80000305175781 21.5
vertex -9.0 65.0 21.5
endloop
endfacet
facet normal 0.0 -1.0 0.0
outer loop
vertex -9.0 64.80000305175781 18.5
vertex 9.0 64.80000305175781 21.5
vertex -9.0 64.80000305175781 21.5
endloop
endfacet
facet normal 0.0 -0.0 1.0
outer loop
vertex -9.0 64.80000305175781 21.5
vertex 0.0 64.9000015258789 21.5
vertex -9.0 65.0 21.5
endloop
endfacet
facet normal -1.0 0.0 0.0
outer loop
vertex -9.0 67.19999694824219 18.5
vertex -9.0 67.0 21.5
vertex -9.0 67.19999694824219 21.5
endloop
endfacet
facet normal 0.0 -0.0 1.0
outer loop
vertex -9.0 67.0 21.5
vertex 0.0 67.0999984741211 21.5
vertex -9.0 67.19999694824219 21.5
endloop
endfacet
facet normal 0.0 -1.0 0.0
outer loop
vertex -4.5 -32.599998474121094 0.0
vertex 4.5 -32.599998474121094 0.0
vertex 4.5 -32.599998474121094 1.5
endloop
endfacet
facet normal 0.0 0.0 -1.0
outer loop
vertex -4.5 -32.599998474121094 0.0
vertex 0.0 -32.400001525878906 0.0
vertex 4.5 -32.599998474121094 0.0
endloop
endfacet
facet normal 0.0 -0.0 -1.0
outer loop
vertex -4.5 -32.20000076293945 0.0
vertex 4.5 -32.20000076293945 0.0
vertex 0.0 -32.400001525878906 0.0
endloop
endfacet
facet normal -0.0 1.0 0.0
outer loop
vertex -4.5 -32.20000076293945 0.0
vertex 4.5 -32.20000076293945 1.5
vertex 4.5 -32.20000076293945 0.0
endloop
endfacet
facet normal 0.0 0.0 -0.9999999999999999
outer loop
vertex 0.0 -32.400001525878906 0.0
vertex 4.5 -32.20000076293945 0.0
vertex 4.5 -32.380435943603516 0.0
endloop
endfacet
facet normal 0.0 -0.0 -1.0
outer loop
vertex 0.0 -32.400001525878906 0.0
vertex 5.925765514373779 -32.42576599121094 0.0
vertex 4.5 -32.599998474121094 0.0
endloop
endfacet
facet normal 0.0 0.0 -1.0
outer loop
vertex 0.0 -32.400001525878906 0.0
vertex 4.5 -32.380435943603516 0.0
vertex 5.925765514373779 -32.42576599121094 0.0
endloop
endfacet
facet normal 0.0 0.0 -1.0
outer loop
vertex 4.5 -32.380435943603516 0.0
vertex 5.874460220336914 -32.37446212768555 0.0
vertex 5.925765514373779 -32.42576599121094 0.0
endloop
endfacet
facet normal 0.0 0.0 -1.0
outer loop
vertex 4.5 -32.599998474121094 0.0
vertex 6.073592185974121 -32.42640686035156 0.0
vertex 6.099998474121094 -32.599998474121094 0.0
endloop
endfacet
facet normal 0.0 0.0 -1.0
outer loop
vertex 4.5 -32.599998474121094 0.0
vertex 5.925765514373779 -32.42576599121094 0.0
vertex 6.073592185974121 -32.42640686035156 0.0
endloop
endfacet
facet normal 0.0 -0.0 1.0
outer loop
vertex -4.5 -32.599998474121094 1.5
vertex 4.5 -32.599998474121094 1.5
vertex 0.0 -32.400001525878906 1.5
endloop
endfacet
facet normal -0.0 0.0 1.0
outer loop
vertex -4.5 -32.20000076293945 1.5
vertex 0.0 -32.400001525878906 1.5
vertex 4.5 -32.20000076293945 1.5
endloop
endfacet
facet normal 0.0 -0.9999999999999999 0.0
outer loop
vertex -4.5 -32.0 1.399999976158142
vertex 0.0 -32.0 1.399999976158142
vertex 4.5 -32.0 1.7000000476837158
endloop
endfacet
facet normal 0.0 -0.0 0.9999999999999999
outer loop
vertex -4.5 -32.0 1.7000000476837158
vertex 4.5 -32.0 1.7000000476837158
vertex 0.0 -31.600000381469727 1.7000000476837158
endloop
endfacet
facet normal -0.0 0.0 1.0
outer loop
vertex -0.5 -31.200000762939453 1.7000000476837158
vertex 0.0 -31.600000381469727 1.7000000476837158
vertex 0.5 -31.200000762939453 1.7000000476837158
endloop
endfacet
facet normal 0.0 0.0 -0.9999999999999999
outer loop
vertex 0.0 -32.0 1.399999976158142
vertex 0.5 -31.200000762939453 1.399999976158142
vertex 4.5 -32.0 1.399999976158142
endloop
endfacet
facet normal -0.0 0.0 0.9999999999999999
outer loop
vertex 0.0 -32.400001525878906 1.5
vertex 4.5 -32.599998474121094 1.5
vertex 4.5 -32.20000076293945 1.5
endloop
endfacet
facet normal 0.0 -0.9999999999999999 0.0
outer loop
vertex 0.0 -32.0 1.399999976158142
vertex 4.5 -32.0 1.399999976158142
vertex 4.5 -32.0 1.7000000476837158
endloop
endfacet
facet normal -0.0 0.0 0.9999999999999999
outer loop
vertex 0.0 -31.600000381469727 1.7000000476837158
vertex 4.5 -32.0 1.7000000476837158
vertex 4.5 -31.200000762939453 1.7000000476837158
endloop
endfacet
facet normal -0.0 1.0 0.0
outer loop
vertex 0.5 -31.200000762939453 1.399999976158142
vertex 0.5 -31.200000762939453 1.7000000476837158
vertex 4.5 -31.200000762939453 1.399999976158142
endloop
endfacet
facet normal 0.0 -0.0 1.0
outer loop
vertex 0.0 -31.600000381469727 1.7000000476837158
vertex 4.5 -31.200000762939453 1.7000000476837158
vertex 0.5 -31.200000762939453 1.7000000476837158
endloop
endfacet
facet normal 0.0 0.0 -1.0
outer loop
vertex 0.5 -31.200000762939453 1.399999976158142
vertex 4.5 -31.200000762939453 1.399999976158142
vertex 4.5 -32.0 1.399999976158142
endloop
endfacet
facet normal -0.0 1.0 0.0
outer loop
vertex 0.5 -31.200000762939453 1.7000000476837158
vertex 4.5 -31.200000762939453 1.7000000476837158
vertex 4.5 -31.200000762939453 1.399999976158142
endloop
endfacet
facet normal 0.0 0.0 -1.0
outer loop
vertex 7.5 -32.0 1.399999976158142
vertex 7.5 -31.200000762939453 1.399999976158142
vertex 10.0 -32.0 1.399999976158142
endloop
endfacet
facet normal -0.0 1.0 0.0
outer loop
vertex 7.5 -31.200000762939453 1.399999976158142
vertex 7.5 -31.200000762939453 1.7000000476837158
vertex 10.0 -31.200000762939453 1.399999976158142
endloop
endfacet
facet normal 0.0 0.0 -1.0
outer loop
vertex 7.5 -31.200000762939453 1.399999976158142
vertex 10.0 -31.200000762939453 1.399999976158142
vertex 10.0 -32.0 1.399999976158142
endloop
endfacet
facet normal 0.0 -0.0 1.0
outer loop
vertex -0.5 -31.200000762939453 1.7000000476837158
vertex 0.5 -31.200000762939453 1.7000000476837158
vertex 0.0 0.0 1.7000000476837158
endloop
endfacet
facet normal 0.0 1.0 0.0
outer loop
vertex 7.5 -31.200000762939453 1.7000000476837158
vertex 20.0 -31.200000762939453 1.399999976158142
vertex 10.0 -31.200000762939453 1.399999976158142
endloop
endfacet
facet normal 0.0 -1.0 0.0
outer loop
vertex 7.5 -32.599998474121094 0.0
vertex 46.0 -32.599998474121094 1.5
vertex 7.5 -32.599998474121094 1.5
endloop
endfacet
facet normal 0.0 0.0 -1.0
outer loop
vertex 7.5 -32.599998474121094 0.0
vertex 7.5 -32.367393493652344 0.0
vertex 46.0 -32.599998474121094 0.0
endloop
endfacet
facet normal 0.0 0.0 -1.0
outer loop
vertex 7.5 -32.367393493652344 0.0
vertex 7.5 -32.20000076293945 0.0
vertex 46.0 -32.20000076293945 0.0
endloop
endfacet
facet normal 0.0 1.0 0.0
outer loop
vertex 7.5 -32.20000076293945 0.0
vertex 7.5 -32.20000076293945 1.5
vertex 46.0 -32.20000076293945 1.5
endloop
endfacet
facet normal 0.0 1.0 0.0
outer loop
vertex 7.5 -31.200000762939453 1.7000000476837158
vertex 30.0 -31.200000762939453 1.399999976158142
vertex 20.0 -31.200000762939453 1.399999976158142
endloop
endfacet
facet normal 0.0 -0.0 0.9999999999999999
outer loop
vertex 7.5 -32.599998474121094 1.5
vertex 46.0 -32.20000076293945 1.5
vertex 7.5 -32.20000076293945 1.5
endloop
endfacet
facet normal 0.0 -1.0 0.0
outer loop
vertex 7.5 -32.0 1.399999976158142
vertex 10.0 -32.0 1.399999976158142
vertex 49.20000076293945 -32.0 1.7000000476837158
endloop
endfacet
facet normal 0.0 -1.0 0.0
outer loop
vertex 7.5 -32.0 1.399999976158142
vertex 49.20000076293945 -32.0 1.7000000476837158
vertex 7.5 -32.0 1.7000000476837158
endloop
endfacet
facet normal 0.0 -0.0 1.0
outer loop
vertex 7.5 -32.0 1.7000000476837158
vertex 49.20000076293945 -31.200000762939453 1.7000000476837158
vertex 7.5 -31.200000762939453 1.7000000476837158
endloop
endfacet
facet normal 0.0 0.0 -1.0
outer loop
vertex 20.0 -32.0 1.399999976158142
vertex 20.0 -31.200000762939453 1.399999976158142
vertex 30.0 -32.0 1.399999976158142
endloop
endfacet
facet normal 0.0 0.0 -1.0
outer loop
vertex 0.0 -32.0 1.399999976158142
vertex 0.0 32.0 1.399999976158142
vertex 0.5 -31.200000762939453 1.399999976158142
endloop
endfacet
facet normal 1.0 0.0 -0.0
outer loop
vertex 0.5 -31.200000762939453 1.399999976158142
vertex 0.5 31.200000762939453 1.7000000476837158
vertex 0.5 -31.200000762939453 1.7000000476837158
endloop
endfacet
facet normal 0.0 0.0 -1.0
outer loop
vertex 1.6999619007110596 -8.710369110107422 1.399999976158142
vertex 1.6999619007110596 -7.71036958694458 1.399999976158142
vertex 2.1999619007110596 -8.210369110107422 1.399999976158142
endloop
endfacet
facet normal 0.0 0.0 -1.0
outer loop
vertex 1.6999619007110596 -8.710369110107422 1.399999976158142
vertex 2.1999619007110596 -8.210369110107422 1.399999976158142
vertex 2.6999619007110596 -8.710369110107422 1.399999976158142
endloop
endfacet
facet normal -1.0 0.0 0.0
outer loop
vertex 1.6999619007110596 -8.710369110107422 1.399999976158142
vertex 1.6999619007110596 -8.710369110107422 1.7000000476837158
vertex 1.6999619007110596 -7.71036958694458 1.399999976158142
endloop
endfacet
facet normal 0.0 0.0 -1.0
outer loop
vertex 2.1999619007110596 -8.210369110107422 1.399999976158142
vertex 2.6999619007110596 -7.71036958694458 1.399999976158142
vertex 2.6999619007110596 -8.710369110107422 1.399999976158142
endloop
endfacet
facet normal 0.0 -1.0 0.0
outer loop
vertex 1.6999619007110596 -8.710369110107422 1.399999976158142
vertex 2.6999619007110596 -8.710369110107422 1.399999976158142
vertex 2.6999619007110596 -8.710369110107422 1.7000000476837158
endloop
endfacet
facet normal 0.0 -0.0 1.0
outer loop
vertex 1.6999619007110596 -8.710369110107422 1.7000000476837158
vertex 2.1999619007110596 -8.210369110107422 1.7000000476837158
vertex 1.6999619007110596 -7.71036958694458 1.7000000476837158
endloop
endfacet
facet normal 0.0 -1.0 0.0
outer loop
vertex 1.6999619007110596 -8.710369110107422 1.399999976158142
vertex 2.6999619007110596 -8.710369110107422 1.7000000476837158
vertex 1.6999619007110596 -8.710369110107422 1.7000000476837158
endloop
endfacet
facet normal 0.0 -0.0 1.0
outer loop
vertex 1.6999619007110596 -8.710369110107422 1.7000000476837158
vertex 2.6999619007110596 -8.710369110107422 1.7000000476837158
vertex 2.1999619007110596 -8.210369110107422 1.7000000476837158
endloop
endfacet
facet normal -0.0 0.0 1.0
outer loop
vertex 2.1999619007110596 -8.210369110107422 1.7000000476837158
vertex 2.6999619007110596 -8.710369110107422 1.7000000476837158
vertex 2.6999619007110596 -7.71036958694458 1.7000000476837158
endloop
endfacet
facet normal 1.0 0.0 -0.0
outer loop
vertex 2.6999619007110596 -8.710369110107422 1.399999976158142
vertex 2.6999619007110596 -7.71036958694458 1.7000000476837158
vertex 2.6999619007110596 -8.710369110107422 1.7000000476837158
endloop
endfacet
facet normal 0.0 0.0 -1.0
outer loop
vertex 2.1999619007110596 -8.210369110107422 1.399999976158142
vertex 1.6999619007110596 -7.71036958694458 1.399999976158142
vertex 2.6999619007110596 -7.71036958694458 1.399999976158142
endloop
endfacet
facet normal -0.0 1.0 0.0
outer loop
vertex 1.6999619007110596 -7.71036958694458 1.399999976158142
vertex 1.6999619007110596 -7.71036958694458 1.7000000476837158
vertex 2.6999619007110596 -7.71036958694458 1.399999976158142
endloop
endfacet
facet normal 1.0 0.0 0.0
outer loop
vertex 2.6999619007110596 -8.710369110107422 1.399999976158142
vertex 2.6999619007110596 -7.71036958694458 1.399999976158142
vertex 2.6999619007110596 -7.71036958694458 1.7000000476837158
endloop
endfacet
facet normal -1.0 0.0 0.0
outer loop
vertex 1.6999619007110596 -8.710369110107422 1.7000000476837158
vertex 1.6999619007110596 -7.71036958694458 1.7000000476837158
vertex 1.6999619007110596 -7.71036958694458 1.399999976158142
endloop
endfacet
facet normal 0.0 -0.0 1.0
outer loop
vertex 2.1999619007110596 -8.210369110107422 1.7000000476837158
vertex 2.6999619007110596 -7.71036958694458 1.7000000476837158
vertex 1.6999619007110596 -7.71036958694458 1.7000000476837158
endloop
endfacet
facet normal 0.0 1.0 -0.0
outer loop
vertex 2.6999619007110596 -7.71036958694458 1.399999976158142
vertex 1.6999619007110596 -7.71036958694458 1.7000000476837158
vertex 2.6999619007110596 -7.71036958694458 1.7000000476837158
endloop
endfacet
facet normal -1.0 0.0 0.0
outer loop
vertex 3.75 -7.861216068267822 1.399999976158142
vertex 3.75 -7.861216068267822 1.7000000476837158
vertex 3.75 -6.861216068267822 1.399999976158142
endloop
endfacet
facet normal 0.0 0.0 -1.0
outer loop
vertex 3.75 -7.861216068267822 1.399999976158142
vertex 4.25 -7.361216068267822 1.399999976158142
vertex 4.75 -7.861216068267822 1.399999976158142
endloop
endfacet
facet normal 0.0 -1.0 0.0
outer loop
vertex 3.75 -7.861216068267822 1.399999976158142
vertex 4.75 -7.861216068267822 1.399999976158142
vertex 4.75 -7.861216068267822 1.7000000476837158
endloop
endfacet
facet normal 0.0 0.0 -1.0
outer loop
vertex 3.75 -7.861216068267822 1.399999976158142
vertex 3.75 -6.861216068267822 1.399999976158142
vertex 4.25 -7.361216068267822 1.399999976158142
endloop
endfacet
facet normal 0.0 0.0 -1.0
outer loop
vertex 4.25 -7.361216068267822 1.399999976158142
vertex 3.75 -6.861216068267822 1.399999976158142
vertex 4.75 -6.861216068267822 1.399999976158142
endloop
endfacet
facet normal -1.0 0.0 0.0
outer loop
vertex 3.75 -7.861216068267822 1.7000000476837158
vertex 3.75 -6.861216068267822 1.7000000476837158
vertex 3.75 -6.861216068267822 1.399999976158142
endloop
endfacet
facet normal 0.0 -1.0 0.0
outer loop
vertex 3.75 -7.861216068267822 1.399999976158142
vertex 4.75 -7.861216068267822 1.7000000476837158
vertex 3.75 -7.861216068267822 1.7000000476837158
endloop
endfacet
facet normal 0.0 -0.0 1.0
outer loop
vertex 3.75 -7.861216068267822 1.7000000476837158
vertex 4.75 -7.861216068267822 1.7000000476837158
vertex 4.25 -7.361216068267822 1.7000000476837158
endloop
endfacet
facet normal 0.0 -0.0 1.0
outer loop
vertex 3.75 -7.861216068267822 1.7000000476837158
vertex 4.25 -7.361216068267822 1.7000000476837158
vertex 3.75 -6.861216068267822 1.7000000476837158
endloop
endfacet
facet normal 0.0 -0.0 1.0
outer loop
vertex 4.25 -7.361216068267822 1.7000000476837158
vertex 4.75 -6.861216068267822 1.7000000476837158
vertex 3.75 -6.861216068267822 1.7000000476837158
endloop
endfacet
facet normal 0.0 0.0 -1.0
outer loop
vertex 4.25 -7.361216068267822 1.399999976158142
vertex 4.75 -6.861216068267822 1.399999976158142
vertex 4.75 -7.861216068267822 1.399999976158142
endloop
endfacet
facet normal 1.0 0.0 0.0
outer loop
vertex 4.75 -7.861216068267822 1.399999976158142
vertex 4.75 -6.861216068267822 1.399999976158142
vertex 4.75 -6.861216068267822 1.7000000476837158
endloop
endfacet
facet normal 1.0 0.0 -0.0
outer loop
vertex 4.75 -7.861216068267822 1.399999976158142
vertex 4.75 -6.861216068267822 1.7000000476837158
vertex 4.75 -7.861216068267822 1.7000000476837158
endloop
endfacet
facet normal -0.0 0.0 1.0
outer loop
vertex 4.25 -7.361216068267822 1.7000000476837158
vertex 4.75 -7.861216068267822 1.7000000476837158
vertex 4.75 -6.861216068267822 1.7000000476837158
endloop
endfacet
facet normal -0.0 1.0 0.0
outer loop
vertex 3.75 -6.861216068267822 1.399999976158142
vertex 3.75 -6.861216068267822 1.7000000476837158
vertex 4.75 -6.861216068267822 1.399999976158142
endloop
endfacet
facet normal -0.0 1.0 0.0
outer loop
vertex 3.75 -6.861216068267822 1.7000000476837158
vertex 4.75 -6.861216068267822 1.7000000476837158
vertex 4.75 -6.861216068267822 1.399999976158142
endloop
endfacet
facet normal 0.0 0.0 -1.0
outer loop
vertex 5.510407447814941 -6.510407447814941 1.399999976158142
vertex 5.510407447814941 -5.510407447814941 1.399999976158142
vertex 6.010407447814941 -6.010407447814941 1.399999976158142
endloop
endfacet
facet normal 0.0 0.0 -1.0
outer loop
vertex 5.510407447814941 -6.510407447814941 1.399999976158142
vertex 6.010407447814941 -6.010407447814941 1.399999976158142
vertex 6.510407447814941 -6.510407447814941 1.399999976158142
endloop
endfacet
facet normal -1.0 0.0 0.0
outer loop
vertex 5.510407447814941 -6.510407447814941 1.399999976158142
vertex 5.510407447814941 -6.510407447814941 1.7000000476837158
vertex 5.510407447814941 -5.510407447814941 1.399999976158142
endloop
endfacet
facet normal 0.0 -1.0 0.0
outer loop
vertex 5.510407447814941 -6.510407447814941 1.399999976158142
vertex 6.510407447814941 -6.510407447814941 1.7000000476837158
vertex 5.510407447814941 -6.510407447814941 1.7000000476837158
endloop
endfacet
facet normal -1.0 0.0 0.0
outer loop
vertex 5.510407447814941 -6.510407447814941 1.7000000476837158
vertex 5.510407447814941 -5.510407447814941 1.7000000476837158
vertex 5.510407447814941 -5.510407447814941 1.399999976158142
endloop
endfacet
facet normal 0.0 -0.0 1.0
outer loop
vertex 5.510407447814941 -6.510407447814941 1.7000000476837158
vertex 6.010407447814941 -6.010407447814941 1.7000000476837158
vertex 5.510407447814941 -5.510407447814941 1.7000000476837158
endloop
endfacet
facet normal 0.0 -0.0 1.0
outer loop
vertex 5.510407447814941 -6.510407447814941 1.7000000476837158
vertex 6.510407447814941 -6.510407447814941 1.7000000476837158
vertex 6.010407447814941 -6.010407447814941 1.7000000476837158
endloop
endfacet
facet normal 0.0 0.0 -1.0
outer loop
vertex 6.010407447814941 -6.010407447814941 1.399999976158142
vertex 5.510407447814941 -5.510407447814941 1.399999976158142
vertex 6.510407447814941 -5.510407447814941 1.399999976158142
endloop
endfacet
facet normal -0.0 1.0 0.0
outer loop
vertex 5.510407447814941 -5.510407447814941 1.399999976158142
vertex 5.510407447814941 -5.510407447814941 1.7000000476837158
vertex 6.510407447814941 -5.510407447814941 1.399999976158142
endloop
endfacet
facet normal 0.0 -0.0 1.0
outer loop
vertex 6.010407447814941 -6.010407447814941 1.7000000476837158
vertex 6.510407447814941 -5.510407447814941 1.7000000476837158
vertex 5.510407447814941 -5.510407447814941 1.7000000476837158
endloop
endfacet
facet normal 0.0 -1.0 0.0
outer loop
vertex 5.510407447814941 -6.510407447814941 1.399999976158142
vertex 6.510407447814941 -6.510407447814941 1.399999976158142
vertex 6.510407447814941 -6.510407447814941 1.7000000476837158
endloop
endfacet
facet normal 0.0 0.0 -1.0
outer loop
vertex 6.010407447814941 -6.010407447814941 1.399999976158142
vertex 6.510407447814941 -5.510407447814941 1.399999976158142
vertex 6.510407447814941 -6.510407447814941 1.399999976158142
endloop
endfacet
facet normal 1.0 0.0 0.0
outer loop
vertex 6.510407447814941 -6.510407447814941 1.399999976158142
vertex 6.510407447814941 -5.510407447814941 1.399999976158142
vertex 6.510407447814941 -5.510407447814941 1.7000000476837158
endloop
endfacet
facet normal -0.0 0.0 1.0
outer loop
vertex 6.010407447814941 -6.010407447814941 1.7000000476837158
vertex 6.510407447814941 -6.510407447814941 1.7000000476837158
vertex 6.510407447814941 -5.510407447814941 1.7000000476837158
endloop
endfacet
facet normal 1.0 0.0 -0.0
outer loop
vertex 6.510407447814941 -6.510407447814941 1.399999976158142
vertex 6.510407447814941 -5.510407447814941 1.7000000476837158
vertex 6.510407447814941 -6.510407447814941 1.7000000476837158
endloop
endfacet
facet normal 0.0 -1.0 0.0
outer loop
vertex 6.861216068267822 -4.75 1.399999976158142
vertex 7.861216068267822 -4.75 1.399999976158142
vertex 7.861216068267822 -4.75 1.7000000476837158
endloop
endfacet
facet normal -0.0 1.0 0.0
outer loop
vertex 5.510407447814941 -5.510407447814941 1.7000000476837158
vertex 6.510407447814941 -5.510407447814941 1.7000000476837158
vertex 6.510407447814941 -5.510407447814941 1.399999976158142
endloop
endfacet
facet normal 0.0 -1.0 0.0
outer loop
vertex 6.861216068267822 -4.75 1.399999976158142
vertex 7.861216068267822 -4.75 1.7000000476837158
vertex 6.861216068267822 -4.75 1.7000000476837158
endloop
endfacet
facet normal 0.0 0.0 -1.0
outer loop
vertex 6.861216068267822 -4.75 1.399999976158142
vertex 6.861216068267822 -3.75 1.399999976158142
vertex 7.361216068267822 -4.25 1.399999976158142
endloop
endfacet
facet normal 0.0 0.0 -1.0
outer loop
vertex 6.861216068267822 -4.75 1.399999976158142
vertex 7.361216068267822 -4.25 1.399999976158142
vertex 7.861216068267822 -4.75 1.399999976158142
endloop
endfacet
facet normal -1.0 0.0 0.0
outer loop
vertex 6.861216068267822 -4.75 1.399999976158142
vertex 6.861216068267822 -4.75 1.7000000476837158
vertex 6.861216068267822 -3.75 1.399999976158142
endloop
endfacet
facet normal 0.0 0.0 -1.0
outer loop
vertex 7.361216068267822 -4.25 1.399999976158142
vertex 6.861216068267822 -3.75 1.399999976158142
vertex 7.861216068267822 -3.75 1.399999976158142
endloop
endfacet
facet normal -0.0 1.0 0.0
outer loop
vertex 6.861216068267822 -3.75 1.399999976158142
vertex 6.861216068267822 -3.75 1.7000000476837158
vertex 7.861216068267822 -3.75 1.399999976158142
endloop
endfacet
facet normal -1.0 0.0 0.0
outer loop
vertex 6.861216068267822 -4.75 1.7000000476837158
vertex 6.861216068267822 -3.75 1.7000000476837158
vertex 6.861216068267822 -3.75 1.399999976158142
endloop
endfacet
facet normal 0.0 -0.0 1.0
outer loop
vertex 6.861216068267822 -4.75 1.7000000476837158
vertex 7.361216068267822 -4.25 1.7000000476837158
vertex 6.861216068267822 -3.75 1.7000000476837158
endloop
endfacet
facet normal 0.0 -0.0 1.0
outer loop
vertex 6.861216068267822 -4.75 1.7000000476837158
vertex 7.861216068267822 -4.75 1.7000000476837158
vertex 7.361216068267822 -4.25 1.7000000476837158
endloop
endfacet
facet normal 0.0 -0.0 1.0
outer loop
vertex 7.361216068267822 -4.25 1.7000000476837158
vertex 7.861216068267822 -3.75 1.7000000476837158
vertex 6.861216068267822 -3.75 1.7000000476837158
endloop
endfacet
facet normal -0.0 1.0 0.0
outer loop
vertex 6.861216068267822 -3.75 1.7000000476837158
vertex 7.861216068267822 -3.75 1.7000000476837158
vertex 7.861216068267822 -3.75 1.399999976158142
endloop
endfacet
facet normal 0.0 0.0 -1.0
outer loop
vertex 7.861216068267822 -4.75 1.399999976158142
vertex 7.361216068267822 -4.25 1.399999976158142
vertex 7.861216068267822 -3.75 1.399999976158142
endloop
endfacet
facet normal 1.0 0.0 0.0
outer loop
vertex 7.861216068267822 -4.75 1.399999976158142
vertex 7.861216068267822 -3.75 1.399999976158142
vertex 7.861216068267822 -3.75 1.7000000476837158
endloop
endfacet
facet normal 1.0 0.0 -0.0
outer loop
vertex 7.861216068267822 -4.75 1.399999976158142
vertex 7.861216068267822 -3.75 1.7000000476837158
vertex 7.861216068267822 -4.75 1.7000000476837158
endloop
endfacet
facet normal 0.0 -0.0 1.0
outer loop
vertex 7.861216068267822 -4.75 1.7000000476837158
vertex 7.861216068267822 -3.75 1.7000000476837158
vertex 7.361216068267822 -4.25 1.7000000476837158
endloop
endfacet
facet normal 0.0 0.0 -1.0
outer loop
vertex 7.71036958694458 -2.6999619007110596 1.399999976158142
vertex 8.210369110107422 -2.1999619007110596 1.399999976158142
vertex 8.710369110107422 -2.6999619007110596 1.399999976158142
endloop
endfacet
facet normal -1.0 0.0 0.0
outer loop
vertex 7.71036958694458 -2.6999619007110596 1.399999976158142
vertex 7.71036958694458 -2.6999619007110596 1.7000000476837158
vertex 7.71036958694458 -1.6999619007110596 1.399999976158142
endloop
endfacet
facet normal 0.0 -1.0 0.0
outer loop
vertex 7.71036958694458 -2.6999619007110596 1.399999976158142
vertex 8.710369110107422 -2.6999619007110596 1.399999976158142
vertex 8.710369110107422 -2.6999619007110596 1.7000000476837158
endloop
endfacet
facet normal 0.0 -1.0 0.0
outer loop
vertex 7.71036958694458 -2.6999619007110596 1.399999976158142
vertex 8.710369110107422 -2.6999619007110596 1.7000000476837158
vertex 7.71036958694458 -2.6999619007110596 1.7000000476837158
endloop
endfacet
facet normal 0.0 -0.0 1.0
outer loop
vertex 7.71036958694458 -2.6999619007110596 1.7000000476837158
vertex 8.710369110107422 -2.6999619007110596 1.7000000476837158
vertex 8.210369110107422 -2.1999619007110596 1.7000000476837158
endloop
endfacet
facet normal 1.0 0.0 -0.0
outer loop
vertex 8.710369110107422 -2.6999619007110596 1.399999976158142
vertex 8.710369110107422 -1.6999619007110596 1.7000000476837158
vertex 8.710369110107422 -2.6999619007110596 1.7000000476837158
endloop
endfacet
facet normal 0.0 0.0 -1.0
outer loop
vertex 7.71036958694458 -2.6999619007110596 1.399999976158142
vertex 7.71036958694458 -1.6999619007110596 1.399999976158142
vertex 8.210369110107422 -2.1999619007110596 1.399999976158142
endloop
endfacet
facet normal 0.0 0.0 -1.0
outer loop
vertex 8.210369110107422 -2.1999619007110596 1.399999976158142
vertex 7.71036958694458 -1.6999619007110596 1.399999976158142
vertex 8.710369110107422 -1.6999619007110596 1.399999976158142
endloop
endfacet
facet normal -0.0 1.0 0.0
outer loop
vertex 7.71036958694458 -1.6999619007110596 1.399999976158142
vertex 7.71036958694458 -1.6999619007110596 1.7000000476837158
vertex 8.710369110107422 -1.6999619007110596 1.399999976158142
endloop
endfacet
facet normal 0.0 0.0 -1.0
outer loop
vertex 8.710369110107422 -2.6999619007110596 1.399999976158142
vertex 8.210369110107422 -2.1999619007110596 1.399999976158142
vertex 8.710369110107422 -1.6999619007110596 1.399999976158142
endloop
endfacet
facet normal 1.0 0.0 0.0
outer loop
vertex 8.710369110107422 -2.6999619007110596 1.399999976158142
vertex 8.710369110107422 -1.6999619007110596 1.399999976158142
vertex 8.710369110107422 -1.6999619007110596 1.7000000476837158
endloop
endfacet
facet normal 0.0 -0.0 1.0
outer loop
vertex 7.71036958694458 -2.6999619007110596 1.7000000476837158
vertex 8.210369110107422 -2.1999619007110596 1.7000000476837158
vertex 7.71036958694458 -1.6999619007110596 1.7000000476837158
endloop
endfacet
facet normal -1.0 0.0 0.0
outer loop
vertex 7.71036958694458 -2.6999619007110596 1.7000000476837158
vertex 7.71036958694458 -1.6999619007110596 1.7000000476837158
vertex 7.71036958694458 -1.6999619007110596 1.399999976158142
endloop
endfacet
facet normal 0.0 -0.0 1.0
outer loop
vertex 8.210369110107422 -2.1999619007110596 1.7000000476837158
vertex 8.710369110107422 -1.6999619007110596 1.7000000476837158
vertex 7.71036958694458 -1.6999619007110596 1.7000000476837158
endloop
endfacet
facet normal 0.0 -0.0 1.0
outer loop
vertex 8.710369110107422 -2.6999619007110596 1.7000000476837158
vertex 8.710369110107422 -1.6999619007110596 1.7000000476837158
vertex 8.210369110107422 -2.1999619007110596 1.7000000476837158
endloop
endfacet
facet normal 0.0 1.0 -0.0
outer loop
vertex 8.710369110107422 -1.6999619007110596 1.399999976158142
vertex 7.71036958694458 -1.6999619007110596 1.7000000476837158
vertex 8.710369110107422 -1.6999619007110596 1.7000000476837158
endloop
endfacet
facet normal -1.0 0.0 0.0
outer loop
vertex 8.0 -0.5 1.399999976158142
vertex 8.0 -0.5 1.7000000476837158
vertex 8.0 0.5 1.399999976158142
endloop
endfacet
facet normal 0.0 0.0 -1.0
outer loop
vertex 8.0 -0.5 1.399999976158142
vertex 8.5 0.0 1.399999976158142
vertex 9.0 -0.5 1.399999976158142
endloop
endfacet
facet normal 0.0 -1.0 0.0
outer loop
vertex 8.0 -0.5 1.399999976158142
vertex 9.0 -0.5 1.399999976158142
vertex 9.0 -0.5 1.7000000476837158
endloop
endfacet
facet normal 0.0 -1.0 0.0
outer loop
vertex 8.0 -0.5 1.399999976158142
vertex 9.0 -0.5 1.7000000476837158
vertex 8.0 -0.5 1.7000000476837158
endloop
endfacet
facet normal 0.0 -0.0 1.0
outer loop
vertex 8.0 -0.5 1.7000000476837158
vertex 9.0 -0.5 1.7000000476837158
vertex 8.5 0.0 1.7000000476837158
endloop
endfacet
facet normal 1.0 0.0 -0.0
outer loop
vertex 9.0 -0.5 1.399999976158142
vertex 9.0 0.5 1.7000000476837158
vertex 9.0 -0.5 1.7000000476837158
endloop
endfacet
facet normal 0.0 -1.0 0.0
outer loop
vertex 10.0 -32.0 1.399999976158142
vertex 20.0 -32.0 1.399999976158142
vertex 49.20000076293945 -32.0 1.7000000476837158
endloop
endfacet
facet normal 0.0 0.0 -1.0
outer loop
vertex 20.0 -31.200000762939453 1.399999976158142
vertex 30.0 -31.200000762939453 1.399999976158142
vertex 30.0 -32.0 1.399999976158142
endloop
endfacet
facet normal 0.0 1.0 0.0
outer loop
vertex 7.5 -31.200000762939453 1.7000000476837158
vertex 40.0 -31.200000762939453 1.399999976158142
vertex 30.0 -31.200000762939453 1.399999976158142
endloop
endfacet
facet normal 0.0 -1.0 0.0
outer loop
vertex 7.5 -32.599998474121094 0.0
vertex 46.0 -32.599998474121094 0.0
vertex 46.0 -32.599998474121094 1.5
endloop
endfacet
facet normal 0.0 0.0 -0.9999999999999999
outer loop
vertex 7.5 -32.367393493652344 0.0
vertex 46.0 -32.20000076293945 0.0
vertex 46.0 -32.599998474121094 0.0
endloop
endfacet
facet normal -0.0 1.0 0.0
outer loop
vertex 7.5 -32.20000076293945 0.0
vertex 46.0 -32.20000076293945 1.5
vertex 46.0 -32.20000076293945 0.0
endloop
endfacet
facet normal 0.0 0.0 0.9999999999999999
outer loop
vertex 7.5 -32.599998474121094 1.5
vertex 46.0 -32.599998474121094 1.5
vertex 46.0 -32.20000076293945 1.5
endloop
endfacet
facet normal 0.0 -1.0 0.0
outer loop
vertex 20.0 -32.0 1.399999976158142
vertex 30.0 -32.0 1.399999976158142
vertex 49.20000076293945 -32.0 1.7000000476837158
endloop
endfacet
facet normal 0.0 1.0 0.0
outer loop
vertex 7.5 -31.200000762939453 1.7000000476837158
vertex 49.20000076293945 -31.200000762939453 1.399999976158142
vertex 40.0 -31.200000762939453 1.399999976158142
endloop
endfacet
facet normal 0.0 0.0 1.0
outer loop
vertex 7.5 -32.0 1.7000000476837158
vertex 49.20000076293945 -32.0 1.7000000476837158
vertex 49.20000076293945 -31.200000762939453 1.7000000476837158
endloop
endfacet
facet normal -0.0 1.0 0.0
outer loop
vertex 7.5 -31.200000762939453 1.7000000476837158
vertex 49.20000076293945 -31.200000762939453 1.7000000476837158
vertex 49.20000076293945 -31.200000762939453 1.399999976158142
endloop
endfacet
facet normal 0.0 -0.9999999999999999 0.0
outer loop
vertex 34.29999923706055 -19.399999618530273 1.399999976158142
vertex 35.099998474121094 -19.399999618530273 1.399999976158142
vertex 35.099998474121094 -19.399999618530273 1.7000000476837158
endloop
endfacet
facet normal 0.0 -0.9999999999999999 0.0
outer loop
vertex 34.29999923706055 -19.399999618530273 1.399999976158142
vertex 35.099998474121094 -19.399999618530273 1.7000000476837158
vertex 34.29999923706055 -19.399999618530273 1.7000000476837158
endloop
endfacet
facet normal -1.0 0.0 0.0
outer loop
vertex 35.099998474121094 -20.0 1.399999976158142
vertex 35.099998474121094 -20.0 1.7000000476837158
vertex 35.099998474121094 -19.399999618530273 1.399999976158142
endloop
endfacet
facet normal -1.0 0.0 0.0
outer loop
vertex 35.099998474121094 -20.0 1.7000000476837158
vertex 35.099998474121094 -19.399999618530273 1.7000000476837158
vertex 35.099998474121094 -19.399999618530273 1.399999976158142
endloop
endfacet
facet normal 0.0 -1.0 0.0
outer loop
vertex 30.0 -32.0 1.399999976158142
vertex 40.0 -32.0 1.399999976158142
vertex 49.20000076293945 -32.0 1.7000000476837158
endloop
endfacet
facet normal 1.0 0.0 0.0
outer loop
vertex 46.0 -32.599998474121094 0.0
vertex 46.0 -32.20000076293945 0.0
vertex 46.0 -32.20000076293945 1.5
endloop
endfacet
facet normal 1.0 0.0 -0.0
outer loop
vertex 46.0 -32.599998474121094 0.0
vertex 46.0 -32.20000076293945 1.5
vertex 46.0 -32.599998474121094 1.5
endloop
endfacet
facet normal 0.0 0.0 -1.0
outer loop
vertex 40.0 -32.0 1.399999976158142
vertex 40.0 -31.200000762939453 1.399999976158142
vertex 49.20000076293945 -32.0 1.399999976158142
endloop
endfacet
facet normal 0.0 0.0 -1.0
outer loop
vertex 40.0 -31.200000762939453 1.399999976158142
vertex 49.20000076293945 -31.200000762939453 1.399999976158142
vertex 49.20000076293945 -32.0 1.399999976158142
endloop
endfacet
facet normal 0.0 -1.0 0.0
outer loop
vertex 40.0 -32.0 1.399999976158142
vertex 49.20000076293945 -32.0 1.399999976158142
vertex 49.20000076293945 -32.0 1.7000000476837158
endloop
endfacet
facet normal -0.0 1.0 0.0
outer loop
vertex 35.099998474121094 -19.200000762939453 1.399999976158142
vertex 35.099998474121094 -19.200000762939453 1.7000000476837158
vertex 40.0 -19.200000762939453 1.399999976158142
endloop
endfacet
facet normal 0.0 -0.0 1.0
outer loop
vertex 35.099998474121094 -20.0 1.7000000476837158
vertex 42.25 -19.600000381469727 1.7000000476837158
vertex 35.099998474121094 -19.399999618530273 1.7000000476837158
endloop
endfacet
facet normal -0.0 -0.0 1.0
outer loop
vertex 35.099998474121094 -19.399999618530273 1.7000000476837158
vertex 42.25 -19.600000381469727 1.7000000476837158
vertex 35.099998474121094 -19.200000762939453 1.7000000476837158
endloop
endfacet
facet normal 0.0 -1.0 0.0
outer loop
vertex 35.099998474121094 -20.0 1.399999976158142
vertex 49.20000076293945 -20.0 1.7000000476837158
vertex 35.099998474121094 -20.0 1.7000000476837158
endloop
endfacet
facet normal 0.0 0.0 -0.9999999999999999
outer loop
vertex 40.0 -20.0 1.399999976158142
vertex 40.0 -19.200000762939453 1.399999976158142
vertex 42.25 -19.600000381469727 1.399999976158142
endloop
endfacet
facet normal 0.0 -1.0 0.0
outer loop
vertex 35.099998474121094 -20.0 1.399999976158142
vertex 40.0 -20.0 1.399999976158142
vertex 49.20000076293945 -20.0 1.7000000476837158
endloop
endfacet
facet normal 0.0 -0.0 1.0
outer loop
vertex 35.099998474121094 -20.0 1.7000000476837158
vertex 49.20000076293945 -20.0 1.7000000476837158
vertex 42.25 -19.600000381469727 1.7000000476837158
endloop
endfacet
facet normal 0.0 1.0 0.0
outer loop
vertex 35.099998474121094 -19.200000762939453 1.7000000476837158
vertex 49.20000076293945 -19.200000762939453 1.399999976158142
vertex 40.0 -19.200000762939453 1.399999976158142
endloop
endfacet
facet normal -0.0 0.0 1.0
outer loop
vertex 35.099998474121094 -19.200000762939453 1.7000000476837158
vertex 42.25 -19.600000381469727 1.7000000476837158
vertex 49.20000076293945 -19.200000762939453 1.7000000476837158
endloop
endfacet
facet normal 0.0 0.0 -1.0
outer loop
vertex 40.0 -20.0 1.399999976158142
vertex 42.25 -19.600000381469727 1.399999976158142
vertex 49.20000076293945 -20.0 1.399999976158142
endloop
endfacet
facet normal 0.0 -0.0 -1.0
outer loop
vertex 40.0 -19.200000762939453 1.399999976158142
vertex 49.20000076293945 -19.200000762939453 1.399999976158142
vertex 42.25 -19.600000381469727 1.399999976158142
endloop
endfacet
facet normal -0.0 1.0 0.0
outer loop
vertex 35.099998474121094 -19.200000762939453 1.7000000476837158
vertex 49.20000076293945 -19.200000762939453 1.7000000476837158
vertex 49.20000076293945 -19.200000762939453 1.399999976158142
endloop
endfacet
facet normal 0.0 -1.0 0.0
outer loop
vertex 40.0 -20.0 1.399999976158142
vertex 49.20000076293945 -20.0 1.399999976158142
vertex 49.20000076293945 -20.0 1.7000000476837158
endloop
endfacet
facet normal -0.0 0.0 1.0
outer loop
vertex 42.25 -19.600000381469727 1.7000000476837158
vertex 49.20000076293945 -20.0 1.7000000476837158
vertex 49.343589782714844 -20.0 1.7000000476837158
endloop
endfacet
facet normal 0.0 0.0 -0.9999999999999999
outer loop
vertex 42.25 -19.600000381469727 1.399999976158142
vertex 49.20000076293945 -19.21118927001953 1.399999976158142
vertex 49.20000076293945 -20.0 1.399999976158142
endloop
endfacet
facet normal 0.0 0.0 -0.9999999999999999
outer loop
vertex 42.25 -19.600000381469727 1.399999976158142
vertex 49.20000076293945 -19.200000762939453 1.399999976158142
vertex 49.20000076293945 -19.21118927001953 1.399999976158142
endloop
endfacet
facet normal -0.0 0.0 1.0
outer loop
vertex 42.25 -19.600000381469727 1.7000000476837158
vertex 49.343589782714844 -20.0 1.7000000476837158
vertex 49.35384750366211 -19.200000762939453 1.7000000476837158
endloop
endfacet
facet normal 0.0 -0.0 1.0
outer loop
vertex 42.25 -19.600000381469727 1.7000000476837158
vertex 49.35384750366211 -19.200000762939453 1.7000000476837158
vertex 49.20000076293945 -19.200000762939453 1.7000000476837158
endloop
endfacet
facet normal 0.0 -0.0 1.0
outer loop
vertex 34.29999923706055 -19.399999618530273 1.7000000476837158
vertex 35.099998474121094 -19.399999618530273 1.7000000476837158
vertex 34.70000076293945 0.0 1.7000000476837158
endloop
endfacet
facet normal 0.0 -0.0 1.0
outer loop
vertex 35.099998474121094 -19.399999618530273 1.7000000476837158
vertex 35.099998474121094 -19.200000762939453 1.7000000476837158
vertex 34.70000076293945 0.0 1.7000000476837158
endloop
endfacet
facet normal -1.0 0.0 0.0
outer loop
vertex 34.29999923706055 -19.399999618530273 1.399999976158142
vertex 34.29999923706055 -19.399999618530273 1.7000000476837158
vertex 34.29999923706055 19.399999618530273 1.399999976158142
endloop
endfacet
facet normal 1.0 0.0 -0.0
outer loop
vertex 35.099998474121094 -19.200000762939453 1.399999976158142
vertex 35.099998474121094 19.200000762939453 1.399999976158142
vertex 35.099998474121094 -19.200000762939453 1.7000000476837158
endloop
endfacet
facet normal 0.0 -0.9999999999999999 0.0
outer loop
vertex 44.79999923706055 -11.699999809265137 1.399999976158142
vertex 45.599998474121094 -11.699999809265137 1.399999976158142
vertex 45.599998474121094 -11.699999809265137 1.7000000476837158
endloop
endfacet
facet normal 0.0 -0.9999999999999999 0.0
outer loop
vertex 44.79999923706055 -11.699999809265137 1.399999976158142
vertex 45.599998474121094 -11.699999809265137 1.7000000476837158
vertex 44.79999923706055 -11.699999809265137 1.7000000476837158
endloop
endfacet
facet normal -1.0 0.0 0.0
outer loop
vertex 45.599998474121094 -12.300000190734863 1.399999976158142
vertex 45.599998474121094 -12.300000190734863 1.7000000476837158
vertex 45.599998474121094 -11.699999809265137 1.399999976158142
endloop
endfacet
facet normal 0.0 0.0 -1.0
outer loop
vertex 45.599998474121094 -12.300000190734863 1.399999976158142
vertex 45.599998474121094 -11.699999809265137 1.399999976158142
vertex 47.5 -11.899999618530273 1.399999976158142
endloop
endfacet
facet normal 0.0 0.0 -0.9999999999999999
outer loop
vertex 45.599998474121094 -11.699999809265137 1.399999976158142
vertex 45.599998474121094 -11.5 1.399999976158142
vertex 47.5 -11.899999618530273 1.399999976158142
endloop
endfacet
facet normal -1.0 0.0 0.0
outer loop
vertex 45.599998474121094 -11.699999809265137 1.399999976158142
vertex 45.599998474121094 -12.300000190734863 1.7000000476837158
vertex 45.599998474121094 -11.699999809265137 1.7000000476837158
endloop
endfacet
facet normal 0.0 -1.0 0.0
outer loop
vertex 45.599998474121094 -12.300000190734863 1.399999976158142
vertex 49.20000076293945 -12.300000190734863 1.7000000476837158
vertex 45.599998474121094 -12.300000190734863 1.7000000476837158
endloop
endfacet
facet normal 0.0 -0.0 1.0
outer loop
vertex 45.599998474121094 -12.300000190734863 1.7000000476837158
vertex 47.5 -11.899999618530273 1.7000000476837158
vertex 45.599998474121094 -11.699999809265137 1.7000000476837158
endloop
endfacet
facet normal -0.0 -0.0 0.9999999999999999
outer loop
vertex 45.599998474121094 -11.699999809265137 1.7000000476837158
vertex 47.5 -11.899999618530273 1.7000000476837158
vertex 45.599998474121094 -11.5 1.7000000476837158
endloop
endfacet
facet normal 0.0 0.0 -1.0
outer loop
vertex 45.599998474121094 -12.300000190734863 1.399999976158142
vertex 47.5 -11.899999618530273 1.399999976158142
vertex 49.20000076293945 -12.300000190734863 1.399999976158142
endloop
endfacet
facet normal 0.0 -1.0 0.0
outer loop
vertex 45.599998474121094 -12.300000190734863 1.399999976158142
vertex 49.20000076293945 -12.300000190734863 1.399999976158142
vertex 49.20000076293945 -12.300000190734863 1.7000000476837158
endloop
endfacet
facet normal 0.0 -0.0 1.0
outer loop
vertex 45.599998474121094 -12.300000190734863 1.7000000476837158
vertex 49.20000076293945 -12.300000190734863 1.7000000476837158
vertex 47.5 -11.899999618530273 1.7000000476837158
endloop
endfacet
facet normal -0.0 1.0 0.0
outer loop
vertex 45.599998474121094 -11.5 1.399999976158142
vertex 45.599998474121094 -11.5 1.7000000476837158
vertex 49.20000076293945 -11.5 1.399999976158142
endloop
endfacet
facet normal 0.0 0.0 -1.0
outer loop
vertex 47.5 -11.899999618530273 1.399999976158142
vertex 45.599998474121094 -11.5 1.399999976158142
vertex 49.20000076293945 -11.5 1.399999976158142
endloop
endfacet
facet normal 0.0 -0.0 1.0
outer loop
vertex 47.5 -11.899999618530273 1.7000000476837158
vertex 49.20000076293945 -11.5 1.7000000476837158
vertex 45.599998474121094 -11.5 1.7000000476837158
endloop
endfacet
facet normal -0.0 1.0 0.0
outer loop
vertex 45.599998474121094 -11.5 1.7000000476837158
vertex 49.20000076293945 -11.5 1.7000000476837158
vertex 49.20000076293945 -11.5 1.399999976158142
endloop
endfacet
facet normal -1.0 0.0 0.0
outer loop
vertex 38.70000076293945 -0.5 1.399999976158142
vertex 38.70000076293945 -0.5 1.7000000476837158
vertex 38.70000076293945 0.5 1.399999976158142
endloop
endfacet
facet normal 0.0 -1.0 0.0
outer loop
vertex 38.70000076293945 -0.5 1.399999976158142
vertex 39.70000076293945 -0.5 1.399999976158142
vertex 39.70000076293945 -0.5 1.7000000476837158
endloop
endfacet
facet normal 0.0 -1.0 0.0
outer loop
vertex 38.70000076293945 -0.5 1.399999976158142
vertex 39.70000076293945 -0.5 1.7000000476837158
vertex 38.70000076293945 -0.5 1.7000000476837158
endloop
endfacet
facet normal 0.0 -0.0 1.0
outer loop
vertex 38.70000076293945 -0.5 1.7000000476837158
vertex 39.70000076293945 -0.5 1.7000000476837158
vertex 39.20000076293945 0.0 1.7000000476837158
endloop
endfacet
facet normal 1.0 0.0 -0.0
outer loop
vertex 39.70000076293945 -0.5 1.399999976158142
vertex 39.70000076293945 0.5 1.7000000476837158
vertex 39.70000076293945 -0.5 1.7000000476837158
endloop
endfacet
facet normal 0.0 0.0 -1.0
outer loop
vertex 44.79999923706055 -11.699999809265137 1.399999976158142
vertex 45.20000076293945 0.0 1.399999976158142
vertex 45.599998474121094 -11.699999809265137 1.399999976158142
endloop
endfacet
facet normal 0.0 0.0 -1.0
outer loop
vertex 45.599998474121094 -11.699999809265137 1.399999976158142
vertex 45.20000076293945 0.0 1.399999976158142
vertex 45.599998474121094 -11.5 1.399999976158142
endloop
endfacet
facet normal 0.0 -0.0 1.0
outer loop
vertex 44.79999923706055 -11.699999809265137 1.7000000476837158
vertex 45.599998474121094 -11.699999809265137 1.7000000476837158
vertex 45.20000076293945 0.0 1.7000000476837158
endloop
endfacet
facet normal 0.0 -0.0 1.0
outer loop
vertex 45.599998474121094 -11.699999809265137 1.7000000476837158
vertex 45.599998474121094 -11.5 1.7000000476837158
vertex 45.20000076293945 0.0 1.7000000476837158
endloop
endfacet
facet normal -1.0 0.0 0.0
outer loop
vertex 44.79999923706055 -11.699999809265137 1.399999976158142
vertex 44.79999923706055 -11.699999809265137 1.7000000476837158
vertex 44.79999923706055 11.699999809265137 1.399999976158142
endloop
endfacet
facet normal 1.0 0.0 -0.0
outer loop
vertex 45.599998474121094 -11.5 1.399999976158142
vertex 45.599998474121094 11.5 1.399999976158142
vertex 45.599998474121094 -11.5 1.7000000476837158
endloop
endfacet
facet normal 0.0 0.0 -1.0
outer loop
vertex 97.0 -74.0 0.0
vertex 96.4000015258789 -74.0 0.0
vertex 96.69999694824219 -73.69999694824219 0.0
endloop
endfacet
facet normal -0.0 -0.0 -1.0
outer loop
vertex 97.0 -73.4000015258789 0.0
vertex 97.0 -74.0 0.0
vertex 96.69999694824219 -73.69999694824219 0.0
endloop
endfacet
facet normal 1.0 0.0 0.0
outer loop
vertex 97.0 -74.0 0.0
vertex 97.0 -73.4000015258789 0.0
vertex 97.0 -73.4000015258789 0.6000000238418579
endloop
endfacet
facet normal 1.0 0.0 -0.0
outer loop
vertex 97.0 -74.0 0.0
vertex 97.0 -73.4000015258789 0.6000000238418579
vertex 97.0 -74.0 0.6000000238418579
endloop
endfacet
facet normal 0.0 0.0 1.0
outer loop
vertex 97.0 -74.0 0.6000000238418579
vertex 96.69999694824219 -73.69999694824219 0.6000000238418579
vertex 96.4000015258789 -74.0 0.6000000238418579
endloop
endfacet
facet normal 0.0 -0.0 1.0
outer loop
vertex 97.0 -74.0 0.6000000238418579
vertex 97.0 -73.4000015258789 0.6000000238418579
vertex 96.69999694824219 -73.69999694824219 0.6000000238418579
endloop
endfacet
facet normal 0.0 0.0 -1.0
outer loop
vertex 49.20000076293945 -32.0 1.399999976158142
vertex 49.599998474121094 -31.600000381469727 1.399999976158142
vertex 50.0 -32.0 1.399999976158142
endloop
endfacet
facet normal 0.0 0.0 -1.0
outer loop
vertex 49.20000076293945 -32.0 1.399999976158142
vertex 49.20000076293945 -31.200000762939453 1.399999976158142
vertex 49.599998474121094 -31.600000381469727 1.399999976158142
endloop
endfacet
facet normal 0.0 0.0 -1.0
outer loop
vertex 50.0 -32.0 1.399999976158142
vertex 49.599998474121094 -31.600000381469727 1.399999976158142
vertex 50.0 -31.200000762939453 1.399999976158142
endloop
endfacet
facet normal 0.0 -0.9999999999999999 0.0
outer loop
vertex 49.20000076293945 -32.0 1.399999976158142
vertex 50.0 -32.0 1.399999976158142
vertex 50.0 -32.0 1.7000000476837158
endloop
endfacet
facet normal 0.9999999999999999 0.0 0.0
outer loop
vertex 50.0 -32.0 1.399999976158142
vertex 50.0 -31.200000762939453 1.399999976158142
vertex 50.0 -31.200000762939453 1.7000000476837158
endloop
endfacet
facet normal 0.0 -0.9999999999999999 0.0
outer loop
vertex 49.20000076293945 -32.0 1.399999976158142
vertex 50.0 -32.0 1.7000000476837158
vertex 49.20000076293945 -32.0 1.7000000476837158
endloop
endfacet
facet normal 0.0 -0.0 1.0
outer loop
vertex 49.20000076293945 -32.0 1.7000000476837158
vertex 50.0 -32.0 1.7000000476837158
vertex 49.599998474121094 -31.600000381469727 1.7000000476837158
endloop
endfacet
facet normal 0.0 -0.0 1.0
outer loop
vertex 49.20000076293945 -32.0 1.7000000476837158
vertex 49.599998474121094 -31.600000381469727 1.7000000476837158
vertex 49.20000076293945 -31.200000762939453 1.7000000476837158
endloop
endfacet
facet normal 0.9999999999999999 0.0 -0.0
outer loop
vertex 50.0 -32.0 1.399999976158142
vertex 50.0 -31.200000762939453 1.7000000476837158
vertex 50.0 -32.0 1.7000000476837158
endloop
endfacet
facet normal 0.0 -0.0 1.0
outer loop
vertex 50.0 -32.0 1.7000000476837158
vertex 50.0 -31.200000762939453 1.7000000476837158
vertex 49.599998474121094 -31.600000381469727 1.7000000476837158
endloop
endfacet
facet normal 0.0 0.0 -1.0
outer loop
vertex 49.599998474121094 -31.600000381469727 1.399999976158142
vertex 49.20000076293945 -31.200000762939453 1.399999976158142
vertex 50.0 -31.200000762939453 1.399999976158142
endloop
endfacet
facet normal 0.0 -0.0 1.0
outer loop
vertex 49.599998474121094 -31.600000381469727 1.7000000476837158
vertex 50.0 -31.200000762939453 1.7000000476837158
vertex 49.20000076293945 -31.200000762939453 1.7000000476837158
endloop
endfacet
facet normal -1.0 0.0 0.0
outer loop
vertex 49.20000076293945 -31.200000762939453 1.399999976158142
vertex 49.20000076293945 -31.200000762939453 1.7000000476837158
vertex 49.20000076293945 -20.0 1.7000000476837158
endloop
endfacet
facet normal 0.0 -0.0 1.0
outer loop
vertex 49.20000076293945 -31.200000762939453 1.7000000476837158
vertex 50.0 -31.200000762939453 1.7000000476837158
vertex 49.343589782714844 -20.0 1.7000000476837158
endloop
endfacet
facet normal -1.0 0.0 0.0
outer loop
vertex 49.20000076293945 -31.200000762939453 1.399999976158142
vertex 49.20000076293945 -20.0 1.7000000476837158
vertex 49.20000076293945 -20.0 1.399999976158142
endloop
endfacet
facet normal 0.0 -0.0 1.0
outer loop
vertex 49.20000076293945 -31.200000762939453 1.7000000476837158
vertex 49.343589782714844 -20.0 1.7000000476837158
vertex 49.20000076293945 -20.0 1.7000000476837158
endloop
endfacet
facet normal 0.0 0.0 0.9999999999999999
outer loop
vertex 50.0 -31.200000762939453 1.7000000476837158
vertex 49.35384750366211 -19.200000762939453 1.7000000476837158
vertex 49.343589782714844 -20.0 1.7000000476837158
endloop
endfacet
facet normal 1.0 0.0 -0.0
outer loop
vertex 50.0 -31.200000762939453 1.399999976158142
vertex 50.0 -3.700000047683716 1.399999976158142
vertex 50.0 -31.200000762939453 1.7000000476837158
endloop
endfacet
facet normal 0.0 0.0 -1.0
outer loop
vertex 49.20000076293945 -31.200000762939453 1.399999976158142
vertex 49.599998474121094 0.0 1.399999976158142
vertex 50.0 -31.200000762939453 1.399999976158142
endloop
endfacet
facet normal 0.0 0.0 -1.0
outer loop
vertex 49.20000076293945 -31.200000762939453 1.399999976158142
vertex 49.20000076293945 -20.0 1.399999976158142
vertex 49.599998474121094 0.0 1.399999976158142
endloop
endfacet
facet normal -1.0 0.0 0.0
outer loop
vertex 49.20000076293945 -19.200000762939453 1.399999976158142
vertex 49.20000076293945 -19.200000762939453 1.7000000476837158
vertex 49.20000076293945 -12.300000190734863 1.7000000476837158
endloop
endfacet
facet normal 0.0 -0.0 1.0
outer loop
vertex 49.20000076293945 -19.200000762939453 1.7000000476837158
vertex 49.35384750366211 -19.200000762939453 1.7000000476837158
vertex 49.20000076293945 -12.300000190734863 1.7000000476837158
endloop
endfacet
facet normal 0.0 0.0 1.0
outer loop
vertex 50.0 -31.200000762939453 1.7000000476837158
vertex 49.599998474121094 0.0 1.7000000476837158
vertex 49.35384750366211 -19.200000762939453 1.7000000476837158
endloop
endfacet
facet normal -1.0 0.0 0.0
outer loop
vertex 49.20000076293945 -19.200000762939453 1.399999976158142
vertex 49.20000076293945 -12.300000190734863 1.7000000476837158
vertex 49.20000076293945 -12.300000190734863 1.399999976158142
endloop
endfacet
facet normal 0.0 0.0 -1.0
outer loop
vertex 49.20000076293945 -20.0 1.399999976158142
vertex 49.20000076293945 -19.21118927001953 1.399999976158142
vertex 49.599998474121094 0.0 1.399999976158142
endloop
endfacet
facet normal 1.0 -0.0 0.0
outer loop
vertex 50.0 -31.200000762939453 1.7000000476837158
vertex 50.0 -3.700000047683716 1.399999976158142
vertex 50.0 -3.700000047683716 1.7000000476837158
endloop
endfacet
facet normal 0.0 0.0 -1.0
outer loop
vertex 47.5 -11.899999618530273 1.399999976158142
vertex 49.20000076293945 -11.542105674743652 1.399999976158142
vertex 49.20000076293945 -12.300000190734863 1.399999976158142
endloop
endfacet
facet normal 0.0 0.0 -1.0
outer loop
vertex 47.5 -11.899999618530273 1.399999976158142
vertex 49.20000076293945 -11.5 1.399999976158142
vertex 49.20000076293945 -11.542105674743652 1.399999976158142
endloop
endfacet
facet normal 0.0 -0.0 -1.0
outer loop
vertex 49.20000076293945 -19.200000762939453 1.399999976158142
vertex 49.599998474121094 0.0 1.399999976158142
vertex 49.20000076293945 -19.21118927001953 1.399999976158142
endloop
endfacet
facet normal -0.0 0.0 1.0
outer loop
vertex 47.5 -11.899999618530273 1.7000000476837158
vertex 49.20000076293945 -12.300000190734863 1.7000000476837158
vertex 49.20000076293945 -11.5 1.7000000476837158
endloop
endfacet
facet normal 0.0 0.0 -1.0
outer loop
vertex 50.0 -31.200000762939453 1.399999976158142
vertex 49.599998474121094 0.0 1.399999976158142
vertex 50.0 -3.700000047683716 1.399999976158142
endloop
endfacet
facet normal 0.0 0.0 -1.0
outer loop
vertex 49.20000076293945 -19.200000762939453 1.399999976158142
vertex 49.20000076293945 -12.300000190734863 1.399999976158142
vertex 49.599998474121094 0.0 1.399999976158142
endloop
endfacet
facet normal 0.0 -0.0 1.0
outer loop
vertex 50.0 -31.200000762939453 1.7000000476837158
vertex 50.0 -3.700000047683716 1.7000000476837158
vertex 49.599998474121094 0.0 1.7000000476837158
endloop
endfacet
facet normal 0.0 -0.0 1.0
outer loop
vertex 49.35384750366211 -19.200000762939453 1.7000000476837158
vertex 49.599998474121094 0.0 1.7000000476837158
vertex 49.20000076293945 -12.300000190734863 1.7000000476837158
endloop
endfacet
facet normal 0.0 0.0 -1.0
outer loop
vertex 49.20000076293945 -12.300000190734863 1.399999976158142
vertex 49.20000076293945 -11.542105674743652 1.399999976158142
vertex 49.599998474121094 0.0 1.399999976158142
endloop
endfacet
facet normal 0.0 0.0 -1.0
outer loop
vertex 49.20000076293945 -11.542105674743652 1.399999976158142
vertex 49.20000076293945 -11.5 1.399999976158142
vertex 49.599998474121094 0.0 1.399999976158142
endloop
endfacet
facet normal 0.0 -0.0 1.0
outer loop
vertex 49.20000076293945 -12.300000190734863 1.7000000476837158
vertex 49.599998474121094 0.0 1.7000000476837158
vertex 49.20000076293945 -11.5 1.7000000476837158
endloop
endfacet
facet normal 0.0 0.0 -1.0
outer loop
vertex 50.0 -3.700000047683716 0.0
vertex 50.099998474121094 -3.5999999046325684 0.0
vertex 50.20000076293945 -3.700000047683716 0.0
endloop
endfacet
facet normal 0.0 0.0 -1.0
outer loop
vertex 50.0 -3.700000047683716 0.0
vertex 50.0 -3.5 0.0
vertex 50.099998474121094 -3.5999999046325684 0.0
endloop
endfacet
facet normal 0.0 0.0 -1.0
outer loop
vertex 50.20000076293945 -3.700000047683716 0.0
vertex 50.099998474121094 -3.5999999046325684 0.0
vertex 50.20000076293945 -3.5 0.0
endloop
endfacet
facet normal 0.0 -0.0 -1.0
outer loop
vertex 50.0 -3.5 0.0
vertex 50.20000076293945 -3.5 0.0
vertex 50.099998474121094 -3.5999999046325684 0.0
endloop
endfacet
facet normal -0.0 1.0 0.0
outer loop
vertex 50.0 -3.5 0.0
vertex 50.0 -3.5 0.800000011920929
vertex 50.20000076293945 -3.5 0.0
endloop
endfacet
facet normal -0.9999999999999999 0.0 0.0
outer loop
vertex 50.0 -3.700000047683716 0.800000011920929
vertex 50.0 -3.5 1.399999976158142
vertex 50.0 -3.5 0.800000011920929
endloop
endfacet
facet normal -0.9999999999999999 0.0 0.0
outer loop
vertex 50.0 -3.700000047683716 0.800000011920929
vertex 50.0 -3.700000047683716 1.399999976158142
vertex 50.0 -3.5 1.399999976158142
endloop
endfacet
facet normal 0.0 1.0 -0.0
outer loop
vertex 50.20000076293945 -3.5 0.0
vertex 50.0 -3.5 0.800000011920929
vertex 50.0 -3.5 1.399999976158142
endloop
endfacet
facet normal 0.0 -1.0 0.0
outer loop
vertex 50.0 -3.700000047683716 0.0
vertex 50.20000076293945 -3.700000047683716 0.0
vertex 50.20000076293945 -3.700000047683716 2.5
endloop
endfacet
facet normal 0.0 1.0 -0.0
outer loop
vertex 50.20000076293945 -3.5 0.0
vertex 50.0 -3.5 1.399999976158142
vertex 50.0 -3.5 1.7000000476837158
endloop
endfacet
facet normal -0.0 -1.0 0.0
outer loop
vertex 50.0 -3.700000047683716 0.0
vertex 50.20000076293945 -3.700000047683716 2.5
vertex 50.0 -3.700000047683716 0.800000011920929
endloop
endfacet
facet normal -1.0 0.0 0.0
outer loop
vertex 49.20000076293945 -11.5 1.399999976158142
vertex 49.20000076293945 -11.5 1.7000000476837158
vertex 49.20000076293945 11.5 1.7000000476837158
endloop
endfacet
facet normal 0.0 0.0 -1.0
outer loop
vertex 50.0 -3.700000047683716 1.399999976158142
vertex 49.599998474121094 0.0 1.399999976158142
vertex 50.0 -3.5 1.399999976158142
endloop
endfacet
facet normal 0.0 -0.0 1.0
outer loop
vertex 50.0 -3.700000047683716 1.7000000476837158
vertex 50.0 -3.5 1.7000000476837158
vertex 49.599998474121094 0.0 1.7000000476837158
endloop
endfacet
facet normal 0.0 1.0 -0.0
outer loop
vertex 50.20000076293945 -3.5 0.0
vertex 50.0 -3.5 1.7000000476837158
vertex 50.0 -3.5 2.5
endloop
endfacet
facet normal -0.0 -1.0 0.0
outer loop
vertex 50.0 -3.700000047683716 0.800000011920929
vertex 50.20000076293945 -3.700000047683716 2.5
vertex 50.0 -3.700000047683716 1.399999976158142
endloop
endfacet
facet normal 0.0 1.0 -0.0
outer loop
vertex 50.20000076293945 -3.5 0.0
vertex 50.0 -3.5 2.5
vertex 50.20000076293945 -3.5 2.5
endloop
endfacet
facet normal -0.0 -1.0 0.0
outer loop
vertex 50.0 -3.700000047683716 1.399999976158142
vertex 50.20000076293945 -3.700000047683716 2.5
vertex 50.0 -3.700000047683716 1.7000000476837158
endloop
endfacet
facet normal -1.0 0.0 0.0
outer loop
vertex 50.0 -3.700000047683716 1.7000000476837158
vertex 50.0 -3.5999999046325684 2.5
vertex 50.0 -3.5 1.7000000476837158
endloop
endfacet
facet normal -1.0 0.0 0.0
outer loop
vertex 50.0 -3.700000047683716 1.7000000476837158
vertex 50.0 -3.700000047683716 2.5
vertex 50.0 -3.5999999046325684 2.5
endloop
endfacet
facet normal -1.0 0.0 0.0
outer loop
vertex 50.0 -3.5 1.7000000476837158
vertex 50.0 -3.5999999046325684 2.5
vertex 50.0 -3.5 2.5
endloop
endfacet
facet normal 0.0 -1.0 0.0
outer loop
vertex 50.0 -3.700000047683716 1.7000000476837158
vertex 50.20000076293945 -3.700000047683716 2.5
vertex 50.0 -3.700000047683716 2.5
endloop
endfacet
facet normal 1.0 0.0 -0.0
outer loop
vertex 50.0 -3.5 1.399999976158142
vertex 50.0 3.5 1.399999976158142
vertex 50.0 -3.5 1.7000000476837158
endloop
endfacet
facet normal -1.0 0.0 0.0
outer loop
vertex 50.0 -3.5999999046325684 2.5
vertex 50.0 -3.5999999046325684 2.700000047683716
vertex 50.0 -3.5 2.5
endloop
endfacet
facet normal 0.0 -0.0 1.0
outer loop
vertex 50.0 -3.700000047683716 2.5
vertex 50.20000076293945 -3.700000047683716 2.5
vertex 50.0 -3.5999999046325684 2.5
endloop
endfacet
facet normal -0.0 0.0 1.0
outer loop
vertex 50.0 -3.5999999046325684 2.5
vertex 50.20000076293945 -3.700000047683716 2.5
vertex 50.20000076293945 -3.5999999046325684 2.5
endloop
endfacet
facet normal 0.0 -1.0 0.0
outer loop
vertex 50.0 -3.5999999046325684 2.5
vertex 50.20000076293945 -3.5999999046325684 2.5
vertex 50.20000076293945 -3.5999999046325684 2.700000047683716
endloop
endfacet
facet normal 0.0 -1.0 0.0
outer loop
vertex 50.0 -3.5999999046325684 2.5
vertex 50.20000076293945 -3.5999999046325684 2.700000047683716
vertex 50.0 -3.5999999046325684 2.700000047683716
endloop
endfacet
facet normal 0.0 0.0 -1.0
outer loop
vertex 50.0 -3.5 2.5
vertex 50.099998474121094 0.0 2.5
vertex 50.20000076293945 -3.5 2.5
endloop
endfacet
facet normal 0.0 -0.0 1.0
outer loop
vertex 50.0 -3.5999999046325684 2.700000047683716
vertex 50.20000076293945 -3.5999999046325684 2.700000047683716
vertex 50.099998474121094 0.0 2.700000047683716
endloop
endfacet
facet normal -1.0 0.0 0.0
outer loop
vertex 50.0 -3.5 2.5
vertex 50.0 -3.5999999046325684 2.700000047683716
vertex 50.0 3.5 2.5
endloop
endfacet
facet normal 1.0 0.0 -0.0
outer loop
vertex 50.20000076293945 -3.5999999046325684 2.5
vertex 50.20000076293945 3.5999999046325684 2.700000047683716
vertex 50.20000076293945 -3.5999999046325684 2.700000047683716
endloop
endfacet
facet normal 0.0 -0.0 1.0
outer loop
vertex 0.5 -31.200000762939453 1.7000000476837158
vertex 0.5 31.200000762939453 1.7000000476837158
vertex 0.0 0.0 1.7000000476837158
endloop
endfacet
facet normal 0.0 0.0 -1.0
outer loop
vertex 1.6999619007110596 7.71036958694458 1.399999976158142
vertex 2.1999619007110596 8.210369110107422 1.399999976158142
vertex 2.6999619007110596 7.71036958694458 1.399999976158142
endloop
endfacet
facet normal -1.0 0.0 0.0
outer loop
vertex 1.6999619007110596 7.71036958694458 1.399999976158142
vertex 1.6999619007110596 7.71036958694458 1.7000000476837158
vertex 1.6999619007110596 8.710369110107422 1.399999976158142
endloop
endfacet
facet normal 0.0 -1.0 0.0
outer loop
vertex 1.6999619007110596 7.71036958694458 1.399999976158142
vertex 2.6999619007110596 7.71036958694458 1.399999976158142
vertex 2.6999619007110596 7.71036958694458 1.7000000476837158
endloop
endfacet
facet normal 0.0 -1.0 0.0
outer loop
vertex 1.6999619007110596 7.71036958694458 1.399999976158142
vertex 2.6999619007110596 7.71036958694458 1.7000000476837158
vertex 1.6999619007110596 7.71036958694458 1.7000000476837158
endloop
endfacet
facet normal 0.0 -0.0 1.0
outer loop
vertex 1.6999619007110596 7.71036958694458 1.7000000476837158
vertex 2.6999619007110596 7.71036958694458 1.7000000476837158
vertex 2.1999619007110596 8.210369110107422 1.7000000476837158
endloop
endfacet
facet normal 1.0 0.0 -0.0
outer loop
vertex 2.6999619007110596 7.71036958694458 1.399999976158142
vertex 2.6999619007110596 8.710369110107422 1.7000000476837158
vertex 2.6999619007110596 7.71036958694458 1.7000000476837158
endloop
endfacet
facet normal 0.0 0.0 -1.0
outer loop
vertex 1.6999619007110596 7.71036958694458 1.399999976158142
vertex 1.6999619007110596 8.710369110107422 1.399999976158142
vertex 2.1999619007110596 8.210369110107422 1.399999976158142
endloop
endfacet
facet normal 0.0 0.0 -1.0
outer loop
vertex 2.1999619007110596 8.210369110107422 1.399999976158142
vertex 1.6999619007110596 8.710369110107422 1.399999976158142
vertex 2.6999619007110596 8.710369110107422 1.399999976158142
endloop
endfacet
facet normal -0.0 1.0 0.0
outer loop
vertex 1.6999619007110596 8.710369110107422 1.399999976158142
vertex 1.6999619007110596 8.710369110107422 1.7000000476837158
vertex 2.6999619007110596 8.710369110107422 1.399999976158142
endloop
endfacet
facet normal 0.0 0.0 -1.0
outer loop
vertex 2.6999619007110596 7.71036958694458 1.399999976158142
vertex 2.1999619007110596 8.210369110107422 1.399999976158142
vertex 2.6999619007110596 8.710369110107422 1.399999976158142
endloop
endfacet
facet normal 1.0 0.0 0.0
outer loop
vertex 2.6999619007110596 7.71036958694458 1.399999976158142
vertex 2.6999619007110596 8.710369110107422 1.399999976158142
vertex 2.6999619007110596 8.710369110107422 1.7000000476837158
endloop
endfacet
facet normal -1.0 0.0 0.0
outer loop
vertex 1.6999619007110596 7.71036958694458 1.7000000476837158
vertex 1.6999619007110596 8.710369110107422 1.7000000476837158
vertex 1.6999619007110596 8.710369110107422 1.399999976158142
endloop
endfacet
facet normal 0.0 -0.0 1.0
outer loop
vertex 1.6999619007110596 7.71036958694458 1.7000000476837158
vertex 2.1999619007110596 8.210369110107422 1.7000000476837158
vertex 1.6999619007110596 8.710369110107422 1.7000000476837158
endloop
endfacet
facet normal 0.0 -0.0 1.0
outer loop
vertex 2.1999619007110596 8.210369110107422 1.7000000476837158
vertex 2.6999619007110596 8.710369110107422 1.7000000476837158
vertex 1.6999619007110596 8.710369110107422 1.7000000476837158
endloop
endfacet
facet normal 0.0 -0.0 1.0
outer loop
vertex 2.6999619007110596 7.71036958694458 1.7000000476837158
vertex 2.6999619007110596 8.710369110107422 1.7000000476837158
vertex 2.1999619007110596 8.210369110107422 1.7000000476837158
endloop
endfacet
facet normal 0.0 1.0 -0.0
outer loop
vertex 2.6999619007110596 8.710369110107422 1.399999976158142
vertex 1.6999619007110596 8.710369110107422 1.7000000476837158
vertex 2.6999619007110596 8.710369110107422 1.7000000476837158
endloop
endfacet
facet normal 0.0 -1.0 0.0
outer loop
vertex 3.75 6.861216068267822 1.399999976158142
vertex 4.75 6.861216068267822 1.399999976158142
vertex 4.75 6.861216068267822 1.7000000476837158
endloop
endfacet
facet normal 0.0 -1.0 0.0
outer loop
vertex 3.75 6.861216068267822 1.399999976158142
vertex 4.75 6.861216068267822 1.7000000476837158
vertex 3.75 6.861216068267822 1.7000000476837158
endloop
endfacet
facet normal 0.0 0.0 -1.0
outer loop
vertex 5.510407447814941 5.510407447814941 1.399999976158142
vertex 6.010407447814941 6.010407447814941 1.399999976158142
vertex 6.510407447814941 5.510407447814941 1.399999976158142
endloop
endfacet
facet normal 0.0 -1.0 0.0
outer loop
vertex 5.510407447814941 5.510407447814941 1.399999976158142
vertex 6.510407447814941 5.510407447814941 1.7000000476837158
vertex 5.510407447814941 5.510407447814941 1.7000000476837158
endloop
endfacet
facet normal 0.0 -0.0 1.0
outer loop
vertex 5.510407447814941 5.510407447814941 1.7000000476837158
vertex 6.510407447814941 5.510407447814941 1.7000000476837158
vertex 6.010407447814941 6.010407447814941 1.7000000476837158
endloop
endfacet
facet normal 0.0 0.0 -1.0
outer loop
vertex 5.510407447814941 5.510407447814941 1.399999976158142
vertex 5.510407447814941 6.510407447814941 1.399999976158142
vertex 6.010407447814941 6.010407447814941 1.399999976158142
endloop
endfacet
facet normal 0.0 0.0 -1.0
outer loop
vertex 6.010407447814941 6.010407447814941 1.399999976158142
vertex 5.510407447814941 6.510407447814941 1.399999976158142
vertex 6.510407447814941 6.510407447814941 1.399999976158142
endloop
endfacet
facet normal -1.0 0.0 0.0
outer loop
vertex 5.510407447814941 5.510407447814941 1.399999976158142
vertex 5.510407447814941 5.510407447814941 1.7000000476837158
vertex 5.510407447814941 6.510407447814941 1.399999976158142
endloop
endfacet
facet normal -0.0 1.0 0.0
outer loop
vertex 5.510407447814941 6.510407447814941 1.399999976158142
vertex 5.510407447814941 6.510407447814941 1.7000000476837158
vertex 6.510407447814941 6.510407447814941 1.399999976158142
endloop
endfacet
facet normal 0.0 -0.0 1.0
outer loop
vertex 5.510407447814941 5.510407447814941 1.7000000476837158
vertex 6.010407447814941 6.010407447814941 1.7000000476837158
vertex 5.510407447814941 6.510407447814941 1.7000000476837158
endloop
endfacet
facet normal -1.0 0.0 0.0
outer loop
vertex 5.510407447814941 5.510407447814941 1.7000000476837158
vertex 5.510407447814941 6.510407447814941 1.7000000476837158
vertex 5.510407447814941 6.510407447814941 1.399999976158142
endloop
endfacet
facet normal 0.0 -0.0 1.0
outer loop
vertex 6.010407447814941 6.010407447814941 1.7000000476837158
vertex 6.510407447814941 6.510407447814941 1.7000000476837158
vertex 5.510407447814941 6.510407447814941 1.7000000476837158
endloop
endfacet
facet normal -1.0 0.0 0.0
outer loop
vertex 3.75 6.861216068267822 1.399999976158142
vertex 3.75 6.861216068267822 1.7000000476837158
vertex 3.75 7.861216068267822 1.399999976158142
endloop
endfacet
facet normal 0.0 0.0 -1.0
outer loop
vertex 3.75 6.861216068267822 1.399999976158142
vertex 3.75 7.861216068267822 1.399999976158142
vertex 4.25 7.361216068267822 1.399999976158142
endloop
endfacet
facet normal 0.0 0.0 -1.0
outer loop
vertex 3.75 6.861216068267822 1.399999976158142
vertex 4.25 7.361216068267822 1.399999976158142
vertex 4.75 6.861216068267822 1.399999976158142
endloop
endfacet
facet normal 0.0 -0.0 -1.0
outer loop
vertex 3.75 7.861216068267822 1.399999976158142
vertex 4.75 7.861216068267822 1.399999976158142
vertex 4.25 7.361216068267822 1.399999976158142
endloop
endfacet
facet normal -0.0 1.0 0.0
outer loop
vertex 3.75 7.861216068267822 1.399999976158142
vertex 3.75 7.861216068267822 1.7000000476837158
vertex 4.75 7.861216068267822 1.399999976158142
endloop
endfacet
facet normal -1.0 0.0 0.0
outer loop
vertex 3.75 6.861216068267822 1.7000000476837158
vertex 3.75 7.861216068267822 1.7000000476837158
vertex 3.75 7.861216068267822 1.399999976158142
endloop
endfacet
facet normal 0.0 -0.0 1.0
outer loop
vertex 3.75 6.861216068267822 1.7000000476837158
vertex 4.25 7.361216068267822 1.7000000476837158
vertex 3.75 7.861216068267822 1.7000000476837158
endloop
endfacet
facet normal 0.0 -0.0 1.0
outer loop
vertex 3.75 6.861216068267822 1.7000000476837158
vertex 4.75 6.861216068267822 1.7000000476837158
vertex 4.25 7.361216068267822 1.7000000476837158
endloop
endfacet
facet normal -0.0 0.0 1.0
outer loop
vertex 3.75 7.861216068267822 1.7000000476837158
vertex 4.25 7.361216068267822 1.7000000476837158
vertex 4.75 7.861216068267822 1.7000000476837158
endloop
endfacet
facet normal -0.0 1.0 0.0
outer loop
vertex 3.75 7.861216068267822 1.7000000476837158
vertex 4.75 7.861216068267822 1.7000000476837158
vertex 4.75 7.861216068267822 1.399999976158142
endloop
endfacet
facet normal 0.0 0.0 -1.0
outer loop
vertex 4.75 6.861216068267822 1.399999976158142
vertex 4.25 7.361216068267822 1.399999976158142
vertex 4.75 7.861216068267822 1.399999976158142
endloop
endfacet
facet normal 1.0 0.0 0.0
outer loop
vertex 4.75 6.861216068267822 1.399999976158142
vertex 4.75 7.861216068267822 1.399999976158142
vertex 4.75 7.861216068267822 1.7000000476837158
endloop
endfacet
facet normal 1.0 0.0 -0.0
outer loop
vertex 4.75 6.861216068267822 1.399999976158142
vertex 4.75 7.861216068267822 1.7000000476837158
vertex 4.75 6.861216068267822 1.7000000476837158
endloop
endfacet
facet normal 0.0 -0.0 1.0
outer loop
vertex 4.75 6.861216068267822 1.7000000476837158
vertex 4.75 7.861216068267822 1.7000000476837158
vertex 4.25 7.361216068267822 1.7000000476837158
endloop
endfacet
facet normal 0.0 0.0 -1.0
outer loop
vertex 8.0 -0.5 1.399999976158142
vertex 8.0 0.5 1.399999976158142
vertex 8.5 0.0 1.399999976158142
endloop
endfacet
facet normal -0.0 1.0 0.0
outer loop
vertex 8.0 0.5 1.399999976158142
vertex 8.0 0.5 1.7000000476837158
vertex 9.0 0.5 1.399999976158142
endloop
endfacet
facet normal 0.0 -0.0 -1.0
outer loop
vertex 8.0 0.5 1.399999976158142
vertex 9.0 0.5 1.399999976158142
vertex 8.5 0.0 1.399999976158142
endloop
endfacet
facet normal 0.0 0.0 -1.0
outer loop
vertex 9.0 -0.5 1.399999976158142
vertex 8.5 0.0 1.399999976158142
vertex 9.0 0.5 1.399999976158142
endloop
endfacet
facet normal 1.0 0.0 0.0
outer loop
vertex 9.0 -0.5 1.399999976158142
vertex 9.0 0.5 1.399999976158142
vertex 9.0 0.5 1.7000000476837158
endloop
endfacet
facet normal -1.0 0.0 0.0
outer loop
vertex 8.0 -0.5 1.7000000476837158
vertex 8.0 0.5 1.7000000476837158
vertex 8.0 0.5 1.399999976158142
endloop
endfacet
facet normal 0.0 -0.0 1.0
outer loop
vertex 8.0 -0.5 1.7000000476837158
vertex 8.5 0.0 1.7000000476837158
vertex 8.0 0.5 1.7000000476837158
endloop
endfacet
facet normal 0.0 1.0 -0.0
outer loop
vertex 9.0 0.5 1.399999976158142
vertex 8.0 0.5 1.7000000476837158
vertex 9.0 0.5 1.7000000476837158
endloop
endfacet
facet normal -0.0 0.0 1.0
outer loop
vertex 8.0 0.5 1.7000000476837158
vertex 8.5 0.0 1.7000000476837158
vertex 9.0 0.5 1.7000000476837158
endloop
endfacet
facet normal 0.0 -0.0 1.0
outer loop
vertex 9.0 -0.5 1.7000000476837158
vertex 9.0 0.5 1.7000000476837158
vertex 8.5 0.0 1.7000000476837158
endloop
endfacet
facet normal 0.0 0.0 -1.0
outer loop
vertex 7.71036958694458 1.6999619007110596 1.399999976158142
vertex 7.71036958694458 2.6999619007110596 1.399999976158142
vertex 8.210369110107422 2.1999619007110596 1.399999976158142
endloop
endfacet
facet normal 0.0 0.0 -1.0
outer loop
vertex 7.71036958694458 1.6999619007110596 1.399999976158142
vertex 8.210369110107422 2.1999619007110596 1.399999976158142
vertex 8.710369110107422 1.6999619007110596 1.399999976158142
endloop
endfacet
facet normal -1.0 0.0 0.0
outer loop
vertex 7.71036958694458 1.6999619007110596 1.399999976158142
vertex 7.71036958694458 1.6999619007110596 1.7000000476837158
vertex 7.71036958694458 2.6999619007110596 1.399999976158142
endloop
endfacet
facet normal 0.0 -1.0 0.0
outer loop
vertex 7.71036958694458 1.6999619007110596 1.399999976158142
vertex 8.710369110107422 1.6999619007110596 1.399999976158142
vertex 8.710369110107422 1.6999619007110596 1.7000000476837158
endloop
endfacet
facet normal 0.0 0.0 -1.0
outer loop
vertex 8.210369110107422 2.1999619007110596 1.399999976158142
vertex 8.710369110107422 2.6999619007110596 1.399999976158142
vertex 8.710369110107422 1.6999619007110596 1.399999976158142
endloop
endfacet
facet normal 0.0 -1.0 0.0
outer loop
vertex 7.71036958694458 1.6999619007110596 1.399999976158142
vertex 8.710369110107422 1.6999619007110596 1.7000000476837158
vertex 7.71036958694458 1.6999619007110596 1.7000000476837158
endloop
endfacet
facet normal 0.0 -0.0 1.0
outer loop
vertex 7.71036958694458 1.6999619007110596 1.7000000476837158
vertex 8.210369110107422 2.1999619007110596 1.7000000476837158
vertex 7.71036958694458 2.6999619007110596 1.7000000476837158
endloop
endfacet
facet normal 0.0 -0.0 1.0
outer loop
vertex 7.71036958694458 1.6999619007110596 1.7000000476837158
vertex 8.710369110107422 1.6999619007110596 1.7000000476837158
vertex 8.210369110107422 2.1999619007110596 1.7000000476837158
endloop
endfacet
facet normal 1.0 0.0 -0.0
outer loop
vertex 8.710369110107422 1.6999619007110596 1.399999976158142
vertex 8.710369110107422 2.6999619007110596 1.7000000476837158
vertex 8.710369110107422 1.6999619007110596 1.7000000476837158
endloop
endfacet
facet normal -0.0 0.0 1.0
outer loop
vertex 8.210369110107422 2.1999619007110596 1.7000000476837158
vertex 8.710369110107422 1.6999619007110596 1.7000000476837158
vertex 8.710369110107422 2.6999619007110596 1.7000000476837158
endloop
endfacet
facet normal 0.0 0.0 -1.0
outer loop
vertex 6.861216068267822 3.75 1.399999976158142
vertex 7.361216068267822 4.25 1.399999976158142
vertex 7.861216068267822 3.75 1.399999976158142
endloop
endfacet
facet normal 0.0 -1.0 0.0
outer loop
vertex 6.861216068267822 3.75 1.399999976158142
vertex 7.861216068267822 3.75 1.399999976158142
vertex 7.861216068267822 3.75 1.7000000476837158
endloop
endfacet
facet normal 0.0 0.0 -1.0
outer loop
vertex 6.861216068267822 3.75 1.399999976158142
vertex 6.861216068267822 4.75 1.399999976158142
vertex 7.361216068267822 4.25 1.399999976158142
endloop
endfacet
facet normal 0.0 0.0 -1.0
outer loop
vertex 7.361216068267822 4.25 1.399999976158142
vertex 6.861216068267822 4.75 1.399999976158142
vertex 7.861216068267822 4.75 1.399999976158142
endloop
endfacet
facet normal -1.0 0.0 0.0
outer loop
vertex 6.861216068267822 3.75 1.399999976158142
vertex 6.861216068267822 3.75 1.7000000476837158
vertex 6.861216068267822 4.75 1.399999976158142
endloop
endfacet
facet normal 0.0 -1.0 0.0
outer loop
vertex 6.861216068267822 3.75 1.399999976158142
vertex 7.861216068267822 3.75 1.7000000476837158
vertex 6.861216068267822 3.75 1.7000000476837158
endloop
endfacet
facet normal 0.0 -0.0 1.0
outer loop
vertex 6.861216068267822 3.75 1.7000000476837158
vertex 7.861216068267822 3.75 1.7000000476837158
vertex 7.361216068267822 4.25 1.7000000476837158
endloop
endfacet
facet normal 0.0 -0.0 1.0
outer loop
vertex 6.861216068267822 3.75 1.7000000476837158
vertex 7.361216068267822 4.25 1.7000000476837158
vertex 6.861216068267822 4.75 1.7000000476837158
endloop
endfacet
facet normal -1.0 0.0 0.0
outer loop
vertex 6.861216068267822 3.75 1.7000000476837158
vertex 6.861216068267822 4.75 1.7000000476837158
vertex 6.861216068267822 4.75 1.399999976158142
endloop
endfacet
facet normal 0.0 -0.0 1.0
outer loop
vertex 7.361216068267822 4.25 1.7000000476837158
vertex 7.861216068267822 4.75 1.7000000476837158
vertex 6.861216068267822 4.75 1.7000000476837158
endloop
endfacet
facet normal 0.0 0.0 -1.0
outer loop
vertex 8.210369110107422 2.1999619007110596 1.399999976158142
vertex 7.71036958694458 2.6999619007110596 1.399999976158142
vertex 8.710369110107422 2.6999619007110596 1.399999976158142
endloop
endfacet
facet normal -0.0 1.0 0.0
outer loop
vertex 7.71036958694458 2.6999619007110596 1.399999976158142
vertex 7.71036958694458 2.6999619007110596 1.7000000476837158
vertex 8.710369110107422 2.6999619007110596 1.399999976158142
endloop
endfacet
facet normal 1.0 0.0 0.0
outer loop
vertex 8.710369110107422 1.6999619007110596 1.399999976158142
vertex 8.710369110107422 2.6999619007110596 1.399999976158142
vertex 8.710369110107422 2.6999619007110596 1.7000000476837158
endloop
endfacet
facet normal -1.0 0.0 0.0
outer loop
vertex 7.71036958694458 1.6999619007110596 1.7000000476837158
vertex 7.71036958694458 2.6999619007110596 1.7000000476837158
vertex 7.71036958694458 2.6999619007110596 1.399999976158142
endloop
endfacet
facet normal 0.0 -0.0 1.0
outer loop
vertex 8.210369110107422 2.1999619007110596 1.7000000476837158
vertex 8.710369110107422 2.6999619007110596 1.7000000476837158
vertex 7.71036958694458 2.6999619007110596 1.7000000476837158
endloop
endfacet
facet normal 0.0 1.0 -0.0
outer loop
vertex 8.710369110107422 2.6999619007110596 1.399999976158142
vertex 7.71036958694458 2.6999619007110596 1.7000000476837158
vertex 8.710369110107422 2.6999619007110596 1.7000000476837158
endloop
endfacet
facet normal 0.0 0.0 -1.0
outer loop
vertex 7.361216068267822 4.25 1.399999976158142
vertex 7.861216068267822 4.75 1.399999976158142
vertex 7.861216068267822 3.75 1.399999976158142
endloop
endfacet
facet normal 1.0 0.0 0.0
outer loop
vertex 7.861216068267822 3.75 1.399999976158142
vertex 7.861216068267822 4.75 1.399999976158142
vertex 7.861216068267822 4.75 1.7000000476837158
endloop
endfacet
facet normal 1.0 0.0 -0.0
outer loop
vertex 7.861216068267822 3.75 1.399999976158142
vertex 7.861216068267822 4.75 1.7000000476837158
vertex 7.861216068267822 3.75 1.7000000476837158
endloop
endfacet
facet normal -0.0 0.0 1.0
outer loop
vertex 7.361216068267822 4.25 1.7000000476837158
vertex 7.861216068267822 3.75 1.7000000476837158
vertex 7.861216068267822 4.75 1.7000000476837158
endloop
endfacet
facet normal 0.0 -1.0 0.0
outer loop
vertex 5.510407447814941 5.510407447814941 1.399999976158142
vertex 6.510407447814941 5.510407447814941 1.399999976158142
vertex 6.510407447814941 5.510407447814941 1.7000000476837158
endloop
endfacet
facet normal -0.0 1.0 0.0
outer loop
vertex 6.861216068267822 4.75 1.399999976158142
vertex 6.861216068267822 4.75 1.7000000476837158
vertex 7.861216068267822 4.75 1.399999976158142
endloop
endfacet
facet normal -0.0 1.0 0.0
outer loop
vertex 6.861216068267822 4.75 1.7000000476837158
vertex 7.861216068267822 4.75 1.7000000476837158
vertex 7.861216068267822 4.75 1.399999976158142
endloop
endfacet
facet normal 0.0 0.0 -1.0
outer loop
vertex 6.010407447814941 6.010407447814941 1.399999976158142
vertex 6.510407447814941 6.510407447814941 1.399999976158142
vertex 6.510407447814941 5.510407447814941 1.399999976158142
endloop
endfacet
facet normal 1.0 0.0 0.0
outer loop
vertex 6.510407447814941 5.510407447814941 1.399999976158142
vertex 6.510407447814941 6.510407447814941 1.399999976158142
vertex 6.510407447814941 6.510407447814941 1.7000000476837158
endloop
endfacet
facet normal -0.0 0.0 1.0
outer loop
vertex 6.010407447814941 6.010407447814941 1.7000000476837158
vertex 6.510407447814941 5.510407447814941 1.7000000476837158
vertex 6.510407447814941 6.510407447814941 1.7000000476837158
endloop
endfacet
facet normal 1.0 0.0 -0.0
outer loop
vertex 6.510407447814941 5.510407447814941 1.399999976158142
vertex 6.510407447814941 6.510407447814941 1.7000000476837158
vertex 6.510407447814941 5.510407447814941 1.7000000476837158
endloop
endfacet
facet normal -0.0 1.0 0.0
outer loop
vertex 5.510407447814941 6.510407447814941 1.7000000476837158
vertex 6.510407447814941 6.510407447814941 1.7000000476837158
vertex 6.510407447814941 6.510407447814941 1.399999976158142
endloop
endfacet
facet normal 1.0 0.0 0.0
outer loop
vertex 0.5 -31.200000762939453 1.399999976158142
vertex 0.5 31.200000762939453 1.399999976158142
vertex 0.5 31.200000762939453 1.7000000476837158
endloop
endfacet
facet normal 0.0 0.0 -1.0
outer loop
vertex 0.5 -31.200000762939453 1.399999976158142
vertex 0.0 32.0 1.399999976158142
vertex 0.5 31.200000762939453 1.399999976158142
endloop
endfacet
facet normal -0.0 0.0 1.0
outer loop
vertex -0.5 31.200000762939453 1.7000000476837158
vertex 0.0 0.0 1.7000000476837158
vertex 0.5 31.200000762939453 1.7000000476837158
endloop
endfacet
facet normal 0.0 0.0 -1.0
outer loop
vertex -46.0 32.20000076293945 0.0
vertex 0.0 32.400001525878906 0.0
vertex 46.0 32.20000076293945 0.0
endloop
endfacet
facet normal 0.0 -0.0 -1.0
outer loop
vertex -46.0 32.599998474121094 0.0
vertex 46.0 32.599998474121094 0.0
vertex 0.0 32.400001525878906 0.0
endloop
endfacet
facet normal 0.0 -0.0 1.0
outer loop
vertex -0.5 31.200000762939453 1.7000000476837158
vertex 0.5 31.200000762939453 1.7000000476837158
vertex 0.0 31.600000381469727 1.7000000476837158
endloop
endfacet
facet normal 0.0 1.0 0.0
outer loop
vertex -49.20000076293945 32.0 1.7000000476837158
vertex 30.0 32.0 1.399999976158142
vertex 20.0 32.0 1.399999976158142
endloop
endfacet
facet normal 0.0 -0.0 1.0
outer loop
vertex -46.0 32.20000076293945 1.5
vertex 46.0 32.20000076293945 1.5
vertex 0.0 32.400001525878906 1.5
endloop
endfacet
facet normal -0.0 0.0 1.0
outer loop
vertex -46.0 32.599998474121094 1.5
vertex 0.0 32.400001525878906 1.5
vertex 46.0 32.599998474121094 1.5
endloop
endfacet
facet normal -0.0 0.0 1.0
outer loop
vertex -49.20000076293945 32.0 1.7000000476837158
vertex 0.0 31.600000381469727 1.7000000476837158
vertex 49.20000076293945 32.0 1.7000000476837158
endloop
endfacet
facet normal 0.0 -1.0 0.0
outer loop
vertex 0.5 31.200000762939453 1.399999976158142
vertex 10.0 31.200000762939453 1.399999976158142
vertex 0.5 31.200000762939453 1.7000000476837158
endloop
endfacet
facet normal 0.0 0.0 -1.0
outer loop
vertex 0.5 31.200000762939453 1.399999976158142
vertex 0.0 32.0 1.399999976158142
vertex 10.0 31.200000762939453 1.399999976158142
endloop
endfacet
facet normal 0.0 0.0 -1.0
outer loop
vertex 0.0 32.0 1.399999976158142
vertex 10.0 32.0 1.399999976158142
vertex 10.0 31.200000762939453 1.399999976158142
endloop
endfacet
facet normal 0.0 1.0 0.0
outer loop
vertex -49.20000076293945 32.0 1.7000000476837158
vertex 40.0 32.0 1.399999976158142
vertex 30.0 32.0 1.399999976158142
endloop
endfacet
facet normal 0.0 -1.0 0.0
outer loop
vertex 0.5 31.200000762939453 1.7000000476837158
vertex 10.0 31.200000762939453 1.399999976158142
vertex 20.0 31.200000762939453 1.399999976158142
endloop
endfacet
facet normal 0.0 -1.0 0.0
outer loop
vertex -46.0 32.20000076293945 0.0
vertex 46.0 32.20000076293945 0.0
vertex 46.0 32.20000076293945 1.5
endloop
endfacet
facet normal 0.0 1.0 0.0
outer loop
vertex -49.20000076293945 32.0 1.7000000476837158
vertex 49.20000076293945 32.0 1.399999976158142
vertex 40.0 32.0 1.399999976158142
endloop
endfacet
facet normal 0.0 -0.0 1.0
outer loop
vertex 0.5 31.200000762939453 1.7000000476837158
vertex 49.20000076293945 31.200000762939453 1.7000000476837158
vertex 0.0 31.600000381469727 1.7000000476837158
endloop
endfacet
facet normal -0.0 1.0 0.0
outer loop
vertex -49.20000076293945 32.0 1.7000000476837158
vertex 49.20000076293945 32.0 1.7000000476837158
vertex 49.20000076293945 32.0 1.399999976158142
endloop
endfacet
facet normal 0.0 -1.0 0.0
outer loop
vertex 0.5 31.200000762939453 1.7000000476837158
vertex 20.0 31.200000762939453 1.399999976158142
vertex 30.0 31.200000762939453 1.399999976158142
endloop
endfacet
facet normal -0.0 1.0 0.0
outer loop
vertex -46.0 32.599998474121094 1.5
vertex 46.0 32.599998474121094 1.5
vertex 46.0 32.599998474121094 0.0
endloop
endfacet
facet normal 0.0 -1.0 0.0
outer loop
vertex 0.5 31.200000762939453 1.7000000476837158
vertex 30.0 31.200000762939453 1.399999976158142
vertex 40.0 31.200000762939453 1.399999976158142
endloop
endfacet
facet normal 0.0 0.0 -1.0
outer loop
vertex 20.0 31.200000762939453 1.399999976158142
vertex 20.0 32.0 1.399999976158142
vertex 30.0 31.200000762939453 1.399999976158142
endloop
endfacet
facet normal 0.0 -0.0 1.0
outer loop
vertex 34.29999923706055 -19.399999618530273 1.7000000476837158
vertex 34.70000076293945 0.0 1.7000000476837158
vertex 34.29999923706055 19.399999618530273 1.7000000476837158
endloop
endfacet
facet normal 0.0 -0.0 1.0
outer loop
vertex 35.099998474121094 -19.200000762939453 1.7000000476837158
vertex 35.099998474121094 19.200000762939453 1.7000000476837158
vertex 34.70000076293945 0.0 1.7000000476837158
endloop
endfacet
facet normal -1.0 0.0 0.0
outer loop
vertex 34.29999923706055 -19.399999618530273 1.7000000476837158
vertex 34.29999923706055 19.399999618530273 1.7000000476837158
vertex 34.29999923706055 19.399999618530273 1.399999976158142
endloop
endfacet
facet normal 1.0 -0.0 0.0
outer loop
vertex 35.099998474121094 -19.200000762939453 1.7000000476837158
vertex 35.099998474121094 19.200000762939453 1.399999976158142
vertex 35.099998474121094 19.200000762939453 1.7000000476837158
endloop
endfacet
facet normal 0.0 -0.0 1.0
outer loop
vertex 34.70000076293945 0.0 1.7000000476837158
vertex 35.099998474121094 19.399999618530273 1.7000000476837158
vertex 34.29999923706055 19.399999618530273 1.7000000476837158
endloop
endfacet
facet normal 0.0 0.0 1.0
outer loop
vertex 34.70000076293945 0.0 1.7000000476837158
vertex 35.099998474121094 19.200000762939453 1.7000000476837158
vertex 35.099998474121094 19.399999618530273 1.7000000476837158
endloop
endfacet
facet normal -0.0 1.0 0.0
outer loop
vertex 38.70000076293945 0.5 1.399999976158142
vertex 38.70000076293945 0.5 1.7000000476837158
vertex 39.70000076293945 0.5 1.399999976158142
endloop
endfacet
facet normal -1.0 0.0 0.0
outer loop
vertex 38.70000076293945 -0.5 1.7000000476837158
vertex 38.70000076293945 0.5 1.7000000476837158
vertex 38.70000076293945 0.5 1.399999976158142
endloop
endfacet
facet normal 0.0 -0.0 1.0
outer loop
vertex 38.70000076293945 -0.5 1.7000000476837158
vertex 39.20000076293945 0.0 1.7000000476837158
vertex 38.70000076293945 0.5 1.7000000476837158
endloop
endfacet
facet normal -0.0 1.0 0.0
outer loop
vertex 38.70000076293945 0.5 1.7000000476837158
vertex 39.70000076293945 0.5 1.7000000476837158
vertex 39.70000076293945 0.5 1.399999976158142
endloop
endfacet
facet normal -0.0 0.0 1.0
outer loop
vertex 38.70000076293945 0.5 1.7000000476837158
vertex 39.20000076293945 0.0 1.7000000476837158
vertex 39.70000076293945 0.5 1.7000000476837158
endloop
endfacet
facet normal 1.0 0.0 0.0
outer loop
vertex 39.70000076293945 -0.5 1.399999976158142
vertex 39.70000076293945 0.5 1.399999976158142
vertex 39.70000076293945 0.5 1.7000000476837158
endloop
endfacet
facet normal 0.0 -0.0 1.0
outer loop
vertex 39.70000076293945 -0.5 1.7000000476837158
vertex 39.70000076293945 0.5 1.7000000476837158
vertex 39.20000076293945 0.0 1.7000000476837158
endloop
endfacet
facet normal 0.0 0.0 -1.0
outer loop
vertex 44.79999923706055 -11.699999809265137 1.399999976158142
vertex 44.79999923706055 11.699999809265137 1.399999976158142
vertex 45.20000076293945 0.0 1.399999976158142
endloop
endfacet
facet normal 0.0 0.0 -1.0
outer loop
vertex 45.599998474121094 -11.5 1.399999976158142
vertex 45.20000076293945 0.0 1.399999976158142
vertex 45.599998474121094 11.5 1.399999976158142
endloop
endfacet
facet normal 0.0 -0.0 1.0
outer loop
vertex 44.79999923706055 -11.699999809265137 1.7000000476837158
vertex 45.20000076293945 0.0 1.7000000476837158
vertex 44.79999923706055 11.699999809265137 1.7000000476837158
endloop
endfacet
facet normal 0.0 -0.0 1.0
outer loop
vertex 45.599998474121094 -11.5 1.7000000476837158
vertex 45.599998474121094 11.5 1.7000000476837158
vertex 45.20000076293945 0.0 1.7000000476837158
endloop
endfacet
facet normal -1.0 0.0 0.0
outer loop
vertex 44.79999923706055 -11.699999809265137 1.7000000476837158
vertex 44.79999923706055 11.699999809265137 1.7000000476837158
vertex 44.79999923706055 11.699999809265137 1.399999976158142
endloop
endfacet
facet normal 1.0 -0.0 0.0
outer loop
vertex 45.599998474121094 -11.5 1.7000000476837158
vertex 45.599998474121094 11.5 1.399999976158142
vertex 45.599998474121094 11.5 1.7000000476837158
endloop
endfacet
facet normal 0.0 0.0 -1.0
outer loop
vertex 45.20000076293945 0.0 1.399999976158142
vertex 44.79999923706055 11.699999809265137 1.399999976158142
vertex 45.599998474121094 11.699999809265137 1.399999976158142
endloop
endfacet
facet normal 0.0 0.0 -1.0
outer loop
vertex 45.20000076293945 0.0 1.399999976158142
vertex 45.599998474121094 11.699999809265137 1.399999976158142
vertex 45.599998474121094 11.5 1.399999976158142
endloop
endfacet
facet normal 0.0 -0.0 1.0
outer loop
vertex 45.20000076293945 0.0 1.7000000476837158
vertex 45.599998474121094 11.699999809265137 1.7000000476837158
vertex 44.79999923706055 11.699999809265137 1.7000000476837158
endloop
endfacet
facet normal 0.0 0.0 1.0
outer loop
vertex 45.20000076293945 0.0 1.7000000476837158
vertex 45.599998474121094 11.5 1.7000000476837158
vertex 45.599998474121094 11.699999809265137 1.7000000476837158
endloop
endfacet
facet normal -0.0 0.9999999999999999 0.0
outer loop
vertex 44.79999923706055 11.699999809265137 1.399999976158142
vertex 44.79999923706055 11.699999809265137 1.7000000476837158
vertex 45.599998474121094 11.699999809265137 1.399999976158142
endloop
endfacet
facet normal -0.0 0.9999999999999999 0.0
outer loop
vertex 44.79999923706055 11.699999809265137 1.7000000476837158
vertex 45.599998474121094 11.699999809265137 1.7000000476837158
vertex 45.599998474121094 11.699999809265137 1.399999976158142
endloop
endfacet
facet normal 0.0 -1.0 0.0
outer loop
vertex 45.599998474121094 11.5 1.399999976158142
vertex 49.20000076293945 11.5 1.7000000476837158
vertex 45.599998474121094 11.5 1.7000000476837158
endloop
endfacet
facet normal 0.0 0.0 -1.0
outer loop
vertex 45.599998474121094 11.5 1.399999976158142
vertex 47.5 11.899999618530273 1.399999976158142
vertex 49.20000076293945 11.5 1.399999976158142
endloop
endfacet
facet normal 0.0 -1.0 0.0
outer loop
vertex 45.599998474121094 11.5 1.399999976158142
vertex 49.20000076293945 11.5 1.399999976158142
vertex 49.20000076293945 11.5 1.7000000476837158
endloop
endfacet
facet normal 0.0 -0.0 1.0
outer loop
vertex 45.599998474121094 11.5 1.7000000476837158
vertex 49.20000076293945 11.5 1.7000000476837158
vertex 47.5 11.899999618530273 1.7000000476837158
endloop
endfacet
facet normal -1.0 0.0 0.0
outer loop
vertex 45.599998474121094 11.699999809265137 1.399999976158142
vertex 45.599998474121094 11.699999809265137 1.7000000476837158
vertex 45.599998474121094 12.300000190734863 1.399999976158142
endloop
endfacet
facet normal 0.0 0.0 -0.9999999999999999
outer loop
vertex 45.599998474121094 11.5 1.399999976158142
vertex 45.599998474121094 11.699999809265137 1.399999976158142
vertex 47.5 11.899999618530273 1.399999976158142
endloop
endfacet
facet normal 0.0 0.0 -1.0
outer loop
vertex 45.599998474121094 11.699999809265137 1.399999976158142
vertex 45.599998474121094 12.300000190734863 1.399999976158142
vertex 47.5 11.899999618530273 1.399999976158142
endloop
endfacet
facet normal -0.0 1.0 0.0
outer loop
vertex 45.599998474121094 12.300000190734863 1.399999976158142
vertex 45.599998474121094 12.300000190734863 1.7000000476837158
vertex 49.20000076293945 12.300000190734863 1.399999976158142
endloop
endfacet
facet normal -1.0 0.0 0.0
outer loop
vertex 45.599998474121094 12.300000190734863 1.399999976158142
vertex 45.599998474121094 11.699999809265137 1.7000000476837158
vertex 45.599998474121094 12.300000190734863 1.7000000476837158
endloop
endfacet
facet normal 0.0 -0.0 0.9999999999999999
outer loop
vertex 45.599998474121094 11.5 1.7000000476837158
vertex 47.5 11.899999618530273 1.7000000476837158
vertex 45.599998474121094 11.699999809265137 1.7000000476837158
endloop
endfacet
facet normal 0.0 -0.0 1.0
outer loop
vertex 45.599998474121094 11.699999809265137 1.7000000476837158
vertex 47.5 11.899999618530273 1.7000000476837158
vertex 45.599998474121094 12.300000190734863 1.7000000476837158
endloop
endfacet
facet normal 0.0 -0.0 -1.0
outer loop
vertex 45.599998474121094 12.300000190734863 1.399999976158142
vertex 49.20000076293945 12.300000190734863 1.399999976158142
vertex 47.5 11.899999618530273 1.399999976158142
endloop
endfacet
facet normal -0.0 0.0 1.0
outer loop
vertex 45.599998474121094 12.300000190734863 1.7000000476837158
vertex 47.5 11.899999618530273 1.7000000476837158
vertex 49.20000076293945 12.300000190734863 1.7000000476837158
endloop
endfacet
facet normal -0.0 1.0 0.0
outer loop
vertex 45.599998474121094 12.300000190734863 1.7000000476837158
vertex 49.20000076293945 12.300000190734863 1.7000000476837158
vertex 49.20000076293945 12.300000190734863 1.399999976158142
endloop
endfacet
facet normal -0.0 0.9999999999999999 0.0
outer loop
vertex 34.29999923706055 19.399999618530273 1.399999976158142
vertex 34.29999923706055 19.399999618530273 1.7000000476837158
vertex 35.099998474121094 19.399999618530273 1.399999976158142
endloop
endfacet
facet normal -0.0 0.9999999999999999 0.0
outer loop
vertex 34.29999923706055 19.399999618530273 1.7000000476837158
vertex 35.099998474121094 19.399999618530273 1.7000000476837158
vertex 35.099998474121094 19.399999618530273 1.399999976158142
endloop
endfacet
facet normal -1.0 0.0 0.0
outer loop
vertex 35.099998474121094 19.399999618530273 1.399999976158142
vertex 35.099998474121094 19.399999618530273 1.7000000476837158
vertex 35.099998474121094 20.0 1.399999976158142
endloop
endfacet
facet normal -1.0 0.0 0.0
outer loop
vertex 35.099998474121094 19.399999618530273 1.7000000476837158
vertex 35.099998474121094 20.0 1.7000000476837158
vertex 35.099998474121094 20.0 1.399999976158142
endloop
endfacet
facet normal 0.0 0.0 -1.0
outer loop
vertex 20.0 32.0 1.399999976158142
vertex 30.0 32.0 1.399999976158142
vertex 30.0 31.200000762939453 1.399999976158142
endloop
endfacet
facet normal 0.0 -1.0 0.0
outer loop
vertex 0.5 31.200000762939453 1.7000000476837158
vertex 40.0 31.200000762939453 1.399999976158142
vertex 49.20000076293945 31.200000762939453 1.399999976158142
endloop
endfacet
facet normal 0.0 0.0 -1.0
outer loop
vertex 0.0 32.400001525878906 0.0
vertex 46.0 32.599998474121094 0.0
vertex 46.0 32.20000076293945 0.0
endloop
endfacet
facet normal -0.0 0.0 1.0
outer loop
vertex 0.0 32.400001525878906 1.5
vertex 46.0 32.20000076293945 1.5
vertex 46.0 32.599998474121094 1.5
endloop
endfacet
facet normal 0.0 -0.9999999999999999 0.0
outer loop
vertex 0.5 31.200000762939453 1.7000000476837158
vertex 49.20000076293945 31.200000762939453 1.399999976158142
vertex 49.20000076293945 31.200000762939453 1.7000000476837158
endloop
endfacet
facet normal -0.0 0.0 1.0
outer loop
vertex 0.0 31.600000381469727 1.7000000476837158
vertex 49.20000076293945 31.200000762939453 1.7000000476837158
vertex 49.20000076293945 32.0 1.7000000476837158
endloop
endfacet
facet normal 0.0 -0.0 1.0
outer loop
vertex 35.099998474121094 19.200000762939453 1.7000000476837158
vertex 42.25 19.600000381469727 1.7000000476837158
vertex 35.099998474121094 19.399999618530273 1.7000000476837158
endloop
endfacet
facet normal 0.0 -0.0 1.0
outer loop
vertex 35.099998474121094 19.399999618530273 1.7000000476837158
vertex 42.25 19.600000381469727 1.7000000476837158
vertex 35.099998474121094 20.0 1.7000000476837158
endloop
endfacet
facet normal -0.0 1.0 0.0
outer loop
vertex 35.099998474121094 20.0 1.399999976158142
vertex 35.099998474121094 20.0 1.7000000476837158
vertex 40.0 20.0 1.399999976158142
endloop
endfacet
facet normal 0.0 0.0 -0.9999999999999999
outer loop
vertex 40.0 19.200000762939453 1.399999976158142
vertex 40.0 20.0 1.399999976158142
vertex 42.25 19.600000381469727 1.399999976158142
endloop
endfacet
facet normal 0.0 -1.0 0.0
outer loop
vertex 35.099998474121094 19.200000762939453 1.399999976158142
vertex 49.20000076293945 19.200000762939453 1.7000000476837158
vertex 35.099998474121094 19.200000762939453 1.7000000476837158
endloop
endfacet
facet normal 0.0 -1.0 0.0
outer loop
vertex 35.099998474121094 19.200000762939453 1.399999976158142
vertex 40.0 19.200000762939453 1.399999976158142
vertex 49.20000076293945 19.200000762939453 1.7000000476837158
endloop
endfacet
facet normal 0.0 -0.0 1.0
outer loop
vertex 35.099998474121094 19.200000762939453 1.7000000476837158
vertex 49.20000076293945 19.200000762939453 1.7000000476837158
vertex 42.25 19.600000381469727 1.7000000476837158
endloop
endfacet
facet normal 0.0 1.0 0.0
outer loop
vertex 35.099998474121094 20.0 1.7000000476837158
vertex 49.20000076293945 20.0 1.399999976158142
vertex 40.0 20.0 1.399999976158142
endloop
endfacet
facet normal -0.0 0.0 1.0
outer loop
vertex 35.099998474121094 20.0 1.7000000476837158
vertex 42.25 19.600000381469727 1.7000000476837158
vertex 49.20000076293945 20.0 1.7000000476837158
endloop
endfacet
facet normal 0.0 0.0 -1.0
outer loop
vertex 40.0 19.200000762939453 1.399999976158142
vertex 42.25 19.600000381469727 1.399999976158142
vertex 49.20000076293945 19.200000762939453 1.399999976158142
endloop
endfacet
facet normal 0.0 -0.0 -1.0
outer loop
vertex 40.0 20.0 1.399999976158142
vertex 49.20000076293945 20.0 1.399999976158142
vertex 42.25 19.600000381469727 1.399999976158142
endloop
endfacet
facet normal -0.0 1.0 0.0
outer loop
vertex 35.099998474121094 20.0 1.7000000476837158
vertex 49.20000076293945 20.0 1.7000000476837158
vertex 49.20000076293945 20.0 1.399999976158142
endloop
endfacet
facet normal 0.0 -1.0 0.0
outer loop
vertex 40.0 19.200000762939453 1.399999976158142
vertex 49.20000076293945 19.200000762939453 1.399999976158142
vertex 49.20000076293945 19.200000762939453 1.7000000476837158
endloop
endfacet
facet normal 0.0 -0.0 -1.0
outer loop
vertex 42.25 19.600000381469727 1.399999976158142
vertex 49.35381317138672 19.202585220336914 1.399999976158142
vertex 49.20000076293945 19.200000762939453 1.399999976158142
endloop
endfacet
facet normal 0.0 0.0 -1.0
outer loop
vertex 42.25 19.600000381469727 1.399999976158142
vertex 49.20000076293945 19.988811492919922 1.399999976158142
vertex 49.35381317138672 19.202585220336914 1.399999976158142
endloop
endfacet
facet normal -0.0 0.0 1.0
outer loop
vertex 42.25 19.600000381469727 1.7000000476837158
vertex 49.20000076293945 19.200000762939453 1.7000000476837158
vertex 49.35381317138672 19.202585220336914 1.7000000476837158
endloop
endfacet
facet normal -0.0 -0.0 1.0
outer loop
vertex 42.25 19.600000381469727 1.7000000476837158
vertex 49.35381317138672 19.202585220336914 1.7000000476837158
vertex 49.343589782714844 20.0 1.7000000476837158
endloop
endfacet
facet normal 0.0 0.0 -0.9999999999999999
outer loop
vertex 42.25 19.600000381469727 1.399999976158142
vertex 49.20000076293945 20.0 1.399999976158142
vertex 49.20000076293945 19.988811492919922 1.399999976158142
endloop
endfacet
facet normal 0.0 -0.0 1.0
outer loop
vertex 42.25 19.600000381469727 1.7000000476837158
vertex 49.343589782714844 20.0 1.7000000476837158
vertex 49.20000076293945 20.0 1.7000000476837158
endloop
endfacet
facet normal 1.0 0.0 0.0
outer loop
vertex 46.0 32.20000076293945 0.0
vertex 46.0 32.599998474121094 0.0
vertex 46.0 32.599998474121094 1.5
endloop
endfacet
facet normal 1.0 0.0 -0.0
outer loop
vertex 46.0 32.20000076293945 0.0
vertex 46.0 32.599998474121094 1.5
vertex 46.0 32.20000076293945 1.5
endloop
endfacet
facet normal 0.0 0.0 -1.0
outer loop
vertex 40.0 31.200000762939453 1.399999976158142
vertex 40.0 32.0 1.399999976158142
vertex 49.20000076293945 31.200000762939453 1.399999976158142
endloop
endfacet
facet normal 0.0 0.0 -1.0
outer loop
vertex 40.0 32.0 1.399999976158142
vertex 49.20000076293945 32.0 1.399999976158142
vertex 49.20000076293945 31.200000762939453 1.399999976158142
endloop
endfacet
facet normal 0.0 0.0 -1.0
outer loop
vertex -9.0 64.80000305175781 18.5
vertex 0.0 64.9000015258789 18.5
vertex 9.0 64.80000305175781 18.5
endloop
endfacet
facet normal 0.0 -0.0 -1.0
outer loop
vertex -9.0 65.0 18.5
vertex 9.0 65.0 18.5
vertex 0.0 64.9000015258789 18.5
endloop
endfacet
facet normal 0.0 0.0 -1.0
outer loop
vertex 0.0 64.9000015258789 18.5
vertex 9.0 65.0 18.5
vertex 9.0 64.80000305175781 18.5
endloop
endfacet
facet normal 0.0 -1.0 0.0
outer loop
vertex -9.0 64.80000305175781 18.5
vertex 9.0 64.80000305175781 18.5
vertex 9.0 64.80000305175781 21.5
endloop
endfacet
facet normal 1.0 0.0 0.0
outer loop
vertex 9.0 64.80000305175781 18.5
vertex 9.0 65.0 18.5
vertex 9.0 65.0 21.5
endloop
endfacet
facet normal 0.0 0.0 -1.0
outer loop
vertex -9.0 67.0 18.5
vertex 0.0 67.0999984741211 18.5
vertex 9.0 67.0 18.5
endloop
endfacet
facet normal 0.0 -0.0 -1.0
outer loop
vertex -9.0 67.19999694824219 18.5
vertex 9.0 67.19999694824219 18.5
vertex 0.0 67.0999984741211 18.5
endloop
endfacet
facet normal 0.0 0.0 -1.0
outer loop
vertex 0.0 67.0999984741211 18.5
vertex 9.0 67.19999694824219 18.5
vertex 9.0 67.0 18.5
endloop
endfacet
facet normal 1.0 0.0 0.0
outer loop
vertex 9.0 67.0 18.5
vertex 9.0 67.19999694824219 18.5
vertex 9.0 67.19999694824219 21.5
endloop
endfacet
facet normal 0.0 0.0 -1.0
outer loop
vertex 50.0 3.5 0.0
vertex 50.0 3.700000047683716 0.0
vertex 50.099998474121094 3.5999999046325684 0.0
endloop
endfacet
facet normal 0.0 0.0 -1.0
outer loop
vertex 50.0 3.5 0.0
vertex 50.099998474121094 3.5999999046325684 0.0
vertex 50.20000076293945 3.5 0.0
endloop
endfacet
facet normal 0.0 0.0 -1.0
outer loop
vertex 50.099998474121094 3.5999999046325684 0.0
vertex 50.20000076293945 3.700000047683716 0.0
vertex 50.20000076293945 3.5 0.0
endloop
endfacet
facet normal 0.0 -0.0 -1.0
outer loop
vertex 50.0 3.700000047683716 0.0
vertex 50.20000076293945 3.700000047683716 0.0
vertex 50.099998474121094 3.5999999046325684 0.0
endloop
endfacet
facet normal -0.0 1.0 0.0
outer loop
vertex 50.0 3.700000047683716 0.0
vertex 50.0 3.700000047683716 0.800000011920929
vertex 50.20000076293945 3.700000047683716 0.0
endloop
endfacet
facet normal -0.9999999999999999 0.0 0.0
outer loop
vertex 50.0 3.5 0.800000011920929
vertex 50.0 3.700000047683716 1.399999976158142
vertex 50.0 3.700000047683716 0.800000011920929
endloop
endfacet
facet normal -0.9999999999999999 0.0 0.0
outer loop
vertex 50.0 3.5 0.800000011920929
vertex 50.0 3.5 1.399999976158142
vertex 50.0 3.700000047683716 1.399999976158142
endloop
endfacet
facet normal 0.0 1.0 -0.0
outer loop
vertex 50.20000076293945 3.700000047683716 0.0
vertex 50.0 3.700000047683716 0.800000011920929
vertex 50.0 3.700000047683716 1.399999976158142
endloop
endfacet
facet normal 0.0 -1.0 0.0
outer loop
vertex 50.0 3.5 0.0
vertex 50.20000076293945 3.5 0.0
vertex 50.20000076293945 3.5 2.5
endloop
endfacet
facet normal 0.0 1.0 -0.0
outer loop
vertex 50.20000076293945 3.700000047683716 0.0
vertex 50.0 3.700000047683716 1.399999976158142
vertex 50.0 3.700000047683716 1.7000000476837158
endloop
endfacet
facet normal -0.0 -1.0 0.0
outer loop
vertex 50.0 3.5 0.0
vertex 50.20000076293945 3.5 2.5
vertex 50.0 3.5 0.800000011920929
endloop
endfacet
facet normal 0.0 0.0 -1.0
outer loop
vertex 49.20000076293945 -11.5 1.399999976158142
vertex 49.20000076293945 11.5 1.399999976158142
vertex 49.599998474121094 0.0 1.399999976158142
endloop
endfacet
facet normal 0.0 0.0 -1.0
outer loop
vertex 50.0 -3.5 1.399999976158142
vertex 49.599998474121094 0.0 1.399999976158142
vertex 50.0 3.5 1.399999976158142
endloop
endfacet
facet normal 0.0 -0.0 1.0
outer loop
vertex 49.20000076293945 -11.5 1.7000000476837158
vertex 49.599998474121094 0.0 1.7000000476837158
vertex 49.20000076293945 11.5 1.7000000476837158
endloop
endfacet
facet normal 0.0 -0.0 1.0
outer loop
vertex 50.0 -3.5 1.7000000476837158
vertex 50.0 3.5 1.7000000476837158
vertex 49.599998474121094 0.0 1.7000000476837158
endloop
endfacet
facet normal 1.0 -0.0 0.0
outer loop
vertex 50.0 -3.5 1.7000000476837158
vertex 50.0 3.5 1.399999976158142
vertex 50.0 3.5 1.7000000476837158
endloop
endfacet
facet normal 0.0 0.0 -1.0
outer loop
vertex 49.599998474121094 0.0 1.399999976158142
vertex 50.0 3.700000047683716 1.399999976158142
vertex 50.0 3.5 1.399999976158142
endloop
endfacet
facet normal 0.0 0.0 1.0
outer loop
vertex 49.599998474121094 0.0 1.7000000476837158
vertex 50.0 3.5 1.7000000476837158
vertex 50.0 3.700000047683716 1.7000000476837158
endloop
endfacet
facet normal -1.0 0.0 0.0
outer loop
vertex 49.20000076293945 -11.5 1.399999976158142
vertex 49.20000076293945 11.5 1.7000000476837158
vertex 49.20000076293945 11.5 1.399999976158142
endloop
endfacet
facet normal 0.0 1.0 -0.0
outer loop
vertex 50.20000076293945 3.700000047683716 0.0
vertex 50.0 3.700000047683716 1.7000000476837158
vertex 50.0 3.700000047683716 2.5
endloop
endfacet
facet normal -0.0 -1.0 0.0
outer loop
vertex 50.0 3.5 0.800000011920929
vertex 50.20000076293945 3.5 2.5
vertex 50.0 3.5 1.399999976158142
endloop
endfacet
facet normal 0.0 1.0 -0.0
outer loop
vertex 50.20000076293945 3.700000047683716 0.0
vertex 50.0 3.700000047683716 2.5
vertex 50.20000076293945 3.700000047683716 2.5
endloop
endfacet
facet normal -0.0 -1.0 0.0
outer loop
vertex 50.0 3.5 1.399999976158142
vertex 50.20000076293945 3.5 2.5
vertex 50.0 3.5 1.7000000476837158
endloop
endfacet
facet normal -1.0 0.0 0.0
outer loop
vertex 50.0 3.5 1.7000000476837158
vertex 50.0 3.5999999046325684 2.5
vertex 50.0 3.700000047683716 1.7000000476837158
endloop
endfacet
facet normal -1.0 0.0 0.0
outer loop
vertex 50.0 3.5 1.7000000476837158
vertex 50.0 3.5 2.5
vertex 50.0 3.5999999046325684 2.5
endloop
endfacet
facet normal -1.0 0.0 0.0
outer loop
vertex 50.0 3.700000047683716 1.7000000476837158
vertex 50.0 3.5999999046325684 2.5
vertex 50.0 3.700000047683716 2.5
endloop
endfacet
facet normal 0.0 -1.0 0.0
outer loop
vertex 50.0 3.5 1.7000000476837158
vertex 50.20000076293945 3.5 2.5
vertex 50.0 3.5 2.5
endloop
endfacet
facet normal 0.0 0.0 -1.0
outer loop
vertex 49.599998474121094 0.0 1.399999976158142
vertex 49.20000076293945 11.5 1.399999976158142
vertex 49.20000076293945 12.257894515991211 1.399999976158142
endloop
endfacet
facet normal 0.0 0.0 1.0
outer loop
vertex 49.599998474121094 0.0 1.7000000476837158
vertex 49.20000076293945 12.300000190734863 1.7000000476837158
vertex 49.20000076293945 11.5 1.7000000476837158
endloop
endfacet
facet normal -1.0 -0.0 -0.0
outer loop
vertex 50.0 -3.5999999046325684 2.700000047683716
vertex 50.0 3.5999999046325684 2.5
vertex 50.0 3.5 2.5
endloop
endfacet
facet normal -1.0 0.0 0.0
outer loop
vertex 50.0 -3.5999999046325684 2.700000047683716
vertex 50.0 3.5999999046325684 2.700000047683716
vertex 50.0 3.5999999046325684 2.5
endloop
endfacet
facet normal 0.0 0.0 -1.0
outer loop
vertex 50.0 -3.5 2.5
vertex 50.0 3.5 2.5
vertex 50.099998474121094 0.0 2.5
endloop
endfacet
facet normal 0.0 0.0 -0.9999999999999999
outer loop
vertex 50.20000076293945 -3.5 2.5
vertex 50.099998474121094 0.0 2.5
vertex 50.20000076293945 3.5 2.5
endloop
endfacet
facet normal 0.0 -0.0 0.9999999999999999
outer loop
vertex 50.0 -3.5999999046325684 2.700000047683716
vertex 50.099998474121094 0.0 2.700000047683716
vertex 50.0 3.5999999046325684 2.700000047683716
endloop
endfacet
facet normal 0.0 -0.0 1.0
outer loop
vertex 50.20000076293945 -3.5999999046325684 2.700000047683716
vertex 50.20000076293945 3.5999999046325684 2.700000047683716
vertex 50.099998474121094 0.0 2.700000047683716
endloop
endfacet
facet normal 1.0 0.0 0.0
outer loop
vertex 50.20000076293945 -3.5999999046325684 2.5
vertex 50.20000076293945 3.5999999046325684 2.5
vertex 50.20000076293945 3.5999999046325684 2.700000047683716
endloop
endfacet
facet normal 0.0 0.0 -1.0
outer loop
vertex 50.099998474121094 0.0 2.5
vertex 50.0 3.5 2.5
vertex 50.20000076293945 3.5 2.5
endloop
endfacet
facet normal 0.0 -0.0 1.0
outer loop
vertex 50.099998474121094 0.0 2.700000047683716
vertex 50.20000076293945 3.5999999046325684 2.700000047683716
vertex 50.0 3.5999999046325684 2.700000047683716
endloop
endfacet
facet normal 0.0 -0.0 1.0
outer loop
vertex 50.0 3.5999999046325684 2.5
vertex 50.20000076293945 3.5999999046325684 2.5
vertex 50.0 3.700000047683716 2.5
endloop
endfacet
facet normal -0.0 1.0 0.0
outer loop
vertex 50.0 3.5999999046325684 2.5
vertex 50.0 3.5999999046325684 2.700000047683716
vertex 50.20000076293945 3.5999999046325684 2.5
endloop
endfacet
facet normal -0.0 0.0 1.0
outer loop
vertex 50.0 3.700000047683716 2.5
vertex 50.20000076293945 3.5999999046325684 2.5
vertex 50.20000076293945 3.700000047683716 2.5
endloop
endfacet
facet normal -0.0 1.0 0.0
outer loop
vertex 50.0 3.5999999046325684 2.700000047683716
vertex 50.20000076293945 3.5999999046325684 2.700000047683716
vertex 50.20000076293945 3.5999999046325684 2.5
endloop
endfacet
facet normal 0.0 0.0 -1.0
outer loop
vertex 49.599998474121094 0.0 1.399999976158142
vertex 49.20000076293945 12.257894515991211 1.399999976158142
vertex 49.35381317138672 19.202585220336914 1.399999976158142
endloop
endfacet
facet normal 0.0 0.0 -1.0
outer loop
vertex 49.599998474121094 0.0 1.399999976158142
vertex 50.0 31.200000762939453 1.399999976158142
vertex 50.0 3.700000047683716 1.399999976158142
endloop
endfacet
facet normal 0.0 0.0 1.0
outer loop
vertex 49.599998474121094 0.0 1.7000000476837158
vertex 49.35381317138672 19.202585220336914 1.7000000476837158
vertex 49.20000076293945 12.300000190734863 1.7000000476837158
endloop
endfacet
facet normal 0.0 0.0 1.0
outer loop
vertex 49.599998474121094 0.0 1.7000000476837158
vertex 50.0 3.700000047683716 1.7000000476837158
vertex 50.0 31.200000762939453 1.7000000476837158
endloop
endfacet
facet normal 0.0 0.0 -1.0
outer loop
vertex 47.5 11.899999618530273 1.399999976158142
vertex 49.20000076293945 12.257894515991211 1.399999976158142
vertex 49.20000076293945 11.5 1.399999976158142
endloop
endfacet
facet normal 0.0 0.0 -1.0
outer loop
vertex 47.5 11.899999618530273 1.399999976158142
vertex 49.20000076293945 12.300000190734863 1.399999976158142
vertex 49.20000076293945 12.257894515991211 1.399999976158142
endloop
endfacet
facet normal -0.0 0.0 1.0
outer loop
vertex 47.5 11.899999618530273 1.7000000476837158
vertex 49.20000076293945 11.5 1.7000000476837158
vertex 49.20000076293945 12.300000190734863 1.7000000476837158
endloop
endfacet
facet normal 1.0 0.0 -0.0
outer loop
vertex 50.0 3.700000047683716 1.399999976158142
vertex 50.0 31.200000762939453 1.399999976158142
vertex 50.0 3.700000047683716 1.7000000476837158
endloop
endfacet
facet normal 0.0 0.0 -1.0
outer loop
vertex 49.20000076293945 12.257894515991211 1.399999976158142
vertex 49.20000076293945 12.300000190734863 1.399999976158142
vertex 49.35381317138672 19.202585220336914 1.399999976158142
endloop
endfacet
facet normal -1.0 0.0 0.0
outer loop
vertex 49.20000076293945 12.300000190734863 1.399999976158142
vertex 49.20000076293945 12.300000190734863 1.7000000476837158
vertex 49.20000076293945 19.200000762939453 1.7000000476837158
endloop
endfacet
facet normal 0.0 0.0 -1.0
outer loop
vertex 49.20000076293945 12.300000190734863 1.399999976158142
vertex 49.20000076293945 19.200000762939453 1.399999976158142
vertex 49.35381317138672 19.202585220336914 1.399999976158142
endloop
endfacet
facet normal -1.0 0.0 0.0
outer loop
vertex 49.20000076293945 12.300000190734863 1.399999976158142
vertex 49.20000076293945 19.200000762939453 1.7000000476837158
vertex 49.20000076293945 19.200000762939453 1.399999976158142
endloop
endfacet
facet normal 0.0 0.0 -1.0
outer loop
vertex 49.599998474121094 0.0 1.399999976158142
vertex 49.35381317138672 19.202585220336914 1.399999976158142
vertex 50.0 31.200000762939453 1.399999976158142
endloop
endfacet
facet normal 0.0 -0.0 1.0
outer loop
vertex 49.20000076293945 12.300000190734863 1.7000000476837158
vertex 49.35381317138672 19.202585220336914 1.7000000476837158
vertex 49.20000076293945 19.200000762939453 1.7000000476837158
endloop
endfacet
facet normal 0.0 -0.0 1.0
outer loop
vertex 49.599998474121094 0.0 1.7000000476837158
vertex 50.0 31.200000762939453 1.7000000476837158
vertex 49.35381317138672 19.202585220336914 1.7000000476837158
endloop
endfacet
facet normal 0.0 0.0 -1.0
outer loop
vertex 49.35381317138672 19.202585220336914 1.399999976158142
vertex 49.20000076293945 19.988811492919922 1.399999976158142
vertex 49.343631744384766 19.99684715270996 1.399999976158142
endloop
endfacet
facet normal 0.0 -0.0 -0.9999999999999999
outer loop
vertex 49.20000076293945 20.0 1.399999976158142
vertex 49.343631744384766 19.99684715270996 1.399999976158142
vertex 49.20000076293945 19.988811492919922 1.399999976158142
endloop
endfacet
facet normal 1.0 -0.0 0.0
outer loop
vertex 50.0 3.700000047683716 1.7000000476837158
vertex 50.0 31.200000762939453 1.399999976158142
vertex 50.0 31.200000762939453 1.7000000476837158
endloop
endfacet
facet normal 0.0 0.0 -1.0
outer loop
vertex 49.20000076293945 20.0 1.399999976158142
vertex 49.20000076293945 31.200000762939453 1.399999976158142
vertex 49.343631744384766 19.99684715270996 1.399999976158142
endloop
endfacet
facet normal 0.0 0.0 -0.9999999999999999
outer loop
vertex 49.35381317138672 19.202585220336914 1.399999976158142
vertex 49.343631744384766 19.99684715270996 1.399999976158142
vertex 50.0 31.200000762939453 1.399999976158142
endloop
endfacet
facet normal -1.0 0.0 0.0
outer loop
vertex 49.20000076293945 20.0 1.399999976158142
vertex 49.20000076293945 20.0 1.7000000476837158
vertex 49.20000076293945 31.200000762939453 1.7000000476837158
endloop
endfacet
facet normal 0.0 -0.0 1.0
outer loop
vertex 49.20000076293945 20.0 1.7000000476837158
vertex 49.343589782714844 20.0 1.7000000476837158
vertex 49.20000076293945 31.200000762939453 1.7000000476837158
endloop
endfacet
facet normal 0.0 -0.0 1.0
outer loop
vertex 49.35381317138672 19.202585220336914 1.7000000476837158
vertex 50.0 31.200000762939453 1.7000000476837158
vertex 49.343589782714844 20.0 1.7000000476837158
endloop
endfacet
facet normal -1.0 0.0 0.0
outer loop
vertex 49.20000076293945 20.0 1.399999976158142
vertex 49.20000076293945 31.200000762939453 1.7000000476837158
vertex 49.20000076293945 31.200000762939453 1.399999976158142
endloop
endfacet
facet normal 0.0 0.0 -1.0
outer loop
vertex 49.343631744384766 19.99684715270996 1.399999976158142
vertex 49.20000076293945 31.200000762939453 1.399999976158142
vertex 50.0 31.200000762939453 1.399999976158142
endloop
endfacet
facet normal 0.0 -0.0 1.0
outer loop
vertex 49.343589782714844 20.0 1.7000000476837158
vertex 50.0 31.200000762939453 1.7000000476837158
vertex 49.20000076293945 31.200000762939453 1.7000000476837158
endloop
endfacet
facet normal 0.0 0.0 -1.0
outer loop
vertex 49.20000076293945 31.200000762939453 1.399999976158142
vertex 49.599998474121094 31.600000381469727 1.399999976158142
vertex 50.0 31.200000762939453 1.399999976158142
endloop
endfacet
facet normal 0.0 -0.0 1.0
outer loop
vertex 49.20000076293945 31.200000762939453 1.7000000476837158
vertex 50.0 31.200000762939453 1.7000000476837158
vertex 49.599998474121094 31.600000381469727 1.7000000476837158
endloop
endfacet
facet normal 0.0 0.0 -1.0
outer loop
vertex 49.20000076293945 31.200000762939453 1.399999976158142
vertex 49.20000076293945 32.0 1.399999976158142
vertex 49.599998474121094 31.600000381469727 1.399999976158142
endloop
endfacet
facet normal 0.0 -0.0 -1.0
outer loop
vertex 49.20000076293945 32.0 1.399999976158142
vertex 50.0 32.0 1.399999976158142
vertex 49.599998474121094 31.600000381469727 1.399999976158142
endloop
endfacet
facet normal 0.0 0.0 -1.0
outer loop
vertex 50.0 31.200000762939453 1.399999976158142
vertex 49.599998474121094 31.600000381469727 1.399999976158142
vertex 50.0 32.0 1.399999976158142
endloop
endfacet
facet normal -0.0 0.9999999999999999 0.0
outer loop
vertex 49.20000076293945 32.0 1.399999976158142
vertex 49.20000076293945 32.0 1.7000000476837158
vertex 50.0 32.0 1.399999976158142
endloop
endfacet
facet normal 0.9999999999999999 0.0 0.0
outer loop
vertex 50.0 31.200000762939453 1.399999976158142
vertex 50.0 32.0 1.399999976158142
vertex 50.0 32.0 1.7000000476837158
endloop
endfacet
facet normal 0.0 -0.0 1.0
outer loop
vertex 49.20000076293945 31.200000762939453 1.7000000476837158
vertex 49.599998474121094 31.600000381469727 1.7000000476837158
vertex 49.20000076293945 32.0 1.7000000476837158
endloop
endfacet
facet normal -0.0 0.0 1.0
outer loop
vertex 49.20000076293945 32.0 1.7000000476837158
vertex 49.599998474121094 31.600000381469727 1.7000000476837158
vertex 50.0 32.0 1.7000000476837158
endloop
endfacet
facet normal 0.9999999999999999 0.0 -0.0
outer loop
vertex 50.0 31.200000762939453 1.399999976158142
vertex 50.0 32.0 1.7000000476837158
vertex 50.0 31.200000762939453 1.7000000476837158
endloop
endfacet
facet normal 0.0 -0.0 1.0
outer loop
vertex 50.0 31.200000762939453 1.7000000476837158
vertex 50.0 32.0 1.7000000476837158
vertex 49.599998474121094 31.600000381469727 1.7000000476837158
endloop
endfacet
facet normal 0.0 0.9999999999999999 -0.0
outer loop
vertex 50.0 32.0 1.399999976158142
vertex 49.20000076293945 32.0 1.7000000476837158
vertex 50.0 32.0 1.7000000476837158
endloop
endfacet
facet normal 0.0 0.0 -1.0
outer loop
vertex 96.4000015258789 73.4000015258789 0.0
vertex 97.0 74.0 0.0
vertex 97.0 73.4000015258789 0.0
endloop
endfacet
facet normal 1.0 0.0 0.0
outer loop
vertex 97.0 73.4000015258789 0.0
vertex 97.0 74.0 0.0
vertex 97.0 74.0 0.6000000238418579
endloop
endfacet
facet normal 1.0 0.0 -0.0
outer loop
vertex 97.0 73.4000015258789 0.0
vertex 97.0 74.0 0.6000000238418579
vertex 97.0 73.4000015258789 0.6000000238418579
endloop
endfacet
facet normal 0.0 -0.0 1.0
outer loop
vertex 97.0 73.4000015258789 0.6000000238418579
vertex 97.0 74.0 0.6000000238418579
vertex 96.4000015258789 73.4000015258789 0.6000000238418579
endloop
endfacet
facet normal 0.0 -0.0 1.0
outer loop
vertex -9.0 64.80000305175781 21.5
vertex 9.0 64.80000305175781 21.5
vertex 0.0 64.9000015258789 21.5
endloop
endfacet
facet normal -0.0 0.0 1.0
outer loop
vertex -9.0 65.0 21.5
vertex 0.0 64.9000015258789 21.5
vertex 9.0 65.0 21.5
endloop
endfacet
facet normal -0.0 0.0 1.0
outer loop
vertex 0.0 64.9000015258789 21.5
vertex 9.0 64.80000305175781 21.5
vertex 9.0 65.0 21.5
endloop
endfacet
facet normal 1.0 0.0 -0.0
outer loop
vertex 9.0 64.80000305175781 18.5
vertex 9.0 65.0 21.5
vertex 9.0 64.80000305175781 21.5
endloop
endfacet
facet normal -0.0 1.0 0.0
outer loop
vertex -9.0 67.19999694824219 21.5
vertex 9.0 67.19999694824219 21.5
vertex 9.0 67.19999694824219 18.5
endloop
endfacet
facet normal 0.0 -0.0 1.0
outer loop
vertex -9.0 67.0 21.5
vertex 9.0 67.0 21.5
vertex 0.0 67.0999984741211 21.5
endloop
endfacet
facet normal -0.0 0.0 1.0
outer loop
vertex -9.0 67.19999694824219 21.5
vertex 0.0 67.0999984741211 21.5
vertex 9.0 67.19999694824219 21.5
endloop
endfacet
facet normal -0.0 0.0 1.0
outer loop
vertex 0.0 67.0999984741211 21.5
vertex 9.0 67.0 21.5
vertex 9.0 67.19999694824219 21.5
endloop
endfacet
facet normal 1.0 0.0 -0.0
outer loop
vertex 9.0 67.0 18.5
vertex 9.0 67.19999694824219 21.5
vertex 9.0 67.0 21.5
endloop
endfacet
facet normal 0.0 0.0 -1.0
outer loop
vertex -86.0 -61.0 0.0
vertex -85.0 -60.0 0.0
vertex -84.0 -61.0 0.0
endloop
endfacet
facet normal 0.0 0.0 -1.0
outer loop
vertex -86.0 -61.0 0.0
vertex -86.0 -59.0 0.0
vertex -85.0 -60.0 0.0
endloop
endfacet
facet normal 0.0 -0.0 -1.0
outer loop
vertex -86.0 -59.0 0.0
vertex -84.0 -59.0 0.0
vertex -85.0 -60.0 0.0
endloop
endfacet
facet normal 0.0 0.0 -1.0
outer loop
vertex -85.0 -60.0 0.0
vertex -84.0 -59.0 0.0
vertex -84.0 -61.0 0.0
endloop
endfacet
facet normal 0.0 0.0 -1.0
outer loop
vertex -62.0 -74.0 0.0
vertex -62.0 -70.0 0.0
vertex -60.0 -72.0 0.0
endloop
endfacet
facet normal 0.0 0.0 -1.0
outer loop
vertex -62.0 -74.0 0.0
vertex -60.0 -72.0 0.0
vertex -58.0 -74.0 0.0
endloop
endfacet
facet normal 0.0 -0.0 -1.0
outer loop
vertex -62.0 -70.0 0.0
vertex -58.0 -70.0 0.0
vertex -60.0 -72.0 0.0
endloop
endfacet
facet normal 0.0 0.0 -1.0
outer loop
vertex -60.0 -72.0 0.0
vertex -58.0 -70.0 0.0
vertex -58.0 -74.0 0.0
endloop
endfacet
facet normal -1.0 0.0 0.0
outer loop
vertex -62.0 -74.0 0.0
vertex -62.0 -74.0 22.0
vertex -62.0 -70.0 0.0
endloop
endfacet
facet normal -0.0 1.0 0.0
outer loop
vertex -62.0 -70.0 0.0
vertex -62.0 -70.0 22.0
vertex -58.0 -70.0 0.0
endloop
endfacet
facet normal 0.0 -1.0 0.0
outer loop
vertex -62.0 -74.0 0.0
vertex -58.0 -74.0 0.0
vertex -58.0 -74.0 22.0
endloop
endfacet
facet normal 1.0 0.0 0.0
outer loop
vertex -58.0 -74.0 0.0
vertex -58.0 -70.0 0.0
vertex -58.0 -70.0 22.0
endloop
endfacet
facet normal -1.0 0.0 0.0
outer loop
vertex -86.0 -61.0 0.0
vertex -86.0 -61.0 40.0
vertex -86.0 -59.0 0.0
endloop
endfacet
facet normal 1.0 0.0 0.0
outer loop
vertex -84.0 -61.0 0.0
vertex -84.0 -59.0 0.0
vertex -84.0 -59.0 33.0
endloop
endfacet
facet normal -0.0 1.0 0.0
outer loop
vertex -86.0 -59.0 0.0
vertex -84.0 -59.0 33.0
vertex -84.0 -59.0 0.0
endloop
endfacet
facet normal 0.0 -1.0 0.0
outer loop
vertex -86.0 -61.0 0.0
vertex -84.0 -61.0 0.0
vertex -84.0 -61.0 40.0
endloop
endfacet
facet normal 0.0 -1.0 0.0
outer loop
vertex -62.0 -74.0 0.0
vertex -58.0 -74.0 22.0
vertex -62.0 -74.0 22.0
endloop
endfacet
facet normal -1.0 0.0 0.0
outer loop
vertex -62.0 -70.0 0.0
vertex -62.0 -74.0 22.0
vertex -62.0 -70.0 22.0
endloop
endfacet
facet normal 1.0 0.0 -0.0
outer loop
vertex -58.0 -74.0 0.0
vertex -58.0 -70.0 22.0
vertex -58.0 -74.0 22.0
endloop
endfacet
facet normal 0.0 1.0 -0.0
outer loop
vertex -58.0 -70.0 0.0
vertex -62.0 -70.0 22.0
vertex -58.0 -70.0 22.0
endloop
endfacet
facet normal 0.0 0.0 -1.0
outer loop
vertex -91.82274627685547 -1.1772575378417969 0.0
vertex -91.34741973876953 1.6525821685791016 0.0
vertex -91.34741973876953 -1.6525821685791016 0.0
endloop
endfacet
facet normal -1.0 0.0 0.0
outer loop
vertex -95.0 -26.0 18.0
vertex -95.0 -22.0 22.0
vertex -95.0 -22.0 18.0
endloop
endfacet
facet normal 0.0 -1.0 0.0
outer loop
vertex -95.0 -26.0 18.0
vertex -91.0 -26.0 18.0
vertex -95.0 -26.0 22.0
endloop
endfacet
facet normal 1.0 0.0 -0.0
outer loop
vertex -91.0 -26.0 18.0
vertex -91.0 -22.0 18.0
vertex -91.0 -26.0 22.0
endloop
endfacet
facet normal -0.0 1.0 0.0
outer loop
vertex -95.0 -22.0 18.0
vertex -91.0 -22.0 22.0
vertex -91.0 -22.0 18.0
endloop
endfacet
facet normal 0.0 -1.0 0.0
outer loop
vertex -95.0 -2.0 18.0
vertex -91.0 -2.0 18.0
vertex -95.0 -2.0 22.0
endloop
endfacet
facet normal 1.0 0.0 -0.0
outer loop
vertex -91.0 -2.0 18.0
vertex -91.0 2.0 18.0
vertex -91.0 -2.0 22.0
endloop
endfacet
facet normal 0.0 -1.0 0.0
outer loop
vertex -38.0 -74.0 18.0
vertex -34.0 -74.0 18.0
vertex -38.0 -74.0 22.0
endloop
endfacet
facet normal -1.0 0.0 0.0
outer loop
vertex -38.0 -74.0 18.0
vertex -38.0 -70.0 22.0
vertex -38.0 -70.0 18.0
endloop
endfacet
facet normal 1.0 0.0 -0.0
outer loop
vertex -34.0 -74.0 18.0
vertex -34.0 -70.0 18.0
vertex -34.0 -74.0 22.0
endloop
endfacet
facet normal -0.0 1.0 0.0
outer loop
vertex -38.0 -70.0 18.0
vertex -34.0 -70.0 22.0
vertex -34.0 -70.0 18.0
endloop
endfacet
facet normal 0.0 -1.0 0.0
outer loop
vertex -14.0 -74.0 18.0
vertex -10.0 -74.0 18.0
vertex -14.0 -74.0 22.0
endloop
endfacet
facet normal -1.0 0.0 0.0
outer loop
vertex -14.0 -74.0 18.0
vertex -14.0 -70.0 22.0
vertex -14.0 -70.0 18.0
endloop
endfacet
facet normal 1.0 0.0 -0.0
outer loop
vertex -10.0 -74.0 18.0
vertex -10.0 -70.0 18.0
vertex -10.0 -74.0 22.0
endloop
endfacet
facet normal -0.0 1.0 0.0
outer loop
vertex -14.0 -70.0 18.0
vertex -10.0 -70.0 22.0
vertex -10.0 -70.0 18.0
endloop
endfacet
facet normal 0.0 1.0 0.0
outer loop
vertex -86.0 -59.0 0.0
vertex -86.0 -59.0 33.0
vertex -84.0 -59.0 33.0
endloop
endfacet
facet normal -1.0 0.0 0.0
outer loop
vertex -86.0 -59.0 0.0
vertex -86.0 -61.0 40.0
vertex -86.0 -59.0 33.0
endloop
endfacet
facet normal 1.0 0.0 0.0
outer loop
vertex -84.0 -61.0 0.0
vertex -84.0 -59.0 33.0
vertex -84.0 -59.0 35.0
endloop
endfacet
facet normal 1.0 0.0 0.0
outer loop
vertex -84.0 -61.0 0.0
vertex -84.0 -59.0 35.0
vertex -84.0 -59.0 35.5
endloop
endfacet
facet normal 1.0 0.0 0.0
outer loop
vertex -84.0 -61.0 0.0
vertex -84.0 -59.0 35.5
vertex -84.0 -59.0 37.5
endloop
endfacet
facet normal 0.0 -1.0 0.0
outer loop
vertex -86.0 -61.0 0.0
vertex -84.0 -61.0 40.0
vertex -86.0 -61.0 40.0
endloop
endfacet
facet normal 1.0 0.0 0.0
outer loop
vertex -84.0 -61.0 0.0
vertex -84.0 -59.0 37.5
vertex -84.0 -59.0 38.0
endloop
endfacet
facet normal 1.0 0.0 0.0
outer loop
vertex -84.0 -61.0 0.0
vertex -84.0 -59.0 38.0
vertex -84.0 -59.0 40.0
endloop
endfacet
facet normal 1.0 0.0 -0.0
outer loop
vertex -84.0 -61.0 0.0
vertex -84.0 -59.0 40.0
vertex -84.0 -61.0 40.0
endloop
endfacet
facet normal 0.0 -0.0 1.0
outer loop
vertex -62.0 -74.0 22.0
vertex -60.0 -72.0 22.0
vertex -62.0 -70.0 22.0
endloop
endfacet
facet normal 0.0 -0.0 1.0
outer loop
vertex -62.0 -74.0 22.0
vertex -58.0 -74.0 22.0
vertex -60.0 -72.0 22.0
endloop
endfacet
facet normal -0.0 0.0 1.0
outer loop
vertex -62.0 -70.0 22.0
vertex -60.0 -72.0 22.0
vertex -58.0 -70.0 22.0
endloop
endfacet
facet normal -0.0 0.0 1.0
outer loop
vertex -60.0 -72.0 22.0
vertex -58.0 -74.0 22.0
vertex -58.0 -70.0 22.0
endloop
endfacet
facet normal 0.0 1.0 0.0
outer loop
vertex -86.0 -59.0 35.0
vertex -86.0 -59.0 35.5
vertex -84.0 -59.0 35.5
endloop
endfacet
facet normal -1.0 0.0 0.0
outer loop
vertex -86.0 -59.0 33.0
vertex -86.0 -61.0 40.0
vertex -86.0 -59.0 35.0
endloop
endfacet
facet normal -1.0 0.0 0.0
outer loop
vertex -86.0 -59.0 35.0
vertex -86.0 -61.0 40.0
vertex -86.0 -59.0 35.5
endloop
endfacet
facet normal 0.0 -0.0 1.0
outer loop
vertex -86.0 -61.0 40.0
vertex -84.0 -61.0 40.0
vertex -85.0 -60.0 40.0
endloop
endfacet
facet normal -1.0 0.0 0.0
outer loop
vertex -86.0 -59.0 35.5
vertex -86.0 -61.0 40.0
vertex -86.0 -59.0 37.5
endloop
endfacet
facet normal 0.0 1.0 0.0
outer loop
vertex -86.0 -59.0 37.5
vertex -86.0 -59.0 38.0
vertex -84.0 -59.0 38.0
endloop
endfacet
facet normal -1.0 0.0 0.0
outer loop
vertex -86.0 -61.0 40.0
vertex -86.0 -59.0 38.0
vertex -86.0 -59.0 37.5
endloop
endfacet
facet normal -1.0 0.0 0.0
outer loop
vertex -86.0 -61.0 40.0
vertex -86.0 -59.0 40.0
vertex -86.0 -59.0 38.0
endloop
endfacet
facet normal 0.0 -0.0 1.0
outer loop
vertex -86.0 -61.0 40.0
vertex -85.0 -60.0 40.0
vertex -86.0 -59.0 40.0
endloop
endfacet
facet normal -0.0 0.0 1.0
outer loop
vertex -86.0 -59.0 40.0
vertex -85.0 -60.0 40.0
vertex -84.0 -59.0 40.0
endloop
endfacet
facet normal -0.0 1.0 0.0
outer loop
vertex -86.0 -59.0 35.0
vertex -84.0 -59.0 35.5
vertex -84.0 -59.0 35.0
endloop
endfacet
facet normal -0.0 1.0 0.0
outer loop
vertex -86.0 -59.0 37.5
vertex -84.0 -59.0 38.0
vertex -84.0 -59.0 37.5
endloop
endfacet
facet normal -0.0 0.0 1.0
outer loop
vertex -85.0 -60.0 40.0
vertex -84.0 -61.0 40.0
vertex -84.0 -59.0 40.0
endloop
endfacet
facet normal -1.0 0.0 0.0
outer loop
vertex -95.0 -26.0 18.0
vertex -95.0 -26.0 22.0
vertex -95.0 -22.0 22.0
endloop
endfacet
facet normal 0.0 -1.0 0.0
outer loop
vertex -91.0 -26.0 18.0
vertex -91.0 -26.0 22.0
vertex -95.0 -26.0 22.0
endloop
endfacet
facet normal 1.0 0.0 -0.0
outer loop
vertex -91.0 -22.0 18.0
vertex -91.0 -22.0 22.0
vertex -91.0 -26.0 22.0
endloop
endfacet
facet normal 0.0 1.0 0.0
outer loop
vertex -95.0 -22.0 18.0
vertex -95.0 -22.0 22.0
vertex -91.0 -22.0 22.0
endloop
endfacet
facet normal -1.0 0.0 0.0
outer loop
vertex -95.0 -2.0 18.0
vertex -95.0 -2.0 22.0
vertex -95.0 2.0 22.0
endloop
endfacet
facet normal 0.0 -1.0 0.0
outer loop
vertex -91.0 -2.0 18.0
vertex -91.0 -2.0 22.0
vertex -95.0 -2.0 22.0
endloop
endfacet
facet normal -1.0 0.0 0.0
outer loop
vertex -38.0 -74.0 18.0
vertex -38.0 -74.0 22.0
vertex -38.0 -70.0 22.0
endloop
endfacet
facet normal 0.0 1.0 0.0
outer loop
vertex -38.0 -70.0 18.0
vertex -38.0 -70.0 22.0
vertex -34.0 -70.0 22.0
endloop
endfacet
facet normal 0.0 -0.0 1.0
outer loop
vertex -38.0 -74.0 22.0
vertex -36.0 -72.0 22.0
vertex -38.0 -70.0 22.0
endloop
endfacet
facet normal 0.0 -1.0 0.0
outer loop
vertex -34.0 -74.0 18.0
vertex -34.0 -74.0 22.0
vertex -38.0 -74.0 22.0
endloop
endfacet
facet normal 1.0 0.0 -0.0
outer loop
vertex -34.0 -70.0 18.0
vertex -34.0 -70.0 22.0
vertex -34.0 -74.0 22.0
endloop
endfacet
facet normal 0.0 -0.0 1.0
outer loop
vertex -38.0 -74.0 22.0
vertex -34.0 -74.0 22.0
vertex -36.0 -72.0 22.0
endloop
endfacet
facet normal -0.0 0.0 1.0
outer loop
vertex -38.0 -70.0 22.0
vertex -36.0 -72.0 22.0
vertex -34.0 -70.0 22.0
endloop
endfacet
facet normal -0.0 0.0 1.0
outer loop
vertex -36.0 -72.0 22.0
vertex -34.0 -74.0 22.0
vertex -34.0 -70.0 22.0
endloop
endfacet
facet normal -1.0 0.0 0.0
outer loop
vertex -14.0 -74.0 18.0
vertex -14.0 -74.0 22.0
vertex -14.0 -70.0 22.0
endloop
endfacet
facet normal 0.0 1.0 0.0
outer loop
vertex -14.0 -70.0 18.0
vertex -14.0 -70.0 22.0
vertex -10.0 -70.0 22.0
endloop
endfacet
facet normal 0.0 -1.0 0.0
outer loop
vertex -10.0 -74.0 18.0
vertex -10.0 -74.0 22.0
vertex -14.0 -74.0 22.0
endloop
endfacet
facet normal 1.0 0.0 -0.0
outer loop
vertex -10.0 -70.0 18.0
vertex -10.0 -70.0 22.0
vertex -10.0 -74.0 22.0
endloop
endfacet
facet normal 0.0 0.0 -1.0
outer loop
vertex -91.82274627685547 -1.1772575378417969 0.0
vertex -91.82274627685547 1.1772575378417969 0.0
vertex -91.34741973876953 1.6525821685791016 0.0
endloop
endfacet
facet normal -1.0 0.0 0.0
outer loop
vertex -95.0 -2.0 18.0
vertex -95.0 2.0 22.0
vertex -95.0 2.0 18.0
endloop
endfacet
facet normal -0.0 1.0 0.0
outer loop
vertex -95.0 2.0 18.0
vertex -91.0 2.0 22.0
vertex -91.0 2.0 18.0
endloop
endfacet
facet normal 0.0 -1.0 0.0
outer loop
vertex -95.0 22.0 18.0
vertex -91.0 22.0 18.0
vertex -95.0 22.0 22.0
endloop
endfacet
facet normal -1.0 0.0 0.0
outer loop
vertex -95.0 22.0 18.0
vertex -95.0 26.0 22.0
vertex -95.0 26.0 18.0
endloop
endfacet
facet normal 1.0 0.0 -0.0
outer loop
vertex -91.0 22.0 18.0
vertex -91.0 26.0 18.0
vertex -91.0 22.0 22.0
endloop
endfacet
facet normal -0.0 1.0 0.0
outer loop
vertex -95.0 26.0 18.0
vertex -91.0 26.0 22.0
vertex -91.0 26.0 18.0
endloop
endfacet
facet normal 0.0 0.0 -1.0
outer loop
vertex -86.0 59.0 0.0
vertex -85.0 60.0 0.0
vertex -84.0 59.0 0.0
endloop
endfacet
facet normal 0.0 0.0 -1.0
outer loop
vertex -86.0 59.0 0.0
vertex -86.0 61.0 0.0
vertex -85.0 60.0 0.0
endloop
endfacet
facet normal 0.0 0.0 -1.0
outer loop
vertex -85.0 60.0 0.0
vertex -86.0 61.0 0.0
vertex -84.0 61.0 0.0
endloop
endfacet
facet normal 0.0 0.0 -1.0
outer loop
vertex -85.0 60.0 0.0
vertex -84.0 61.0 0.0
vertex -84.0 59.0 0.0
endloop
endfacet
facet normal 0.0 0.0 -1.0
outer loop
vertex -62.0 70.0 0.0
vertex -62.0 74.0 0.0
vertex -60.0 72.0 0.0
endloop
endfacet
facet normal 0.0 0.0 -1.0
outer loop
vertex -62.0 70.0 0.0
vertex -60.0 72.0 0.0
vertex -58.0 70.0 0.0
endloop
endfacet
facet normal 0.0 0.0 -1.0
outer loop
vertex -58.0 70.0 0.0
vertex -60.0 72.0 0.0
vertex -58.0 74.0 0.0
endloop
endfacet
facet normal 0.0 -0.0 -1.0
outer loop
vertex -62.0 74.0 0.0
vertex -58.0 74.0 0.0
vertex -60.0 72.0 0.0
endloop
endfacet
facet normal -1.0 0.0 0.0
outer loop
vertex -62.0 70.0 0.0
vertex -62.0 70.0 22.0
vertex -62.0 74.0 0.0
endloop
endfacet
facet normal -0.0 1.0 0.0
outer loop
vertex -62.0 74.0 0.0
vertex -62.0 74.0 22.0
vertex -58.0 74.0 0.0
endloop
endfacet
facet normal 0.0 -1.0 0.0
outer loop
vertex -62.0 70.0 0.0
vertex -58.0 70.0 0.0
vertex -58.0 70.0 22.0
endloop
endfacet
facet normal 1.0 0.0 0.0
outer loop
vertex -58.0 70.0 0.0
vertex -58.0 74.0 0.0
vertex -58.0 74.0 22.0
endloop
endfacet
facet normal 0.0 -1.0 0.0
outer loop
vertex -86.0 59.0 0.0
vertex -84.0 59.0 0.0
vertex -86.0 59.0 33.0
endloop
endfacet
facet normal -1.0 0.0 0.0
outer loop
vertex -86.0 59.0 0.0
vertex -86.0 61.0 40.0
vertex -86.0 61.0 0.0
endloop
endfacet
facet normal 1.0 0.0 -0.0
outer loop
vertex -84.0 59.0 0.0
vertex -84.0 61.0 0.0
vertex -84.0 59.0 33.0
endloop
endfacet
facet normal -0.0 1.0 0.0
outer loop
vertex -86.0 61.0 0.0
vertex -84.0 61.0 40.0
vertex -84.0 61.0 0.0
endloop
endfacet
facet normal 0.0 -1.0 0.0
outer loop
vertex -62.0 70.0 0.0
vertex -58.0 70.0 22.0
vertex -62.0 70.0 22.0
endloop
endfacet
facet normal -1.0 0.0 0.0
outer loop
vertex -62.0 74.0 0.0
vertex -62.0 70.0 22.0
vertex -62.0 74.0 22.0
endloop
endfacet
facet normal 1.0 0.0 -0.0
outer loop
vertex -58.0 70.0 0.0
vertex -58.0 74.0 22.0
vertex -58.0 70.0 22.0
endloop
endfacet
facet normal 0.0 1.0 -0.0
outer loop
vertex -58.0 74.0 0.0
vertex -62.0 74.0 22.0
vertex -58.0 74.0 22.0
endloop
endfacet
facet normal 0.0 -1.0 0.0
outer loop
vertex -38.0 70.0 18.0
vertex -34.0 70.0 18.0
vertex -38.0 70.0 22.0
endloop
endfacet
facet normal -1.0 0.0 0.0
outer loop
vertex -38.0 70.0 18.0
vertex -38.0 74.0 22.0
vertex -38.0 74.0 18.0
endloop
endfacet
facet normal 1.0 0.0 -0.0
outer loop
vertex -34.0 70.0 18.0
vertex -34.0 74.0 18.0
vertex -34.0 70.0 22.0
endloop
endfacet
facet normal -0.0 1.0 0.0
outer loop
vertex -38.0 74.0 18.0
vertex -34.0 74.0 22.0
vertex -34.0 74.0 18.0
endloop
endfacet
facet normal 0.0 -1.0 0.0
outer loop
vertex -14.0 70.0 18.0
vertex -10.0 70.0 18.0
vertex -14.0 70.0 22.0
endloop
endfacet
facet normal -1.0 0.0 0.0
outer loop
vertex -14.0 70.0 18.0
vertex -14.0 74.0 22.0
vertex -14.0 74.0 18.0
endloop
endfacet
facet normal 1.0 0.0 -0.0
outer loop
vertex -10.0 70.0 18.0
vertex -10.0 74.0 18.0
vertex -10.0 70.0 22.0
endloop
endfacet
facet normal -0.0 1.0 0.0
outer loop
vertex -14.0 74.0 18.0
vertex -10.0 74.0 22.0
vertex -10.0 74.0 18.0
endloop
endfacet
facet normal 0.0 1.0 0.0
outer loop
vertex -95.0 2.0 18.0
vertex -95.0 2.0 22.0
vertex -91.0 2.0 22.0
endloop
endfacet
facet normal 1.0 0.0 -0.0
outer loop
vertex -91.0 2.0 18.0
vertex -91.0 2.0 22.0
vertex -91.0 -2.0 22.0
endloop
endfacet
facet normal 0.0 -1.0 0.0
outer loop
vertex -91.0 22.0 18.0
vertex -91.0 22.0 22.0
vertex -95.0 22.0 22.0
endloop
endfacet
facet normal -1.0 0.0 0.0
outer loop
vertex -95.0 22.0 18.0
vertex -95.0 22.0 22.0
vertex -95.0 26.0 22.0
endloop
endfacet
facet normal 1.0 0.0 -0.0
outer loop
vertex -91.0 26.0 18.0
vertex -91.0 26.0 22.0
vertex -91.0 22.0 22.0
endloop
endfacet
facet normal 0.0 1.0 0.0
outer loop
vertex -95.0 26.0 18.0
vertex -95.0 26.0 22.0
vertex -91.0 26.0 22.0
endloop
endfacet
facet normal -1.0 0.0 0.0
outer loop
vertex -86.0 59.0 0.0
vertex -86.0 59.0 33.0
vertex -86.0 61.0 40.0
endloop
endfacet
facet normal 0.0 -1.0 0.0
outer loop
vertex -84.0 59.0 0.0
vertex -84.0 59.0 33.0
vertex -86.0 59.0 33.0
endloop
endfacet
facet normal 1.0 0.0 0.0
outer loop
vertex -84.0 61.0 0.0
vertex -84.0 59.0 35.0
vertex -84.0 59.0 33.0
endloop
endfacet
facet normal 1.0 0.0 0.0
outer loop
vertex -84.0 61.0 0.0
vertex -84.0 59.0 35.5
vertex -84.0 59.0 35.0
endloop
endfacet
facet normal 1.0 0.0 0.0
outer loop
vertex -84.0 61.0 0.0
vertex -84.0 59.0 37.5
vertex -84.0 59.0 35.5
endloop
endfacet
facet normal 0.0 1.0 0.0
outer loop
vertex -86.0 61.0 0.0
vertex -86.0 61.0 40.0
vertex -84.0 61.0 40.0
endloop
endfacet
facet normal 1.0 0.0 0.0
outer loop
vertex -84.0 61.0 0.0
vertex -84.0 59.0 38.0
vertex -84.0 59.0 37.5
endloop
endfacet
facet normal 1.0 0.0 0.0
outer loop
vertex -84.0 61.0 0.0
vertex -84.0 59.0 40.0
vertex -84.0 59.0 38.0
endloop
endfacet
facet normal 1.0 0.0 -0.0
outer loop
vertex -84.0 61.0 0.0
vertex -84.0 61.0 40.0
vertex -84.0 59.0 40.0
endloop
endfacet
facet normal 0.0 -0.0 1.0
outer loop
vertex -62.0 70.0 22.0
vertex -60.0 72.0 22.0
vertex -62.0 74.0 22.0
endloop
endfacet
facet normal 0.0 -0.0 1.0
outer loop
vertex -62.0 70.0 22.0
vertex -58.0 70.0 22.0
vertex -60.0 72.0 22.0
endloop
endfacet
facet normal 0.0 -0.0 1.0
outer loop
vertex -58.0 70.0 22.0
vertex -58.0 74.0 22.0
vertex -60.0 72.0 22.0
endloop
endfacet
facet normal -0.0 0.0 1.0
outer loop
vertex -62.0 74.0 22.0
vertex -60.0 72.0 22.0
vertex -58.0 74.0 22.0
endloop
endfacet
facet normal 0.0 -1.0 0.0
outer loop
vertex -86.0 59.0 35.0
vertex -84.0 59.0 35.0
vertex -86.0 59.0 35.5
endloop
endfacet
facet normal -1.0 0.0 0.0
outer loop
vertex -86.0 59.0 33.0
vertex -86.0 59.0 35.0
vertex -86.0 61.0 40.0
endloop
endfacet
facet normal -1.0 0.0 0.0
outer loop
vertex -86.0 59.0 35.0
vertex -86.0 59.0 35.5
vertex -86.0 61.0 40.0
endloop
endfacet
facet normal 0.0 -1.0 0.0
outer loop
vertex -86.0 59.0 37.5
vertex -84.0 59.0 37.5
vertex -86.0 59.0 38.0
endloop
endfacet
facet normal -1.0 0.0 0.0
outer loop
vertex -86.0 59.0 35.5
vertex -86.0 59.0 37.5
vertex -86.0 61.0 40.0
endloop
endfacet
facet normal -1.0 0.0 0.0
outer loop
vertex -86.0 59.0 37.5
vertex -86.0 59.0 38.0
vertex -86.0 61.0 40.0
endloop
endfacet
facet normal -1.0 0.0 0.0
outer loop
vertex -86.0 59.0 38.0
vertex -86.0 59.0 40.0
vertex -86.0 61.0 40.0
endloop
endfacet
facet normal 0.0 -0.0 1.0
outer loop
vertex -86.0 59.0 40.0
vertex -84.0 59.0 40.0
vertex -85.0 60.0 40.0
endloop
endfacet
facet normal 0.0 -0.0 1.0
outer loop
vertex -86.0 59.0 40.0
vertex -85.0 60.0 40.0
vertex -86.0 61.0 40.0
endloop
endfacet
facet normal 0.0 -0.0 1.0
outer loop
vertex -85.0 60.0 40.0
vertex -84.0 61.0 40.0
vertex -86.0 61.0 40.0
endloop
endfacet
facet normal 0.0 -1.0 0.0
outer loop
vertex -86.0 59.0 35.5
vertex -84.0 59.0 35.0
vertex -84.0 59.0 35.5
endloop
endfacet
facet normal 0.0 -1.0 0.0
outer loop
vertex -86.0 59.0 38.0
vertex -84.0 59.0 37.5
vertex -84.0 59.0 38.0
endloop
endfacet
facet normal -0.0 0.0 1.0
outer loop
vertex -85.0 60.0 40.0
vertex -84.0 59.0 40.0
vertex -84.0 61.0 40.0
endloop
endfacet
facet normal -1.0 0.0 0.0
outer loop
vertex -38.0 70.0 18.0
vertex -38.0 70.0 22.0
vertex -38.0 74.0 22.0
endloop
endfacet
facet normal 0.0 1.0 0.0
outer loop
vertex -38.0 74.0 18.0
vertex -38.0 74.0 22.0
vertex -34.0 74.0 22.0
endloop
endfacet
facet normal 0.0 -0.0 1.0
outer loop
vertex -38.0 70.0 22.0
vertex -36.0 72.0 22.0
vertex -38.0 74.0 22.0
endloop
endfacet
facet normal 0.0 -1.0 0.0
outer loop
vertex -34.0 70.0 18.0
vertex -34.0 70.0 22.0
vertex -38.0 70.0 22.0
endloop
endfacet
facet normal 1.0 0.0 -0.0
outer loop
vertex -34.0 74.0 18.0
vertex -34.0 74.0 22.0
vertex -34.0 70.0 22.0
endloop
endfacet
facet normal 0.0 -0.0 1.0
outer loop
vertex -38.0 70.0 22.0
vertex -34.0 70.0 22.0
vertex -36.0 72.0 22.0
endloop
endfacet
facet normal 0.0 -0.0 1.0
outer loop
vertex -34.0 70.0 22.0
vertex -34.0 74.0 22.0
vertex -36.0 72.0 22.0
endloop
endfacet
facet normal -0.0 0.0 1.0
outer loop
vertex -38.0 74.0 22.0
vertex -36.0 72.0 22.0
vertex -34.0 74.0 22.0
endloop
endfacet
facet normal -1.0 0.0 0.0
outer loop
vertex -14.0 70.0 18.0
vertex -14.0 70.0 22.0
vertex -14.0 74.0 22.0
endloop
endfacet
facet normal 0.0 1.0 0.0
outer loop
vertex -14.0 74.0 18.0
vertex -14.0 74.0 22.0
vertex -10.0 74.0 22.0
endloop
endfacet
facet normal 0.0 -1.0 0.0
outer loop
vertex -10.0 70.0 18.0
vertex -10.0 70.0 22.0
vertex -14.0 70.0 22.0
endloop
endfacet
facet normal 1.0 0.0 -0.0
outer loop
vertex -10.0 74.0 18.0
vertex -10.0 74.0 22.0
vertex -10.0 70.0 22.0
endloop
endfacet
facet normal 0.0 -1.0 0.0
outer loop
vertex 10.0 -74.0 18.0
vertex 14.0 -74.0 18.0
vertex 10.0 -74.0 22.0
endloop
endfacet
facet normal -1.0 0.0 0.0
outer loop
vertex 10.0 -74.0 18.0
vertex 10.0 -70.0 22.0
vertex 10.0 -70.0 18.0
endloop
endfacet
facet normal 1.0 0.0 -0.0
outer loop
vertex 14.0 -74.0 18.0
vertex 14.0 -70.0 18.0
vertex 14.0 -74.0 22.0
endloop
endfacet
facet normal -0.0 1.0 0.0
outer loop
vertex 10.0 -70.0 18.0
vertex 14.0 -70.0 22.0
vertex 14.0 -70.0 18.0
endloop
endfacet
facet normal 0.0 -1.0 0.0
outer loop
vertex 34.0 -74.0 18.0
vertex 38.0 -74.0 18.0
vertex 34.0 -74.0 22.0
endloop
endfacet
facet normal -1.0 0.0 0.0
outer loop
vertex 34.0 -74.0 18.0
vertex 34.0 -70.0 22.0
vertex 34.0 -70.0 18.0
endloop
endfacet
facet normal 1.0 0.0 -0.0
outer loop
vertex 38.0 -74.0 18.0
vertex 38.0 -70.0 18.0
vertex 38.0 -74.0 22.0
endloop
endfacet
facet normal -0.0 1.0 0.0
outer loop
vertex 34.0 -70.0 18.0
vertex 38.0 -70.0 22.0
vertex 38.0 -70.0 18.0
endloop
endfacet
facet normal 0.0 0.0 -1.0
outer loop
vertex 58.0 -74.0 0.0
vertex 60.0 -72.0 0.0
vertex 62.0 -74.0 0.0
endloop
endfacet
facet normal 0.0 0.0 -1.0
outer loop
vertex 58.0 -74.0 0.0
vertex 58.0 -70.0 0.0
vertex 60.0 -72.0 0.0
endloop
endfacet
facet normal 0.0 0.0 -1.0
outer loop
vertex 60.0 -72.0 0.0
vertex 58.0 -70.0 0.0
vertex 62.0 -70.0 0.0
endloop
endfacet
facet normal 0.0 0.0 -1.0
outer loop
vertex 60.0 -72.0 0.0
vertex 62.0 -70.0 0.0
vertex 62.0 -74.0 0.0
endloop
endfacet
facet normal -1.0 0.0 0.0
outer loop
vertex 58.0 -74.0 0.0
vertex 58.0 -74.0 22.0
vertex 58.0 -70.0 0.0
endloop
endfacet
facet normal -0.0 1.0 0.0
outer loop
vertex 58.0 -70.0 0.0
vertex 58.0 -70.0 22.0
vertex 62.0 -70.0 0.0
endloop
endfacet
facet normal 0.0 -1.0 0.0
outer loop
vertex 58.0 -74.0 0.0
vertex 62.0 -74.0 0.0
vertex 62.0 -74.0 22.0
endloop
endfacet
facet normal 1.0 0.0 0.0
outer loop
vertex 62.0 -74.0 0.0
vertex 62.0 -70.0 0.0
vertex 62.0 -70.0 22.0
endloop
endfacet
facet normal 0.0 0.0 -1.0
outer loop
vertex 84.0 -61.0 0.0
vertex 84.0 -59.0 0.0
vertex 85.0 -60.0 0.0
endloop
endfacet
facet normal 0.0 0.0 -1.0
outer loop
vertex 84.0 -61.0 0.0
vertex 85.0 -60.0 0.0
vertex 86.0 -61.0 0.0
endloop
endfacet
facet normal 0.0 0.0 -1.0
outer loop
vertex 86.0 -61.0 0.0
vertex 85.0 -60.0 0.0
vertex 86.0 -59.0 0.0
endloop
endfacet
facet normal 0.0 -0.0 -1.0
outer loop
vertex 84.0 -59.0 0.0
vertex 86.0 -59.0 0.0
vertex 85.0 -60.0 0.0
endloop
endfacet
facet normal 0.0 -1.0 0.0
outer loop
vertex 58.0 -74.0 0.0
vertex 62.0 -74.0 22.0
vertex 58.0 -74.0 22.0
endloop
endfacet
facet normal -1.0 0.0 0.0
outer loop
vertex 58.0 -70.0 0.0
vertex 58.0 -74.0 22.0
vertex 58.0 -70.0 22.0
endloop
endfacet
facet normal 1.0 0.0 -0.0
outer loop
vertex 62.0 -74.0 0.0
vertex 62.0 -70.0 22.0
vertex 62.0 -74.0 22.0
endloop
endfacet
facet normal 0.0 1.0 -0.0
outer loop
vertex 62.0 -70.0 0.0
vertex 58.0 -70.0 22.0
vertex 62.0 -70.0 22.0
endloop
endfacet
facet normal -1.0 0.0 0.0
outer loop
vertex 84.0 -61.0 0.0
vertex 84.0 -59.0 33.0
vertex 84.0 -59.0 0.0
endloop
endfacet
facet normal 0.0 -1.0 0.0
outer loop
vertex 84.0 -61.0 0.0
vertex 86.0 -61.0 0.0
vertex 84.0 -61.0 40.0
endloop
endfacet
facet normal -0.0 1.0 0.0
outer loop
vertex 84.0 -59.0 0.0
vertex 86.0 -59.0 33.0
vertex 86.0 -59.0 0.0
endloop
endfacet
facet normal 1.0 0.0 -0.0
outer loop
vertex 86.0 -61.0 0.0
vertex 86.0 -59.0 0.0
vertex 86.0 -61.0 40.0
endloop
endfacet
facet normal 0.0 0.0 -1.0
outer loop
vertex 91.34741973876953 -1.6525821685791016 0.0
vertex 91.82274627685547 1.1772575378417969 0.0
vertex 91.82274627685547 -1.1772575378417969 0.0
endloop
endfacet
facet normal 0.0 -1.0 0.0
outer loop
vertex 91.0 -26.0 18.0
vertex 95.0 -26.0 18.0
vertex 91.0 -26.0 22.0
endloop
endfacet
facet normal -1.0 0.0 0.0
outer loop
vertex 91.0 -26.0 18.0
vertex 91.0 -22.0 22.0
vertex 91.0 -22.0 18.0
endloop
endfacet
facet normal 1.0 0.0 -0.0
outer loop
vertex 95.0 -26.0 18.0
vertex 95.0 -22.0 18.0
vertex 95.0 -26.0 22.0
endloop
endfacet
facet normal -0.0 1.0 0.0
outer loop
vertex 91.0 -22.0 18.0
vertex 95.0 -22.0 22.0
vertex 95.0 -22.0 18.0
endloop
endfacet
facet normal 0.0 -1.0 0.0
outer loop
vertex 91.0 -2.0 18.0
vertex 95.0 -2.0 18.0
vertex 91.0 -2.0 22.0
endloop
endfacet
facet normal 1.0 0.0 -0.0
outer loop
vertex 95.0 -2.0 18.0
vertex 95.0 2.0 18.0
vertex 95.0 -2.0 22.0
endloop
endfacet
facet normal -1.0 0.0 0.0
outer loop
vertex 10.0 -74.0 18.0
vertex 10.0 -74.0 22.0
vertex 10.0 -70.0 22.0
endloop
endfacet
facet normal 0.0 1.0 0.0
outer loop
vertex 10.0 -70.0 18.0
vertex 10.0 -70.0 22.0
vertex 14.0 -70.0 22.0
endloop
endfacet
facet normal 0.0 -1.0 0.0
outer loop
vertex 14.0 -74.0 18.0
vertex 14.0 -74.0 22.0
vertex 10.0 -74.0 22.0
endloop
endfacet
facet normal 1.0 0.0 -0.0
outer loop
vertex 14.0 -70.0 18.0
vertex 14.0 -70.0 22.0
vertex 14.0 -74.0 22.0
endloop
endfacet
facet normal -1.0 0.0 0.0
outer loop
vertex 34.0 -74.0 18.0
vertex 34.0 -74.0 22.0
vertex 34.0 -70.0 22.0
endloop
endfacet
facet normal 0.0 1.0 0.0
outer loop
vertex 34.0 -70.0 18.0
vertex 34.0 -70.0 22.0
vertex 38.0 -70.0 22.0
endloop
endfacet
facet normal 0.0 -0.0 1.0
outer loop
vertex 34.0 -74.0 22.0
vertex 38.0 -74.0 22.0
vertex 36.0 -72.0 22.0
endloop
endfacet
facet normal 0.0 -0.0 1.0
outer loop
vertex 34.0 -74.0 22.0
vertex 36.0 -72.0 22.0
vertex 34.0 -70.0 22.0
endloop
endfacet
facet normal 0.0 -0.0 1.0
outer loop
vertex 36.0 -72.0 22.0
vertex 38.0 -70.0 22.0
vertex 34.0 -70.0 22.0
endloop
endfacet
facet normal 0.0 -1.0 0.0
outer loop
vertex 38.0 -74.0 18.0
vertex 38.0 -74.0 22.0
vertex 34.0 -74.0 22.0
endloop
endfacet
facet normal 1.0 0.0 -0.0
outer loop
vertex 38.0 -70.0 18.0
vertex 38.0 -70.0 22.0
vertex 38.0 -74.0 22.0
endloop
endfacet
facet normal -0.0 0.0 1.0
outer loop
vertex 36.0 -72.0 22.0
vertex 38.0 -74.0 22.0
vertex 38.0 -70.0 22.0
endloop
endfacet
facet normal 0.0 -0.0 1.0
outer loop
vertex 58.0 -74.0 22.0
vertex 62.0 -74.0 22.0
vertex 60.0 -72.0 22.0
endloop
endfacet
facet normal 0.0 -0.0 1.0
outer loop
vertex 58.0 -74.0 22.0
vertex 60.0 -72.0 22.0
vertex 58.0 -70.0 22.0
endloop
endfacet
facet normal 0.0 -0.0 1.0
outer loop
vertex 60.0 -72.0 22.0
vertex 62.0 -70.0 22.0
vertex 58.0 -70.0 22.0
endloop
endfacet
facet normal -0.0 0.0 1.0
outer loop
vertex 60.0 -72.0 22.0
vertex 62.0 -74.0 22.0
vertex 62.0 -70.0 22.0
endloop
endfacet
facet normal 0.0 1.0 0.0
outer loop
vertex 84.0 -59.0 0.0
vertex 84.0 -59.0 33.0
vertex 86.0 -59.0 33.0
endloop
endfacet
facet normal -1.0 0.0 0.0
outer loop
vertex 84.0 -61.0 0.0
vertex 84.0 -59.0 35.0
vertex 84.0 -59.0 33.0
endloop
endfacet
facet normal -1.0 0.0 0.0
outer loop
vertex 84.0 -61.0 0.0
vertex 84.0 -59.0 35.5
vertex 84.0 -59.0 35.0
endloop
endfacet
facet normal -1.0 0.0 0.0
outer loop
vertex 84.0 -61.0 0.0
vertex 84.0 -59.0 37.5
vertex 84.0 -59.0 35.5
endloop
endfacet
facet normal 1.0 0.0 -0.0
outer loop
vertex 86.0 -59.0 0.0
vertex 86.0 -59.0 33.0
vertex 86.0 -61.0 40.0
endloop
endfacet
facet normal -1.0 0.0 0.0
outer loop
vertex 84.0 -61.0 0.0
vertex 84.0 -59.0 38.0
vertex 84.0 -59.0 37.5
endloop
endfacet
facet normal -1.0 0.0 0.0
outer loop
vertex 84.0 -61.0 0.0
vertex 84.0 -59.0 40.0
vertex 84.0 -59.0 38.0
endloop
endfacet
facet normal -1.0 0.0 0.0
outer loop
vertex 84.0 -61.0 0.0
vertex 84.0 -61.0 40.0
vertex 84.0 -59.0 40.0
endloop
endfacet
facet normal 0.0 -1.0 0.0
outer loop
vertex 86.0 -61.0 0.0
vertex 86.0 -61.0 40.0
vertex 84.0 -61.0 40.0
endloop
endfacet
facet normal 0.0 1.0 0.0
outer loop
vertex 84.0 -59.0 35.0
vertex 84.0 -59.0 35.5
vertex 86.0 -59.0 35.5
endloop
endfacet
facet normal 0.0 1.0 0.0
outer loop
vertex 84.0 -59.0 37.5
vertex 84.0 -59.0 38.0
vertex 86.0 -59.0 38.0
endloop
endfacet
facet normal 0.0 -0.0 1.0
outer loop
vertex 84.0 -61.0 40.0
vertex 85.0 -60.0 40.0
vertex 84.0 -59.0 40.0
endloop
endfacet
facet normal -0.0 1.0 0.0
outer loop
vertex 84.0 -59.0 35.0
vertex 86.0 -59.0 35.5
vertex 86.0 -59.0 35.0
endloop
endfacet
facet normal 1.0 0.0 -0.0
outer loop
vertex 86.0 -59.0 33.0
vertex 86.0 -59.0 35.0
vertex 86.0 -61.0 40.0
endloop
endfacet
facet normal 1.0 0.0 -0.0
outer loop
vertex 86.0 -59.0 35.0
vertex 86.0 -59.0 35.5
vertex 86.0 -61.0 40.0
endloop
endfacet
facet normal 0.0 -0.0 1.0
outer loop
vertex 84.0 -61.0 40.0
vertex 86.0 -61.0 40.0
vertex 85.0 -60.0 40.0
endloop
endfacet
facet normal 1.0 0.0 -0.0
outer loop
vertex 86.0 -59.0 35.5
vertex 86.0 -59.0 37.5
vertex 86.0 -61.0 40.0
endloop
endfacet
facet normal -0.0 1.0 0.0
outer loop
vertex 84.0 -59.0 37.5
vertex 86.0 -59.0 38.0
vertex 86.0 -59.0 37.5
endloop
endfacet
facet normal 1.0 -0.0 0.0
outer loop
vertex 86.0 -61.0 40.0
vertex 86.0 -59.0 37.5
vertex 86.0 -59.0 38.0
endloop
endfacet
facet normal 1.0 -0.0 0.0
outer loop
vertex 86.0 -61.0 40.0
vertex 86.0 -59.0 38.0
vertex 86.0 -59.0 40.0
endloop
endfacet
facet normal 0.0 -0.0 1.0
outer loop
vertex 86.0 -61.0 40.0
vertex 86.0 -59.0 40.0
vertex 85.0 -60.0 40.0
endloop
endfacet
facet normal -0.0 0.0 1.0
outer loop
vertex 84.0 -59.0 40.0
vertex 85.0 -60.0 40.0
vertex 86.0 -59.0 40.0
endloop
endfacet
facet normal 0.0 -1.0 0.0
outer loop
vertex 95.0 -26.0 18.0
vertex 95.0 -26.0 22.0
vertex 91.0 -26.0 22.0
endloop
endfacet
facet normal -1.0 0.0 0.0
outer loop
vertex 91.0 -26.0 18.0
vertex 91.0 -26.0 22.0
vertex 91.0 -22.0 22.0
endloop
endfacet
facet normal 1.0 0.0 -0.0
outer loop
vertex 95.0 -22.0 18.0
vertex 95.0 -22.0 22.0
vertex 95.0 -26.0 22.0
endloop
endfacet
facet normal 0.0 1.0 0.0
outer loop
vertex 91.0 -22.0 18.0
vertex 91.0 -22.0 22.0
vertex 95.0 -22.0 22.0
endloop
endfacet
facet normal -1.0 0.0 0.0
outer loop
vertex 91.0 -2.0 18.0
vertex 91.0 -2.0 22.0
vertex 91.0 2.0 22.0
endloop
endfacet
facet normal 0.0 -1.0 0.0
outer loop
vertex 95.0 -2.0 18.0
vertex 95.0 -2.0 22.0
vertex 91.0 -2.0 22.0
endloop
endfacet
facet normal 0.0 -1.0 0.0
outer loop
vertex 10.0 70.0 18.0
vertex 14.0 70.0 18.0
vertex 10.0 70.0 22.0
endloop
endfacet
facet normal -1.0 0.0 0.0
outer loop
vertex 10.0 70.0 18.0
vertex 10.0 74.0 22.0
vertex 10.0 74.0 18.0
endloop
endfacet
facet normal 1.0 0.0 -0.0
outer loop
vertex 14.0 70.0 18.0
vertex 14.0 74.0 18.0
vertex 14.0 70.0 22.0
endloop
endfacet
facet normal -0.0 1.0 0.0
outer loop
vertex 10.0 74.0 18.0
vertex 14.0 74.0 22.0
vertex 14.0 74.0 18.0
endloop
endfacet
facet normal 0.0 -1.0 0.0
outer loop
vertex 34.0 70.0 18.0
vertex 38.0 70.0 18.0
vertex 34.0 70.0 22.0
endloop
endfacet
facet normal -1.0 0.0 0.0
outer loop
vertex 34.0 70.0 18.0
vertex 34.0 74.0 22.0
vertex 34.0 74.0 18.0
endloop
endfacet
facet normal 1.0 0.0 -0.0
outer loop
vertex 38.0 70.0 18.0
vertex 38.0 74.0 18.0
vertex 38.0 70.0 22.0
endloop
endfacet
facet normal -0.0 1.0 0.0
outer loop
vertex 34.0 74.0 18.0
vertex 38.0 74.0 22.0
vertex 38.0 74.0 18.0
endloop
endfacet
facet normal 0.0 0.0 -1.0
outer loop
vertex 91.34741973876953 -1.6525821685791016 0.0
vertex 91.34741973876953 1.6525821685791016 0.0
vertex 91.82274627685547 1.1772575378417969 0.0
endloop
endfacet
facet normal -1.0 0.0 0.0
outer loop
vertex 91.0 -2.0 18.0
vertex 91.0 2.0 22.0
vertex 91.0 2.0 18.0
endloop
endfacet
facet normal -0.0 1.0 0.0
outer loop
vertex 91.0 2.0 18.0
vertex 95.0 2.0 22.0
vertex 95.0 2.0 18.0
endloop
endfacet
facet normal 0.0 -1.0 0.0
outer loop
vertex 91.0 22.0 18.0
vertex 95.0 22.0 18.0
vertex 91.0 22.0 22.0
endloop
endfacet
facet normal -1.0 0.0 0.0
outer loop
vertex 91.0 22.0 18.0
vertex 91.0 26.0 22.0
vertex 91.0 26.0 18.0
endloop
endfacet
facet normal -0.0 1.0 0.0
outer loop
vertex 91.0 26.0 18.0
vertex 95.0 26.0 22.0
vertex 95.0 26.0 18.0
endloop
endfacet
facet normal 1.0 0.0 -0.0
outer loop
vertex 95.0 22.0 18.0
vertex 95.0 26.0 18.0
vertex 95.0 22.0 22.0
endloop
endfacet
facet normal 0.0 0.0 -1.0
outer loop
vertex 58.0 70.0 0.0
vertex 58.0 74.0 0.0
vertex 60.0 72.0 0.0
endloop
endfacet
facet normal 0.0 0.0 -1.0
outer loop
vertex 58.0 70.0 0.0
vertex 60.0 72.0 0.0
vertex 62.0 70.0 0.0
endloop
endfacet
facet normal 0.0 -0.0 -1.0
outer loop
vertex 58.0 74.0 0.0
vertex 62.0 74.0 0.0
vertex 60.0 72.0 0.0
endloop
endfacet
facet normal 0.0 0.0 -1.0
outer loop
vertex 60.0 72.0 0.0
vertex 62.0 74.0 0.0
vertex 62.0 70.0 0.0
endloop
endfacet
facet normal -1.0 0.0 0.0
outer loop
vertex 58.0 70.0 0.0
vertex 58.0 70.0 22.0
vertex 58.0 74.0 0.0
endloop
endfacet
facet normal -0.0 1.0 0.0
outer loop
vertex 58.0 74.0 0.0
vertex 58.0 74.0 22.0
vertex 62.0 74.0 0.0
endloop
endfacet
facet normal 0.0 -1.0 0.0
outer loop
vertex 58.0 70.0 0.0
vertex 62.0 70.0 0.0
vertex 62.0 70.0 22.0
endloop
endfacet
facet normal 1.0 0.0 0.0
outer loop
vertex 62.0 70.0 0.0
vertex 62.0 74.0 0.0
vertex 62.0 74.0 22.0
endloop
endfacet
facet normal 0.0 0.0 -1.0
outer loop
vertex 84.0 59.0 0.0
vertex 84.0 61.0 0.0
vertex 85.0 60.0 0.0
endloop
endfacet
facet normal 0.0 0.0 -1.0
outer loop
vertex 84.0 59.0 0.0
vertex 85.0 60.0 0.0
vertex 86.0 59.0 0.0
endloop
endfacet
facet normal 0.0 0.0 -1.0
outer loop
vertex 85.0 60.0 0.0
vertex 86.0 61.0 0.0
vertex 86.0 59.0 0.0
endloop
endfacet
facet normal 0.0 -0.0 -1.0
outer loop
vertex 84.0 61.0 0.0
vertex 86.0 61.0 0.0
vertex 85.0 60.0 0.0
endloop
endfacet
facet normal 0.0 -1.0 0.0
outer loop
vertex 58.0 70.0 0.0
vertex 62.0 70.0 22.0
vertex 58.0 70.0 22.0
endloop
endfacet
facet normal -1.0 0.0 0.0
outer loop
vertex 58.0 74.0 0.0
vertex 58.0 70.0 22.0
vertex 58.0 74.0 22.0
endloop
endfacet
facet normal 1.0 0.0 -0.0
outer loop
vertex 62.0 70.0 0.0
vertex 62.0 74.0 22.0
vertex 62.0 70.0 22.0
endloop
endfacet
facet normal 0.0 1.0 -0.0
outer loop
vertex 62.0 74.0 0.0
vertex 58.0 74.0 22.0
vertex 62.0 74.0 22.0
endloop
endfacet
facet normal 0.0 -1.0 0.0
outer loop
vertex 84.0 59.0 0.0
vertex 86.0 59.0 0.0
vertex 84.0 59.0 33.0
endloop
endfacet
facet normal -1.0 0.0 0.0
outer loop
vertex 84.0 59.0 0.0
vertex 84.0 59.0 33.0
vertex 84.0 61.0 0.0
endloop
endfacet
facet normal -0.0 1.0 0.0
outer loop
vertex 84.0 61.0 0.0
vertex 84.0 61.0 40.0
vertex 86.0 61.0 0.0
endloop
endfacet
facet normal 1.0 0.0 0.0
outer loop
vertex 86.0 59.0 0.0
vertex 86.0 61.0 0.0
vertex 86.0 61.0 40.0
endloop
endfacet
facet normal -1.0 0.0 0.0
outer loop
vertex 10.0 70.0 18.0
vertex 10.0 70.0 22.0
vertex 10.0 74.0 22.0
endloop
endfacet
facet normal 0.0 1.0 0.0
outer loop
vertex 10.0 74.0 18.0
vertex 10.0 74.0 22.0
vertex 14.0 74.0 22.0
endloop
endfacet
facet normal 0.0 -1.0 0.0
outer loop
vertex 14.0 70.0 18.0
vertex 14.0 70.0 22.0
vertex 10.0 70.0 22.0
endloop
endfacet
facet normal 1.0 0.0 -0.0
outer loop
vertex 14.0 74.0 18.0
vertex 14.0 74.0 22.0
vertex 14.0 70.0 22.0
endloop
endfacet
facet normal -1.0 0.0 0.0
outer loop
vertex 34.0 70.0 18.0
vertex 34.0 70.0 22.0
vertex 34.0 74.0 22.0
endloop
endfacet
facet normal 0.0 1.0 0.0
outer loop
vertex 34.0 74.0 18.0
vertex 34.0 74.0 22.0
vertex 38.0 74.0 22.0
endloop
endfacet
facet normal 0.0 -0.0 1.0
outer loop
vertex 34.0 70.0 22.0
vertex 36.0 72.0 22.0
vertex 34.0 74.0 22.0
endloop
endfacet
facet normal 0.0 -0.0 1.0
outer loop
vertex 34.0 70.0 22.0
vertex 38.0 70.0 22.0
vertex 36.0 72.0 22.0
endloop
endfacet
facet normal -0.0 0.0 1.0
outer loop
vertex 34.0 74.0 22.0
vertex 36.0 72.0 22.0
vertex 38.0 74.0 22.0
endloop
endfacet
facet normal 0.0 -1.0 0.0
outer loop
vertex 38.0 70.0 18.0
vertex 38.0 70.0 22.0
vertex 34.0 70.0 22.0
endloop
endfacet
facet normal 1.0 0.0 -0.0
outer loop
vertex 38.0 74.0 18.0
vertex 38.0 74.0 22.0
vertex 38.0 70.0 22.0
endloop
endfacet
facet normal -0.0 0.0 1.0
outer loop
vertex 36.0 72.0 22.0
vertex 38.0 70.0 22.0
vertex 38.0 74.0 22.0
endloop
endfacet
facet normal 0.0 1.0 0.0
outer loop
vertex 91.0 2.0 18.0
vertex 91.0 2.0 22.0
vertex 95.0 2.0 22.0
endloop
endfacet
facet normal 1.0 0.0 -0.0
outer loop
vertex 95.0 2.0 18.0
vertex 95.0 2.0 22.0
vertex 95.0 -2.0 22.0
endloop
endfacet
facet normal 0.0 -1.0 0.0
outer loop
vertex 95.0 22.0 18.0
vertex 95.0 22.0 22.0
vertex 91.0 22.0 22.0
endloop
endfacet
facet normal -1.0 0.0 0.0
outer loop
vertex 91.0 22.0 18.0
vertex 91.0 22.0 22.0
vertex 91.0 26.0 22.0
endloop
endfacet
facet normal 0.0 1.0 0.0
outer loop
vertex 91.0 26.0 18.0
vertex 91.0 26.0 22.0
vertex 95.0 26.0 22.0
endloop
endfacet
facet normal 1.0 0.0 -0.0
outer loop
vertex 95.0 26.0 18.0
vertex 95.0 26.0 22.0
vertex 95.0 22.0 22.0
endloop
endfacet
facet normal 0.0 -0.0 1.0
outer loop
vertex 58.0 70.0 22.0
vertex 60.0 72.0 22.0
vertex 58.0 74.0 22.0
endloop
endfacet
facet normal 0.0 -0.0 1.0
outer loop
vertex 58.0 70.0 22.0
vertex 62.0 70.0 22.0
vertex 60.0 72.0 22.0
endloop
endfacet
facet normal -0.0 0.0 1.0
outer loop
vertex 58.0 74.0 22.0
vertex 60.0 72.0 22.0
vertex 62.0 74.0 22.0
endloop
endfacet
facet normal -0.0 0.0 1.0
outer loop
vertex 60.0 72.0 22.0
vertex 62.0 70.0 22.0
vertex 62.0 74.0 22.0
endloop
endfacet
facet normal -1.0 0.0 0.0
outer loop
vertex 84.0 61.0 0.0
vertex 84.0 59.0 33.0
vertex 84.0 59.0 35.0
endloop
endfacet
facet normal -1.0 0.0 0.0
outer loop
vertex 84.0 61.0 0.0
vertex 84.0 59.0 35.0
vertex 84.0 59.0 35.5
endloop
endfacet
facet normal -1.0 0.0 0.0
outer loop
vertex 84.0 61.0 0.0
vertex 84.0 59.0 35.5
vertex 84.0 59.0 37.5
endloop
endfacet
facet normal 0.0 -1.0 0.0
outer loop
vertex 86.0 59.0 0.0
vertex 86.0 59.0 33.0
vertex 84.0 59.0 33.0
endloop
endfacet
facet normal 1.0 0.0 -0.0
outer loop
vertex 86.0 59.0 0.0
vertex 86.0 61.0 40.0
vertex 86.0 59.0 33.0
endloop
endfacet
facet normal -1.0 0.0 0.0
outer loop
vertex 84.0 61.0 0.0
vertex 84.0 59.0 37.5
vertex 84.0 59.0 38.0
endloop
endfacet
facet normal -1.0 0.0 0.0
outer loop
vertex 84.0 61.0 0.0
vertex 84.0 59.0 38.0
vertex 84.0 59.0 40.0
endloop
endfacet
facet normal -1.0 0.0 0.0
outer loop
vertex 84.0 61.0 0.0
vertex 84.0 59.0 40.0
vertex 84.0 61.0 40.0
endloop
endfacet
facet normal 0.0 1.0 -0.0
outer loop
vertex 86.0 61.0 0.0
vertex 84.0 61.0 40.0
vertex 86.0 61.0 40.0
endloop
endfacet
facet normal 0.0 -1.0 0.0
outer loop
vertex 84.0 59.0 35.0
vertex 86.0 59.0 35.0
vertex 84.0 59.0 35.5
endloop
endfacet
facet normal 0.0 -1.0 0.0
outer loop
vertex 84.0 59.0 37.5
vertex 86.0 59.0 37.5
vertex 84.0 59.0 38.0
endloop
endfacet
facet normal 0.0 -0.0 1.0
outer loop
vertex 84.0 59.0 40.0
vertex 85.0 60.0 40.0
vertex 84.0 61.0 40.0
endloop
endfacet
facet normal 0.0 -1.0 0.0
outer loop
vertex 84.0 59.0 35.5
vertex 86.0 59.0 35.0
vertex 86.0 59.0 35.5
endloop
endfacet
facet normal 1.0 0.0 -0.0
outer loop
vertex 86.0 59.0 33.0
vertex 86.0 61.0 40.0
vertex 86.0 59.0 35.0
endloop
endfacet
facet normal 1.0 0.0 -0.0
outer loop
vertex 86.0 59.0 35.0
vertex 86.0 61.0 40.0
vertex 86.0 59.0 35.5
endloop
endfacet
facet normal 0.0 -1.0 0.0
outer loop
vertex 84.0 59.0 38.0
vertex 86.0 59.0 37.5
vertex 86.0 59.0 38.0
endloop
endfacet
facet normal 1.0 0.0 -0.0
outer loop
vertex 86.0 59.0 35.5
vertex 86.0 61.0 40.0
vertex 86.0 59.0 37.5
endloop
endfacet
facet normal 1.0 0.0 -0.0
outer loop
vertex 86.0 59.0 37.5
vertex 86.0 61.0 40.0
vertex 86.0 59.0 38.0
endloop
endfacet
facet normal 1.0 0.0 -0.0
outer loop
vertex 86.0 59.0 38.0
vertex 86.0 61.0 40.0
vertex 86.0 59.0 40.0
endloop
endfacet
facet normal 0.0 -0.0 1.0
outer loop
vertex 84.0 59.0 40.0
vertex 86.0 59.0 40.0
vertex 85.0 60.0 40.0
endloop
endfacet
facet normal -0.0 0.0 1.0
outer loop
vertex 85.0 60.0 40.0
vertex 86.0 59.0 40.0
vertex 86.0 61.0 40.0
endloop
endfacet
facet normal -0.0 0.0 1.0
outer loop
vertex 84.0 61.0 40.0
vertex 85.0 60.0 40.0
vertex 86.0 61.0 40.0
endloop
endfacet
facet normal 0.0 -1.0 0.0
outer loop
vertex -97.0 -74.0 0.0
vertex -96.4000015258789 -74.0 0.0
vertex -96.4000015258789 -74.0 0.6000000238418579
endloop
endfacet
facet normal 0.0 0.0 -1.0
outer loop
vertex -97.0 -74.0 0.0
vertex -97.0 -73.4000015258789 0.0
vertex -96.4000015258789 -73.4000015258789 0.0
endloop
endfacet
facet normal -1.0 0.0 0.0
outer loop
vertex -97.0 -74.0 0.0
vertex -97.0 -74.0 0.6000000238418579
vertex -97.0 -73.4000015258789 0.0
endloop
endfacet
facet normal -0.0 1.0 0.0
outer loop
vertex -97.0 -73.4000015258789 0.0
vertex -97.0 -73.4000015258789 0.6000000238418579
vertex -96.4000015258789 -73.4000015258789 0.0
endloop
endfacet
facet normal 0.0 -1.0 0.0
outer loop
vertex -97.0 -74.0 0.0
vertex -96.4000015258789 -74.0 0.6000000238418579
vertex -97.0 -74.0 0.6000000238418579
endloop
endfacet
facet normal -1.0 0.0 0.0
outer loop
vertex -97.0 -73.4000015258789 0.0
vertex -97.0 -74.0 0.6000000238418579
vertex -97.0 -73.4000015258789 0.6000000238418579
endloop
endfacet
facet normal -0.0 1.0 0.0
outer loop
vertex -97.0 -73.4000015258789 0.6000000238418579
vertex -96.4000015258789 -73.4000015258789 0.6000000238418579
vertex -96.4000015258789 -73.4000015258789 0.0
endloop
endfacet
facet normal -0.0 0.0 1.0
outer loop
vertex -97.0 -73.4000015258789 0.6000000238418579
vertex -97.0 -74.0 0.6000000238418579
vertex -96.4000015258789 -73.4000015258789 0.6000000238418579
endloop
endfacet
facet normal 0.0 0.0 -1.0
outer loop
vertex -53.400001525878906 -13.699999809265137 3.0
vertex -53.150001525878906 -13.300000190734863 3.0
vertex -52.849998474121094 -13.300000190734863 3.0
endloop
endfacet
facet normal 0.0 0.0 -1.0
outer loop
vertex -53.400001525878906 -13.699999809265137 3.0
vertex -53.150001525878906 -13.0 3.0
vertex -53.150001525878906 -13.300000190734863 3.0
endloop
endfacet
facet normal 0.0 0.0 -1.0
outer loop
vertex -53.400001525878906 -13.699999809265137 3.0
vertex -52.849998474121094 -13.300000190734863 3.0
vertex -51.849998474121094 -13.300000190734863 3.0
endloop
endfacet
facet normal 0.0 0.0 -1.0
outer loop
vertex -52.849998474121094 -13.300000190734863 3.0
vertex -52.849998474121094 -13.0 3.0
vertex -51.849998474121094 -13.0 3.0
endloop
endfacet
facet normal 0.0 0.0 -1.0
outer loop
vertex -53.400001525878906 -13.699999809265137 3.0
vertex -51.849998474121094 -13.300000190734863 3.0
vertex -51.20000076293945 -13.699999809265137 3.0
endloop
endfacet
facet normal 0.0 0.0 -1.0
outer loop
vertex -51.20000076293945 -13.699999809265137 3.0
vertex -51.849998474121094 -13.300000190734863 3.0
vertex -51.54999923706055 -13.300000190734863 3.0
endloop
endfacet
facet normal 0.0 0.0 -1.0
outer loop
vertex -52.849998474121094 -13.300000190734863 3.0
vertex -51.849998474121094 -13.0 3.0
vertex -51.849998474121094 -13.300000190734863 3.0
endloop
endfacet
facet normal 0.0 -0.0 -0.9999999999999999
outer loop
vertex -53.400001525878906 -13.699999809265137 3.0
vertex -51.849998474121094 -9.0 3.0
vertex -53.150001525878906 -13.0 3.0
endloop
endfacet
facet normal 0.0 -1.0 0.0
outer loop
vertex -53.400001525878906 -13.699999809265137 3.0
vertex -51.20000076293945 -13.699999809265137 3.0
vertex -52.29999923706055 -13.699999809265137 3.4000000953674316
endloop
endfacet
facet normal 0.0 -1.0 0.0
outer loop
vertex -53.400001525878906 -13.699999809265137 3.0
vertex -52.29999923706055 -13.699999809265137 3.4000000953674316
vertex -52.29999923706055 -13.699999809265137 4.199999809265137
endloop
endfacet
facet normal 0.0 -1.0 0.0
outer loop
vertex -52.29999923706055 -13.699999809265137 3.4000000953674316
vertex -51.20000076293945 -13.699999809265137 3.0
vertex -52.29999923706055 -13.699999809265137 4.199999809265137
endloop
endfacet
facet normal -0.7371533863496915 0.0 0.6757254508993887
outer loop
vertex -53.400001525878906 -13.699999809265137 3.0
vertex -52.29999923706055 -13.699999809265137 4.199999809265137
vertex -53.400001525878906 -8.300000190734863 3.0
endloop
endfacet
facet normal 0.0 0.0 -1.0
outer loop
vertex -53.400001525878906 -13.699999809265137 3.0
vertex -53.150001525878906 -9.0 3.0
vertex -52.849998474121094 -9.0 3.0
endloop
endfacet
facet normal 0.0 0.0 -1.0
outer loop
vertex -53.400001525878906 -13.699999809265137 3.0
vertex -53.400001525878906 -8.300000190734863 3.0
vertex -53.150001525878906 -8.699999809265137 3.0
endloop
endfacet
facet normal 0.0 0.0 -1.0
outer loop
vertex -53.400001525878906 -13.699999809265137 3.0
vertex -53.150001525878906 -8.699999809265137 3.0
vertex -53.150001525878906 -9.0 3.0
endloop
endfacet
facet normal -0.0 0.0 -1.0
outer loop
vertex -51.20000076293945 -8.300000190734863 3.0
vertex -52.849998474121094 -13.0 3.0
vertex -53.150001525878906 -13.0 3.0
endloop
endfacet
facet normal 0.0 0.0 -1.0
outer loop
vertex -53.400001525878906 -13.699999809265137 3.0
vertex -52.849998474121094 -9.0 3.0
vertex -51.849998474121094 -9.0 3.0
endloop
endfacet
facet normal -0.0 0.0 -1.0
outer loop
vertex -51.20000076293945 -8.300000190734863 3.0
vertex -51.849998474121094 -13.0 3.0
vertex -52.849998474121094 -13.0 3.0
endloop
endfacet
facet normal -0.0 0.0 -1.0
outer loop
vertex -51.20000076293945 -8.300000190734863 3.0
vertex -51.54999923706055 -13.0 3.0
vertex -51.849998474121094 -13.0 3.0
endloop
endfacet
facet normal 0.0 0.0 -1.0
outer loop
vertex -53.150001525878906 -13.0 3.0
vertex -51.849998474121094 -9.0 3.0
vertex -51.54999923706055 -9.0 3.0
endloop
endfacet
facet normal -0.0 0.0 -1.0
outer loop
vertex -51.20000076293945 -8.300000190734863 3.0
vertex -53.150001525878906 -13.0 3.0
vertex -51.54999923706055 -9.0 3.0
endloop
endfacet
facet normal 0.7371545536031953 -0.0 0.6757241775325745
outer loop
vertex -51.20000076293945 -13.699999809265137 3.0
vertex -51.20000076293945 -8.300000190734863 3.0
vertex -52.29999923706055 -8.300000190734863 4.199999809265137
endloop
endfacet
facet normal 0.0 0.0 -1.0
outer loop
vertex -51.20000076293945 -13.699999809265137 3.0
vertex -51.54999923706055 -13.300000190734863 3.0
vertex -51.54999923706055 -13.0 3.0
endloop
endfacet
facet normal 0.0 0.0 -1.0
outer loop
vertex -51.20000076293945 -13.699999809265137 3.0
vertex -51.54999923706055 -13.0 3.0
vertex -51.20000076293945 -8.300000190734863 3.0
endloop
endfacet
facet normal 0.7371545536031953 0.0 0.6757241775325745
outer loop
vertex -51.20000076293945 -13.699999809265137 3.0
vertex -52.29999923706055 -8.300000190734863 4.199999809265137
vertex -52.29999923706055 -13.699999809265137 4.199999809265137
endloop
endfacet
facet normal -0.7371533863496915 0.0 0.6757254508993887
outer loop
vertex -53.400001525878906 -8.300000190734863 3.0
vertex -52.29999923706055 -13.699999809265137 4.199999809265137
vertex -52.29999923706055 -8.300000190734863 4.199999809265137
endloop
endfacet
facet normal -0.0 -0.0 -1.0
outer loop
vertex -53.400001525878906 -8.300000190734863 3.0
vertex -52.849998474121094 -8.699999809265137 3.0
vertex -53.150001525878906 -8.699999809265137 3.0
endloop
endfacet
facet normal 0.0 -0.0 -1.0
outer loop
vertex -52.849998474121094 -8.699999809265137 3.0
vertex -51.849998474121094 -8.699999809265137 3.0
vertex -52.849998474121094 -9.0 3.0
endloop
endfacet
facet normal -0.0 -0.0 -1.0
outer loop
vertex -53.400001525878906 -8.300000190734863 3.0
vertex -51.849998474121094 -8.699999809265137 3.0
vertex -52.849998474121094 -8.699999809265137 3.0
endloop
endfacet
facet normal 0.0 0.0 -1.0
outer loop
vertex -52.849998474121094 -9.0 3.0
vertex -51.849998474121094 -8.699999809265137 3.0
vertex -51.849998474121094 -9.0 3.0
endloop
endfacet
facet normal 0.0 -0.0 -1.0
outer loop
vertex -53.400001525878906 -8.300000190734863 3.0
vertex -51.20000076293945 -8.300000190734863 3.0
vertex -51.849998474121094 -8.699999809265137 3.0
endloop
endfacet
facet normal -0.0 0.0 -1.0
outer loop
vertex -51.20000076293945 -8.300000190734863 3.0
vertex -51.54999923706055 -8.699999809265137 3.0
vertex -51.849998474121094 -8.699999809265137 3.0
endloop
endfacet
facet normal -0.0 1.0 0.0
outer loop
vertex -53.400001525878906 -8.300000190734863 3.0
vertex -52.29999923706055 -8.300000190734863 3.4000000953674316
vertex -51.20000076293945 -8.300000190734863 3.0
endloop
endfacet
facet normal -0.0 1.0 0.0
outer loop
vertex -53.400001525878906 -8.300000190734863 3.0
vertex -52.29999923706055 -8.300000190734863 4.199999809265137
vertex -52.29999923706055 -8.300000190734863 3.4000000953674316
endloop
endfacet
facet normal -0.0 1.0 0.0
outer loop
vertex -52.29999923706055 -8.300000190734863 3.4000000953674316
vertex -52.29999923706055 -8.300000190734863 4.199999809265137
vertex -51.20000076293945 -8.300000190734863 3.0
endloop
endfacet
facet normal -0.0 0.0 -1.0
outer loop
vertex -51.20000076293945 -8.300000190734863 3.0
vertex -51.54999923706055 -9.0 3.0
vertex -51.54999923706055 -8.699999809265137 3.0
endloop
endfacet
facet normal 0.0 -1.0 0.0
outer loop
vertex -9.0 -33.0 12.0
vertex 0.0 -33.0 13.0
vertex 0.0 -33.0 15.0
endloop
endfacet
facet normal -0.31622776601683794 0.0 0.9486832980505138
outer loop
vertex -9.0 -33.0 12.0
vertex 0.0 -33.0 15.0
vertex -9.0 -31.0 12.0
endloop
endfacet
facet normal -0.0 1.0 0.0
outer loop
vertex -9.0 -31.0 12.0
vertex 0.0 -31.0 15.0
vertex 0.0 -31.0 13.0
endloop
endfacet
facet normal -0.31622776601683794 0.0 0.9486832980505138
outer loop
vertex -9.0 -31.0 12.0
vertex 0.0 -33.0 15.0
vertex 0.0 -31.0 15.0
endloop
endfacet
facet normal 0.0 -1.0 0.0
outer loop
vertex -97.0 -49.0 22.0
vertex -51.0 -49.0 22.0
vertex -74.0 -49.0 25.33333396911621
endloop
endfacet
facet normal 0.0 -1.0 0.0
outer loop
vertex -97.0 -49.0 22.0
vertex -74.0 -49.0 25.33333396911621
vertex -74.0 -49.0 32.0
endloop
endfacet
facet normal -0.0 -1.0 -0.0
outer loop
vertex -51.0 -49.0 22.0
vertex -74.0 -49.0 32.0
vertex -74.0 -49.0 25.33333396911621
endloop
endfacet
facet normal 0.0 0.0 -1.0
outer loop
vertex -97.0 -49.0 22.0
vertex -95.0 -26.0 22.0
vertex -91.0 -26.0 22.0
endloop
endfacet
facet normal 0.0 0.0 -1.0
outer loop
vertex -97.0 -49.0 22.0
vertex -95.0 -22.0 22.0
vertex -95.0 -26.0 22.0
endloop
endfacet
facet normal 0.0 0.0 -1.0
outer loop
vertex -97.0 -49.0 22.0
vertex -95.0 -2.0 22.0
vertex -95.0 -22.0 22.0
endloop
endfacet
facet normal 0.0 0.0 -1.0
outer loop
vertex -97.0 -49.0 22.0
vertex -95.0 2.0 22.0
vertex -95.0 -2.0 22.0
endloop
endfacet
facet normal 0.0 0.0 -1.0
outer loop
vertex -95.0 -22.0 22.0
vertex -95.0 -2.0 22.0
vertex -91.0 -22.0 22.0
endloop
endfacet
facet normal 0.0 0.0 -1.0
outer loop
vertex -97.0 -49.0 22.0
vertex -95.0 22.0 22.0
vertex -95.0 2.0 22.0
endloop
endfacet
facet normal 0.0 0.0 -1.0
outer loop
vertex -91.0 -22.0 22.0
vertex -95.0 -2.0 22.0
vertex -91.0 -2.0 22.0
endloop
endfacet
facet normal 0.0 0.0 -1.0
outer loop
vertex -97.0 -49.0 22.0
vertex -91.0 -26.0 22.0
vertex -51.0 49.0 22.0
endloop
endfacet
facet normal -0.39872611141444997 0.0 0.9170700562532349
outer loop
vertex -97.0 -49.0 22.0
vertex -74.0 -49.0 32.0
vertex -97.0 49.0 22.0
endloop
endfacet
facet normal 0.0 0.0 -1.0
outer loop
vertex -97.0 -49.0 22.0
vertex -51.0 49.0 22.0
vertex -51.0 -49.0 22.0
endloop
endfacet
facet normal 0.39872611141444997 0.0 0.9170700562532349
outer loop
vertex -51.0 -49.0 22.0
vertex -74.0 49.0 32.0
vertex -74.0 -49.0 32.0
endloop
endfacet
facet normal -0.9999999999999999 0.0 0.0
outer loop
vertex -25.0 -74.5 22.0
vertex -25.0 -37.5 25.33333396911621
vertex -25.0 -0.5 22.0
endloop
endfacet
facet normal -0.9999999999999999 0.0 0.0
outer loop
vertex -25.0 -74.5 22.0
vertex -25.0 -37.5 32.0
vertex -25.0 -37.5 25.33333396911621
endloop
endfacet
facet normal 0.0 0.0 -1.0
outer loop
vertex -25.0 -74.5 22.0
vertex -14.0 -70.0 22.0
vertex -14.0 -74.0 22.0
endloop
endfacet
facet normal 0.0 0.0 -1.0
outer loop
vertex -25.0 -74.5 22.0
vertex -14.0 -74.0 22.0
vertex 25.0 -74.5 22.0
endloop
endfacet
facet normal 0.0 0.0 -1.0
outer loop
vertex -10.0 -74.0 22.0
vertex -10.0 -70.0 22.0
vertex 10.0 -70.0 22.0
endloop
endfacet
facet normal 0.0 -0.26090902514277464 0.9653633930282662
outer loop
vertex -25.0 -74.5 22.0
vertex 25.0 -74.5 22.0
vertex -25.0 -37.5 32.0
endloop
endfacet
facet normal 0.0 -0.0 -1.0
outer loop
vertex -25.0 -74.5 22.0
vertex 25.0 -0.5 22.0
vertex -14.0 -70.0 22.0
endloop
endfacet
facet normal -0.9999999999999999 0.0 0.0
outer loop
vertex -25.0 -37.5 25.33333396911621
vertex -25.0 -37.5 32.0
vertex -25.0 -0.5 22.0
endloop
endfacet
facet normal 0.0 0.0 -1.0
outer loop
vertex -25.0 -74.5 22.0
vertex -25.0 -0.5 22.0
vertex 25.0 -0.5 22.0
endloop
endfacet
facet normal -0.0 0.26090902514277464 0.9653633930282662
outer loop
vertex -25.0 -37.5 32.0
vertex 25.0 -37.5 32.0
vertex -25.0 -0.5 22.0
endloop
endfacet
facet normal 0.0 0.0 -1.0
outer loop
vertex -97.0 73.4000015258789 0.0
vertex -97.0 74.0 0.0
vertex -96.69999694824219 73.69999694824219 0.0
endloop
endfacet
facet normal 0.0 -0.0 -1.0
outer loop
vertex -97.0 74.0 0.0
vertex -96.4000015258789 74.0 0.0
vertex -96.69999694824219 73.69999694824219 0.0
endloop
endfacet
facet normal -1.0 0.0 0.0
outer loop
vertex -97.0 73.4000015258789 0.0
vertex -97.0 73.4000015258789 0.6000000238418579
vertex -97.0 74.0 0.0
endloop
endfacet
facet normal 0.0 -1.0 0.0
outer loop
vertex -97.0 73.4000015258789 0.0
vertex -96.4000015258789 73.4000015258789 0.0
vertex -96.4000015258789 73.4000015258789 0.6000000238418579
endloop
endfacet
facet normal -0.0 1.0 0.0
outer loop
vertex -97.0 74.0 0.0
vertex -97.0 74.0 0.6000000238418579
vertex -96.4000015258789 74.0 0.0
endloop
endfacet
facet normal 0.0 -1.0 0.0
outer loop
vertex -97.0 73.4000015258789 0.0
vertex -96.4000015258789 73.4000015258789 0.6000000238418579
vertex -97.0 73.4000015258789 0.6000000238418579
endloop
endfacet
facet normal -1.0 0.0 0.0
outer loop
vertex -97.0 74.0 0.0
vertex -97.0 73.4000015258789 0.6000000238418579
vertex -97.0 74.0 0.6000000238418579
endloop
endfacet
facet normal -0.0 0.0 1.0
outer loop
vertex -97.0 74.0 0.6000000238418579
vertex -97.0 73.4000015258789 0.6000000238418579
vertex -96.69999694824219 73.69999694824219 0.6000000238418579
endloop
endfacet
facet normal -0.0 0.0 1.0
outer loop
vertex -97.0 74.0 0.6000000238418579
vertex -96.69999694824219 73.69999694824219 0.6000000238418579
vertex -96.4000015258789 74.0 0.6000000238418579
endloop
endfacet
facet normal -0.0 1.0 0.0
outer loop
vertex -97.0 74.0 0.6000000238418579
vertex -96.4000015258789 74.0 0.6000000238418579
vertex -96.4000015258789 74.0 0.0
endloop
endfacet
facet normal 0.0 0.0 -0.9999999999999999
outer loop
vertex -97.0 -49.0 22.0
vertex -97.0 49.0 22.0
vertex -95.0 22.0 22.0
endloop
endfacet
facet normal 0.0 0.0 -1.0
outer loop
vertex -95.0 2.0 22.0
vertex -95.0 22.0 22.0
vertex -91.0 2.0 22.0
endloop
endfacet
facet normal 0.0 0.0 -1.0
outer loop
vertex -91.0 2.0 22.0
vertex -95.0 22.0 22.0
vertex -91.0 22.0 22.0
endloop
endfacet
facet normal -0.0 0.0 -1.0
outer loop
vertex -51.0 49.0 22.0
vertex -91.0 -26.0 22.0
vertex -91.0 -22.0 22.0
endloop
endfacet
facet normal -0.0 0.0 -1.0
outer loop
vertex -51.0 49.0 22.0
vertex -91.0 -22.0 22.0
vertex -91.0 -2.0 22.0
endloop
endfacet
facet normal -0.0 0.0 -1.0
outer loop
vertex -51.0 49.0 22.0
vertex -91.0 -2.0 22.0
vertex -91.0 2.0 22.0
endloop
endfacet
facet normal -0.39872611141444997 0.0 0.9170700562532349
outer loop
vertex -74.0 -49.0 32.0
vertex -74.0 49.0 32.0
vertex -97.0 49.0 22.0
endloop
endfacet
facet normal 0.0 0.0 -1.0
outer loop
vertex -97.0 49.0 22.0
vertex -95.0 26.0 22.0
vertex -95.0 22.0 22.0
endloop
endfacet
facet normal -0.0 -0.0 -1.0
outer loop
vertex -97.0 49.0 22.0
vertex -91.0 26.0 22.0
vertex -95.0 26.0 22.0
endloop
endfacet
facet normal -0.0 0.0 -1.0
outer loop
vertex -51.0 49.0 22.0
vertex -91.0 2.0 22.0
vertex -91.0 22.0 22.0
endloop
endfacet
facet normal -0.0 0.0 -1.0
outer loop
vertex -51.0 49.0 22.0
vertex -91.0 22.0 22.0
vertex -91.0 26.0 22.0
endloop
endfacet
facet normal 0.39872611141444997 -0.0 0.9170700562532349
outer loop
vertex -51.0 -49.0 22.0
vertex -51.0 49.0 22.0
vertex -74.0 49.0 32.0
endloop
endfacet
facet normal 0.0 -0.0 -1.0
outer loop
vertex -97.0 49.0 22.0
vertex -51.0 49.0 22.0
vertex -91.0 26.0 22.0
endloop
endfacet
facet normal -0.0 1.0 0.0
outer loop
vertex -97.0 49.0 22.0
vertex -74.0 49.0 25.33333396911621
vertex -51.0 49.0 22.0
endloop
endfacet
facet normal -0.0 1.0 0.0
outer loop
vertex -97.0 49.0 22.0
vertex -74.0 49.0 32.0
vertex -74.0 49.0 25.33333396911621
endloop
endfacet
facet normal 0.0 1.0 -0.0
outer loop
vertex -51.0 49.0 22.0
vertex -74.0 49.0 25.33333396911621
vertex -74.0 49.0 32.0
endloop
endfacet
facet normal -0.9999999999999999 0.0 0.0
outer loop
vertex -25.0 0.5 22.0
vertex -25.0 37.5 32.0
vertex -25.0 37.5 25.33333396911621
endloop
endfacet
facet normal 0.0 -0.26090902514277464 0.9653633930282662
outer loop
vertex -25.0 0.5 22.0
vertex 25.0 0.5 22.0
vertex -25.0 37.5 32.0
endloop
endfacet
facet normal -0.9999999999999999 0.0 0.0
outer loop
vertex -25.0 0.5 22.0
vertex -25.0 37.5 25.33333396911621
vertex -25.0 74.5 22.0
endloop
endfacet
facet normal -0.9999999999999999 0.0 0.0
outer loop
vertex -25.0 74.5 22.0
vertex -25.0 37.5 25.33333396911621
vertex -25.0 37.5 32.0
endloop
endfacet
facet normal 0.0 0.0 -1.0
outer loop
vertex -25.0 0.5 22.0
vertex -10.0 67.0 22.0
vertex -10.0 65.0 22.0
endloop
endfacet
facet normal 0.0 0.0 -1.0
outer loop
vertex -25.0 0.5 22.0
vertex -25.0 74.5 22.0
vertex -10.0 67.0 22.0
endloop
endfacet
facet normal 0.0 0.0 -1.0
outer loop
vertex -25.0 0.5 22.0
vertex -10.0 65.0 22.0
vertex 10.0 65.0 22.0
endloop
endfacet
facet normal -0.0 0.26090902514277464 0.9653633930282662
outer loop
vertex -25.0 74.5 22.0
vertex -25.0 37.5 32.0
vertex 25.0 37.5 32.0
endloop
endfacet
facet normal 0.0 0.0 -1.0
outer loop
vertex -25.0 74.5 22.0
vertex -14.0 70.0 22.0
vertex -10.0 67.0 22.0
endloop
endfacet
facet normal 0.0 0.0 -1.0
outer loop
vertex -25.0 74.5 22.0
vertex -14.0 74.0 22.0
vertex -14.0 70.0 22.0
endloop
endfacet
facet normal 0.0 0.0 -1.0
outer loop
vertex -14.0 70.0 22.0
vertex -10.0 70.0 22.0
vertex -10.0 67.0 22.0
endloop
endfacet
facet normal 0.0 0.0 -1.0
outer loop
vertex -10.0 67.0 22.0
vertex -10.0 70.0 22.0
vertex 10.0 67.0 22.0
endloop
endfacet
facet normal 0.0 -0.0 -1.0
outer loop
vertex -25.0 74.5 22.0
vertex 25.0 74.5 22.0
vertex -14.0 74.0 22.0
endloop
endfacet
facet normal 0.0 0.0 -1.0
outer loop
vertex -10.0 70.0 22.0
vertex -10.0 74.0 22.0
vertex 10.0 74.0 22.0
endloop
endfacet
facet normal 0.0 -1.0 0.0
outer loop
vertex -9.0 -33.0 12.0
vertex 9.0 -33.0 12.0
vertex 0.0 -33.0 13.0
endloop
endfacet
facet normal -0.0 1.0 0.0
outer loop
vertex -9.0 -31.0 12.0
vertex 0.0 -31.0 13.0
vertex 9.0 -31.0 12.0
endloop
endfacet
facet normal 0.0 -1.0 0.0
outer loop
vertex 0.0 -33.0 13.0
vertex 9.0 -33.0 12.0
vertex 0.0 -33.0 15.0
endloop
endfacet
facet normal -0.0 1.0 0.0
outer loop
vertex 0.0 -31.0 13.0
vertex 0.0 -31.0 15.0
vertex 9.0 -31.0 12.0
endloop
endfacet
facet normal 0.31622776601683794 -0.0 0.9486832980505138
outer loop
vertex 9.0 -33.0 12.0
vertex 9.0 -31.0 12.0
vertex 0.0 -31.0 15.0
endloop
endfacet
facet normal 0.31622776601683794 0.0 0.9486832980505138
outer loop
vertex 9.0 -33.0 12.0
vertex 0.0 -31.0 15.0
vertex 0.0 -33.0 15.0
endloop
endfacet
facet normal 0.0 -1.0 0.0
outer loop
vertex 96.4000015258789 -74.0 0.0
vertex 97.0 -74.0 0.0
vertex 97.0 -74.0 0.6000000238418579
endloop
endfacet
facet normal 0.0 0.0 -1.0
outer loop
vertex 96.4000015258789 -74.0 0.0
vertex 96.4000015258789 -73.4000015258789 0.0
vertex 96.69999694824219 -73.69999694824219 0.0
endloop
endfacet
facet normal 0.0 -0.0 -1.0
outer loop
vertex 96.4000015258789 -73.4000015258789 0.0
vertex 97.0 -73.4000015258789 0.0
vertex 96.69999694824219 -73.69999694824219 0.0
endloop
endfacet
facet normal -1.0 0.0 0.0
outer loop
vertex 96.4000015258789 -74.0 0.0
vertex 96.4000015258789 -74.0 0.6000000238418579
vertex 96.4000015258789 -73.4000015258789 0.0
endloop
endfacet
facet normal -0.0 1.0 0.0
outer loop
vertex 96.4000015258789 -73.4000015258789 0.0
vertex 96.4000015258789 -73.4000015258789 0.6000000238418579
vertex 97.0 -73.4000015258789 0.0
endloop
endfacet
facet normal 0.0 -1.0 0.0
outer loop
vertex 96.4000015258789 -74.0 0.0
vertex 97.0 -74.0 0.6000000238418579
vertex 96.4000015258789 -74.0 0.6000000238418579
endloop
endfacet
facet normal -1.0 0.0 0.0
outer loop
vertex 96.4000015258789 -73.4000015258789 0.0
vertex 96.4000015258789 -74.0 0.6000000238418579
vertex 96.4000015258789 -73.4000015258789 0.6000000238418579
endloop
endfacet
facet normal -0.0 1.0 0.0
outer loop
vertex 96.4000015258789 -73.4000015258789 0.6000000238418579
vertex 97.0 -73.4000015258789 0.6000000238418579
vertex 97.0 -73.4000015258789 0.0
endloop
endfacet
facet normal -0.0 0.0 1.0
outer loop
vertex 96.4000015258789 -73.4000015258789 0.6000000238418579
vertex 96.4000015258789 -74.0 0.6000000238418579
vertex 96.69999694824219 -73.69999694824219 0.6000000238418579
endloop
endfacet
facet normal -0.0 0.0 1.0
outer loop
vertex 96.4000015258789 -73.4000015258789 0.6000000238418579
vertex 96.69999694824219 -73.69999694824219 0.6000000238418579
vertex 97.0 -73.4000015258789 0.6000000238418579
endloop
endfacet
facet normal 0.0 0.0 -1.0
outer loop
vertex 25.0 -74.5 22.0
vertex -14.0 -74.0 22.0
vertex -10.0 -74.0 22.0
endloop
endfacet
facet normal 0.0 0.0 -1.0
outer loop
vertex -10.0 -74.0 22.0
vertex 10.0 -70.0 22.0
vertex 10.0 -74.0 22.0
endloop
endfacet
facet normal 0.0 0.0 -1.0
outer loop
vertex 25.0 -74.5 22.0
vertex -10.0 -74.0 22.0
vertex 10.0 -74.0 22.0
endloop
endfacet
facet normal 0.0 0.0 -1.0
outer loop
vertex 25.0 -74.5 22.0
vertex 10.0 -74.0 22.0
vertex 14.0 -74.0 22.0
endloop
endfacet
facet normal 0.0 0.0 -1.0
outer loop
vertex 25.0 -74.5 22.0
vertex 14.0 -74.0 22.0
vertex 14.0 -70.0 22.0
endloop
endfacet
facet normal -0.0 0.0 -1.0
outer loop
vertex 25.0 -0.5 22.0
vertex -10.0 -70.0 22.0
vertex -14.0 -70.0 22.0
endloop
endfacet
facet normal -0.0 0.0 -1.0
outer loop
vertex 25.0 -0.5 22.0
vertex 10.0 -70.0 22.0
vertex -10.0 -70.0 22.0
endloop
endfacet
facet normal -0.0 0.0 -1.0
outer loop
vertex 25.0 -0.5 22.0
vertex 14.0 -70.0 22.0
vertex 10.0 -70.0 22.0
endloop
endfacet
facet normal 0.0 0.0 -1.0
outer loop
vertex 25.0 -74.5 22.0
vertex 14.0 -70.0 22.0
vertex 25.0 -0.5 22.0
endloop
endfacet
facet normal 0.0 -0.26090902514277464 0.9653633930282662
outer loop
vertex -25.0 -37.5 32.0
vertex 25.0 -74.5 22.0
vertex 25.0 -37.5 32.0
endloop
endfacet
facet normal 0.9999999999999999 0.0 -0.0
outer loop
vertex 25.0 -74.5 22.0
vertex 25.0 -0.5 22.0
vertex 25.0 -37.5 25.33333396911621
endloop
endfacet
facet normal 0.9999999999999999 0.0 0.0
outer loop
vertex 25.0 -74.5 22.0
vertex 25.0 -37.5 25.33333396911621
vertex 25.0 -37.5 32.0
endloop
endfacet
facet normal 0.0 0.26090902514277464 0.9653633930282662
outer loop
vertex -25.0 -0.5 22.0
vertex 25.0 -37.5 32.0
vertex 25.0 -0.5 22.0
endloop
endfacet
facet normal 0.9999999999999999 -0.0 -0.0
outer loop
vertex 25.0 -37.5 25.33333396911621
vertex 25.0 -0.5 22.0
vertex 25.0 -37.5 32.0
endloop
endfacet
facet normal 0.0 -1.0 0.0
outer loop
vertex 51.0 -49.0 22.0
vertex 74.0 -49.0 25.33333396911621
vertex 74.0 -49.0 32.0
endloop
endfacet
facet normal 0.0 -1.0 0.0
outer loop
vertex 51.0 -49.0 22.0
vertex 97.0 -49.0 22.0
vertex 74.0 -49.0 25.33333396911621
endloop
endfacet
facet normal 0.0 0.0 -1.0
outer loop
vertex 51.0 -49.0 22.0
vertex 91.0 -26.0 22.0
vertex 97.0 -49.0 22.0
endloop
endfacet
facet normal -0.0 -1.0 -0.0
outer loop
vertex 97.0 -49.0 22.0
vertex 74.0 -49.0 32.0
vertex 74.0 -49.0 25.33333396911621
endloop
endfacet
facet normal -0.39872611141444997 0.0 0.9170700562532349
outer loop
vertex 51.0 -49.0 22.0
vertex 74.0 -49.0 32.0
vertex 51.0 49.0 22.0
endloop
endfacet
facet normal 0.0 0.0 -1.0
outer loop
vertex 51.0 -49.0 22.0
vertex 91.0 -22.0 22.0
vertex 91.0 -26.0 22.0
endloop
endfacet
facet normal 0.0 0.0 -1.0
outer loop
vertex 51.0 -49.0 22.0
vertex 91.0 -2.0 22.0
vertex 91.0 -22.0 22.0
endloop
endfacet
facet normal 0.0 0.0 -1.0
outer loop
vertex 97.0 -49.0 22.0
vertex 91.0 -26.0 22.0
vertex 95.0 -26.0 22.0
endloop
endfacet
facet normal 0.0 0.0 -1.0
outer loop
vertex 51.0 -49.0 22.0
vertex 91.0 2.0 22.0
vertex 91.0 -2.0 22.0
endloop
endfacet
facet normal 0.0 0.0 -1.0
outer loop
vertex 51.0 -49.0 22.0
vertex 91.0 22.0 22.0
vertex 91.0 2.0 22.0
endloop
endfacet
facet normal 0.0 0.0 -1.0
outer loop
vertex 51.0 -49.0 22.0
vertex 91.0 26.0 22.0
vertex 91.0 22.0 22.0
endloop
endfacet
facet normal 0.0 0.0 -1.0
outer loop
vertex 91.0 -22.0 22.0
vertex 91.0 -2.0 22.0
vertex 95.0 -22.0 22.0
endloop
endfacet
facet normal 0.0 0.0 -1.0
outer loop
vertex 95.0 -22.0 22.0
vertex 91.0 -2.0 22.0
vertex 95.0 -2.0 22.0
endloop
endfacet
facet normal 0.0 0.0 -0.9999999999999999
outer loop
vertex 97.0 -49.0 22.0
vertex 95.0 -26.0 22.0
vertex 97.0 49.0 22.0
endloop
endfacet
facet normal 0.39872611141444997 0.0 0.9170700562532349
outer loop
vertex 97.0 -49.0 22.0
vertex 74.0 49.0 32.0
vertex 74.0 -49.0 32.0
endloop
endfacet
facet normal 0.0 0.0 -1.0
outer loop
vertex 51.20000076293945 8.300000190734863 3.0
vertex 51.54999923706055 9.0 3.0
vertex 51.54999923706055 8.699999809265137 3.0
endloop
endfacet
facet normal 0.0 0.0 -1.0
outer loop
vertex 51.20000076293945 8.300000190734863 3.0
vertex 51.54999923706055 8.699999809265137 3.0
vertex 51.849998474121094 8.699999809265137 3.0
endloop
endfacet
facet normal 0.0 0.0 -1.0
outer loop
vertex 51.20000076293945 8.300000190734863 3.0
vertex 51.849998474121094 8.699999809265137 3.0
vertex 52.849998474121094 8.699999809265137 3.0
endloop
endfacet
facet normal 0.0 0.0 -1.0
outer loop
vertex 51.849998474121094 8.699999809265137 3.0
vertex 51.849998474121094 9.0 3.0
vertex 52.849998474121094 9.0 3.0
endloop
endfacet
facet normal 0.0 0.0 -1.0
outer loop
vertex 51.20000076293945 8.300000190734863 3.0
vertex 52.849998474121094 8.699999809265137 3.0
vertex 53.400001525878906 8.300000190734863 3.0
endloop
endfacet
facet normal 0.0 0.0 -1.0
outer loop
vertex 51.849998474121094 8.699999809265137 3.0
vertex 52.849998474121094 9.0 3.0
vertex 52.849998474121094 8.699999809265137 3.0
endloop
endfacet
facet normal 0.0 0.0 -1.0
outer loop
vertex 53.400001525878906 8.300000190734863 3.0
vertex 52.849998474121094 8.699999809265137 3.0
vertex 53.150001525878906 8.699999809265137 3.0
endloop
endfacet
facet normal 0.0 0.0 -1.0
outer loop
vertex 53.400001525878906 8.300000190734863 3.0
vertex 53.150001525878906 8.699999809265137 3.0
vertex 53.150001525878906 9.0 3.0
endloop
endfacet
facet normal 0.0 -1.0 0.0
outer loop
vertex 51.20000076293945 8.300000190734863 3.0
vertex 53.400001525878906 8.300000190734863 3.0
vertex 52.29999923706055 8.300000190734863 3.4000000953674316
endloop
endfacet
facet normal 0.0 -1.0 0.0
outer loop
vertex 51.20000076293945 8.300000190734863 3.0
vertex 52.29999923706055 8.300000190734863 3.4000000953674316
vertex 52.29999923706055 8.300000190734863 4.199999809265137
endloop
endfacet
facet normal 0.0 -1.0 0.0
outer loop
vertex 52.29999923706055 8.300000190734863 3.4000000953674316
vertex 53.400001525878906 8.300000190734863 3.0
vertex 52.29999923706055 8.300000190734863 4.199999809265137
endloop
endfacet
facet normal 0.0 0.0 -1.0
outer loop
vertex 51.20000076293945 8.300000190734863 3.0
vertex 51.54999923706055 13.300000190734863 3.0
vertex 51.54999923706055 13.0 3.0
endloop
endfacet
facet normal 0.0 0.0 -1.0
outer loop
vertex 51.20000076293945 8.300000190734863 3.0
vertex 51.20000076293945 13.699999809265137 3.0
vertex 51.54999923706055 13.300000190734863 3.0
endloop
endfacet
facet normal 0.0 -0.0 -1.0
outer loop
vertex 51.20000076293945 8.300000190734863 3.0
vertex 52.849998474121094 13.0 3.0
vertex 51.54999923706055 9.0 3.0
endloop
endfacet
facet normal 0.0 0.0 -1.0
outer loop
vertex 51.849998474121094 9.0 3.0
vertex 51.54999923706055 9.0 3.0
vertex 52.849998474121094 13.0 3.0
endloop
endfacet
facet normal 0.0 0.0 -1.0
outer loop
vertex 51.849998474121094 9.0 3.0
vertex 52.849998474121094 13.0 3.0
vertex 52.849998474121094 9.0 3.0
endloop
endfacet
facet normal 0.0 0.0 -1.0
outer loop
vertex 52.849998474121094 9.0 3.0
vertex 52.849998474121094 13.0 3.0
vertex 53.150001525878906 9.0 3.0
endloop
endfacet
facet normal 0.0 0.0 -1.0
outer loop
vertex 51.20000076293945 8.300000190734863 3.0
vertex 51.54999923706055 13.0 3.0
vertex 51.849998474121094 13.0 3.0
endloop
endfacet
facet normal 0.0 0.0 -1.0
outer loop
vertex 51.20000076293945 8.300000190734863 3.0
vertex 51.849998474121094 13.0 3.0
vertex 52.849998474121094 13.0 3.0
endloop
endfacet
facet normal 0.0 0.0 -0.9999999999999999
outer loop
vertex 53.400001525878906 8.300000190734863 3.0
vertex 53.150001525878906 9.0 3.0
vertex 52.849998474121094 13.0 3.0
endloop
endfacet
facet normal 0.0 0.0 -1.0
outer loop
vertex 53.400001525878906 8.300000190734863 3.0
vertex 52.849998474121094 13.0 3.0
vertex 53.150001525878906 13.0 3.0
endloop
endfacet
facet normal -0.7371545536031953 0.0 0.6757241775325745
outer loop
vertex 51.20000076293945 8.300000190734863 3.0
vertex 52.29999923706055 8.300000190734863 4.199999809265137
vertex 51.20000076293945 13.699999809265137 3.0
endloop
endfacet
facet normal 0.0 0.0 -1.0
outer loop
vertex 51.849998474121094 13.0 3.0
vertex 51.849998474121094 13.300000190734863 3.0
vertex 52.849998474121094 13.300000190734863 3.0
endloop
endfacet
facet normal -0.0 -0.0 -1.0
outer loop
vertex 51.20000076293945 13.699999809265137 3.0
vertex 51.849998474121094 13.300000190734863 3.0
vertex 51.54999923706055 13.300000190734863 3.0
endloop
endfacet
facet normal 0.0 -0.0 -1.0
outer loop
vertex 51.20000076293945 13.699999809265137 3.0
vertex 53.400001525878906 13.699999809265137 3.0
vertex 51.849998474121094 13.300000190734863 3.0
endloop
endfacet
facet normal 0.0 0.0 -1.0
outer loop
vertex 51.849998474121094 13.0 3.0
vertex 52.849998474121094 13.300000190734863 3.0
vertex 52.849998474121094 13.0 3.0
endloop
endfacet
facet normal -0.0 0.0 -1.0
outer loop
vertex 53.400001525878906 13.699999809265137 3.0
vertex 52.849998474121094 13.300000190734863 3.0
vertex 51.849998474121094 13.300000190734863 3.0
endloop
endfacet
facet normal 0.0 0.0 -1.0
outer loop
vertex 53.400001525878906 8.300000190734863 3.0
vertex 53.150001525878906 13.0 3.0
vertex 53.400001525878906 13.699999809265137 3.0
endloop
endfacet
facet normal -0.0 0.0 -1.0
outer loop
vertex 53.400001525878906 13.699999809265137 3.0
vertex 53.150001525878906 13.0 3.0
vertex 53.150001525878906 13.300000190734863 3.0
endloop
endfacet
facet normal -0.0 0.0 -1.0
outer loop
vertex 53.400001525878906 13.699999809265137 3.0
vertex 53.150001525878906 13.300000190734863 3.0
vertex 52.849998474121094 13.300000190734863 3.0
endloop
endfacet
facet normal 0.7371533863496915 -0.0 0.6757254508993887
outer loop
vertex 53.400001525878906 8.300000190734863 3.0
vertex 53.400001525878906 13.699999809265137 3.0
vertex 52.29999923706055 13.699999809265137 4.199999809265137
endloop
endfacet
facet normal -0.0 1.0 0.0
outer loop
vertex 51.20000076293945 13.699999809265137 3.0
vertex 52.29999923706055 13.699999809265137 3.4000000953674316
vertex 53.400001525878906 13.699999809265137 3.0
endloop
endfacet
facet normal -0.0 1.0 0.0
outer loop
vertex 51.20000076293945 13.699999809265137 3.0
vertex 52.29999923706055 13.699999809265137 4.199999809265137
vertex 52.29999923706055 13.699999809265137 3.4000000953674316
endloop
endfacet
facet normal -0.0 1.0 0.0
outer loop
vertex 52.29999923706055 13.699999809265137 3.4000000953674316
vertex 52.29999923706055 13.699999809265137 4.199999809265137
vertex 53.400001525878906 13.699999809265137 3.0
endloop
endfacet
facet normal 0.7371533863496915 0.0 0.6757254508993887
outer loop
vertex 53.400001525878906 8.300000190734863 3.0
vertex 52.29999923706055 13.699999809265137 4.199999809265137
vertex 52.29999923706055 8.300000190734863 4.199999809265137
endloop
endfacet
facet normal -0.7371545536031953 0.0 0.6757241775325745
outer loop
vertex 51.20000076293945 13.699999809265137 3.0
vertex 52.29999923706055 8.300000190734863 4.199999809265137
vertex 52.29999923706055 13.699999809265137 4.199999809265137
endloop
endfacet
facet normal 0.0 0.0 -1.0
outer loop
vertex 96.4000015258789 73.4000015258789 0.0
vertex 96.4000015258789 74.0 0.0
vertex 97.0 74.0 0.0
endloop
endfacet
facet normal -1.0 0.0 0.0
outer loop
vertex 96.4000015258789 73.4000015258789 0.0
vertex 96.4000015258789 73.4000015258789 0.6000000238418579
vertex 96.4000015258789 74.0 0.0
endloop
endfacet
facet normal 0.0 -1.0 0.0
outer loop
vertex 96.4000015258789 73.4000015258789 0.0
vertex 97.0 73.4000015258789 0.0
vertex 97.0 73.4000015258789 0.6000000238418579
endloop
endfacet
facet normal -0.0 1.0 0.0
outer loop
vertex 96.4000015258789 74.0 0.0
vertex 96.4000015258789 74.0 0.6000000238418579
vertex 97.0 74.0 0.0
endloop
endfacet
facet normal 0.0 -1.0 0.0
outer loop
vertex 96.4000015258789 73.4000015258789 0.0
vertex 97.0 73.4000015258789 0.6000000238418579
vertex 96.4000015258789 73.4000015258789 0.6000000238418579
endloop
endfacet
facet normal -1.0 0.0 0.0
outer loop
vertex 96.4000015258789 74.0 0.0
vertex 96.4000015258789 73.4000015258789 0.6000000238418579
vertex 96.4000015258789 74.0 0.6000000238418579
endloop
endfacet
facet normal -0.0 0.0 1.0
outer loop
vertex 96.4000015258789 74.0 0.6000000238418579
vertex 96.4000015258789 73.4000015258789 0.6000000238418579
vertex 97.0 74.0 0.6000000238418579
endloop
endfacet
facet normal -0.0 1.0 0.0
outer loop
vertex 96.4000015258789 74.0 0.6000000238418579
vertex 97.0 74.0 0.6000000238418579
vertex 97.0 74.0 0.0
endloop
endfacet
facet normal 0.0 0.0 -1.0
outer loop
vertex -25.0 0.5 22.0
vertex 25.0 74.5 22.0
vertex 25.0 0.5 22.0
endloop
endfacet
facet normal 0.0 -0.26090902514277464 0.9653633930282662
outer loop
vertex -25.0 37.5 32.0
vertex 25.0 0.5 22.0
vertex 25.0 37.5 32.0
endloop
endfacet
facet normal 0.9999999999999999 0.0 0.0
outer loop
vertex 25.0 0.5 22.0
vertex 25.0 37.5 25.33333396911621
vertex 25.0 37.5 32.0
endloop
endfacet
facet normal 0.0 0.0 -1.0
outer loop
vertex -25.0 0.5 22.0
vertex 10.0 65.0 22.0
vertex 25.0 74.5 22.0
endloop
endfacet
facet normal 0.0 0.0 -1.0
outer loop
vertex -10.0 70.0 22.0
vertex 10.0 70.0 22.0
vertex 10.0 67.0 22.0
endloop
endfacet
facet normal -0.0 0.0 -1.0
outer loop
vertex 25.0 74.5 22.0
vertex -10.0 74.0 22.0
vertex -14.0 74.0 22.0
endloop
endfacet
facet normal 0.0 0.0 -1.0
outer loop
vertex -10.0 70.0 22.0
vertex 10.0 74.0 22.0
vertex 10.0 70.0 22.0
endloop
endfacet
facet normal 0.0 0.0 -1.0
outer loop
vertex 10.0 65.0 22.0
vertex 10.0 67.0 22.0
vertex 14.0 70.0 22.0
endloop
endfacet
facet normal 0.0 -0.0 -1.0
outer loop
vertex 10.0 70.0 22.0
vertex 14.0 70.0 22.0
vertex 10.0 67.0 22.0
endloop
endfacet
facet normal -0.0 0.0 -1.0
outer loop
vertex 25.0 74.5 22.0
vertex 10.0 74.0 22.0
vertex -10.0 74.0 22.0
endloop
endfacet
facet normal -0.0 0.0 -1.0
outer loop
vertex 25.0 74.5 22.0
vertex 10.0 65.0 22.0
vertex 14.0 70.0 22.0
endloop
endfacet
facet normal -0.0 0.0 -1.0
outer loop
vertex 25.0 74.5 22.0
vertex 14.0 74.0 22.0
vertex 10.0 74.0 22.0
endloop
endfacet
facet normal -0.0 0.0 -1.0
outer loop
vertex 25.0 74.5 22.0
vertex 14.0 70.0 22.0
vertex 14.0 74.0 22.0
endloop
endfacet
facet normal 0.0 0.26090902514277464 0.9653633930282662
outer loop
vertex -25.0 74.5 22.0
vertex 25.0 37.5 32.0
vertex 25.0 74.5 22.0
endloop
endfacet
facet normal 0.9999999999999999 0.0 -0.0
outer loop
vertex 25.0 0.5 22.0
vertex 25.0 74.5 22.0
vertex 25.0 37.5 25.33333396911621
endloop
endfacet
facet normal 0.9999999999999999 0.0 0.0
outer loop
vertex 25.0 74.5 22.0
vertex 25.0 37.5 32.0
vertex 25.0 37.5 25.33333396911621
endloop
endfacet
facet normal 0.0 0.0 -1.0
outer loop
vertex 51.0 -49.0 22.0
vertex 51.0 49.0 22.0
vertex 97.0 49.0 22.0
endloop
endfacet
facet normal -0.39872611141444997 0.0 0.9170700562532349
outer loop
vertex 74.0 -49.0 32.0
vertex 74.0 49.0 32.0
vertex 51.0 49.0 22.0
endloop
endfacet
facet normal 0.0 -0.0 -1.0
outer loop
vertex 51.0 -49.0 22.0
vertex 97.0 49.0 22.0
vertex 91.0 26.0 22.0
endloop
endfacet
facet normal -0.0 0.0 -1.0
outer loop
vertex 97.0 49.0 22.0
vertex 95.0 -26.0 22.0
vertex 95.0 -22.0 22.0
endloop
endfacet
facet normal 0.0 0.0 -1.0
outer loop
vertex 91.0 2.0 22.0
vertex 91.0 22.0 22.0
vertex 95.0 2.0 22.0
endloop
endfacet
facet normal -0.0 0.0 -1.0
outer loop
vertex 97.0 49.0 22.0
vertex 95.0 -22.0 22.0
vertex 95.0 -2.0 22.0
endloop
endfacet
facet normal 0.0 0.0 -1.0
outer loop
vertex 95.0 2.0 22.0
vertex 91.0 22.0 22.0
vertex 95.0 22.0 22.0
endloop
endfacet
facet normal -0.0 0.0 -1.0
outer loop
vertex 97.0 49.0 22.0
vertex 95.0 -2.0 22.0
vertex 95.0 2.0 22.0
endloop
endfacet
facet normal 0.39872611141444997 -0.0 0.9170700562532349
outer loop
vertex 97.0 -49.0 22.0
vertex 97.0 49.0 22.0
vertex 74.0 49.0 32.0
endloop
endfacet
facet normal -0.0 0.0 -1.0
outer loop
vertex 97.0 49.0 22.0
vertex 95.0 2.0 22.0
vertex 95.0 22.0 22.0
endloop
endfacet
facet normal -0.0 0.0 -1.0
outer loop
vertex 97.0 49.0 22.0
vertex 95.0 22.0 22.0
vertex 95.0 26.0 22.0
endloop
endfacet
facet normal -0.0 0.0 -1.0
outer loop
vertex 97.0 49.0 22.0
vertex 95.0 26.0 22.0
vertex 91.0 26.0 22.0
endloop
endfacet
facet normal -0.0 1.0 0.0
outer loop
vertex 51.0 49.0 22.0
vertex 74.0 49.0 32.0
vertex 74.0 49.0 25.33333396911621
endloop
endfacet
facet normal -0.0 1.0 0.0
outer loop
vertex 51.0 49.0 22.0
vertex 74.0 49.0 25.33333396911621
vertex 97.0 49.0 22.0
endloop
endfacet
facet normal 0.0 1.0 -0.0
outer loop
vertex 97.0 49.0 22.0
vertex 74.0 49.0 25.33333396911621
vertex 74.0 49.0 32.0
endloop
endfacet
facet normal -1.0 0.0 0.0
outer loop
vertex -50.0 -55.0 13.399999618530273
vertex -50.0 -55.0 14.0
vertex -50.0 -54.5 13.399999618530273
endloop
endfacet
facet normal -1.0 0.0 0.0
outer loop
vertex -50.0 -54.5 13.399999618530273
vertex -50.0 -55.0 14.0
vertex -50.0 -54.5 14.0
endloop
endfacet
facet normal -1.0 0.0 0.0
outer loop
vertex -50.0 -36.0 5.400000095367432
vertex -50.0 -36.0 6.0
vertex -50.0 -35.5 5.400000095367432
endloop
endfacet
facet normal -1.0 0.0 0.0
outer loop
vertex -50.0 -35.5 5.400000095367432
vertex -50.0 -36.0 6.0
vertex -50.0 -35.5 6.0
endloop
endfacet
facet normal 0.0 -1.0 0.0
outer loop
vertex -54.0 -32.0 5.400000095367432
vertex -53.5 -32.0 5.400000095367432
vertex -53.5 -32.0 6.0
endloop
endfacet
facet normal 0.0 -1.0 0.0
outer loop
vertex -54.0 -32.0 5.400000095367432
vertex -53.5 -32.0 6.0
vertex -54.0 -32.0 6.0
endloop
endfacet
facet normal 0.0 0.0 -1.0
outer loop
vertex -54.0 -32.0 5.400000095367432
vertex -53.75 0.0 5.400000095367432
vertex -53.5 -32.0 5.400000095367432
endloop
endfacet
facet normal 0.0 -0.0 1.0
outer loop
vertex -54.0 -32.0 6.0
vertex -53.5 -32.0 6.0
vertex -53.75 0.0 6.0
endloop
endfacet
facet normal 1.0 0.0 -0.0
outer loop
vertex -53.5 -32.0 5.400000095367432
vertex -53.5 32.0 6.0
vertex -53.5 -32.0 6.0
endloop
endfacet
facet normal 0.0 0.0 -1.0
outer loop
vertex -53.5 -32.0 5.400000095367432
vertex -53.75 0.0 5.400000095367432
vertex -53.5 10.0 5.400000095367432
endloop
endfacet
facet normal 1.0 0.0 0.0
outer loop
vertex -53.5 -32.0 5.400000095367432
vertex -53.5 10.0 5.400000095367432
vertex -53.5 10.0 5.599999904632568
endloop
endfacet
facet normal 0.0 -1.0 0.0
outer loop
vertex -75.5 -32.0 13.399999618530273
vertex -75.0 -32.0 13.399999618530273
vertex -75.0 -32.0 14.0
endloop
endfacet
facet normal 0.0 -1.0 0.0
outer loop
vertex -75.5 -32.0 13.399999618530273
vertex -75.0 -32.0 14.0
vertex -75.5 -32.0 14.0
endloop
endfacet
facet normal 0.0 0.0 -1.0
outer loop
vertex -75.5 -32.0 13.399999618530273
vertex -75.25 0.0 13.399999618530273
vertex -75.0 -32.0 13.399999618530273
endloop
endfacet
facet normal 0.0 -0.0 1.0
outer loop
vertex -75.5 -32.0 14.0
vertex -75.0 -32.0 14.0
vertex -75.25 0.0 14.0
endloop
endfacet
facet normal 1.0 0.0 -0.0
outer loop
vertex -75.0 -32.0 13.399999618530273
vertex -75.0 32.0 14.0
vertex -75.0 -32.0 14.0
endloop
endfacet
facet normal 0.0 0.0 -1.0
outer loop
vertex -50.0 -55.0 13.399999618530273
vertex -50.0 -54.5 13.399999618530273
vertex 0.0 -54.75 13.399999618530273
endloop
endfacet
facet normal 0.0 -0.0 1.0
outer loop
vertex -50.0 -55.0 14.0
vertex 0.0 -54.75 14.0
vertex -50.0 -54.5 14.0
endloop
endfacet
facet normal -0.0 1.0 0.0
outer loop
vertex -50.0 -54.5 13.399999618530273
vertex -50.0 -54.5 14.0
vertex 50.0 -54.5 13.399999618530273
endloop
endfacet
facet normal 0.0 0.0 -1.0
outer loop
vertex -50.0 -36.0 5.400000095367432
vertex -50.0 -35.5 5.400000095367432
vertex 0.0 -35.75 5.400000095367432
endloop
endfacet
facet normal 0.0 -0.0 1.0
outer loop
vertex -50.0 -36.0 6.0
vertex 0.0 -35.75 6.0
vertex -50.0 -35.5 6.0
endloop
endfacet
facet normal -0.0 1.0 0.0
outer loop
vertex -50.0 -35.5 5.400000095367432
vertex -50.0 -35.5 6.0
vertex 50.0 -35.5 5.400000095367432
endloop
endfacet
facet normal 0.0 0.0 -1.0
outer loop
vertex -54.0 -32.0 5.400000095367432
vertex -54.0 32.0 5.400000095367432
vertex -53.75 0.0 5.400000095367432
endloop
endfacet
facet normal 0.0 -0.0 1.0
outer loop
vertex -54.0 -32.0 6.0
vertex -53.75 0.0 6.0
vertex -54.0 32.0 6.0
endloop
endfacet
facet normal 0.0 -0.0 1.0
outer loop
vertex -53.5 -32.0 6.0
vertex -53.5 32.0 6.0
vertex -53.75 0.0 6.0
endloop
endfacet
facet normal 1.0 0.0 0.0
outer loop
vertex -53.5 -32.0 5.400000095367432
vertex -53.5 10.0 5.599999904632568
vertex -53.5 32.0 6.0
endloop
endfacet
facet normal 0.0 0.0 -1.0
outer loop
vertex -53.75 0.0 5.400000095367432
vertex -53.5 16.0 5.400000095367432
vertex -53.5 10.0 5.400000095367432
endloop
endfacet
facet normal 0.0 0.0 -1.0
outer loop
vertex -53.75 0.0 5.400000095367432
vertex -53.5 32.0 5.400000095367432
vertex -53.5 16.0 5.400000095367432
endloop
endfacet
facet normal 1.0 0.0 0.0
outer loop
vertex -53.5 10.0 5.599999904632568
vertex -53.5 16.0 5.599999904632568
vertex -53.5 32.0 6.0
endloop
endfacet
facet normal 0.0 0.0 -1.0
outer loop
vertex -53.75 0.0 5.400000095367432
vertex -54.0 32.0 5.400000095367432
vertex -53.5 32.0 5.400000095367432
endloop
endfacet
facet normal 1.0 0.0 -0.0
outer loop
vertex -53.5 16.0 5.400000095367432
vertex -53.5 32.0 5.400000095367432
vertex -53.5 16.0 5.599999904632568
endloop
endfacet
facet normal 0.0 -0.0 1.0
outer loop
vertex -53.75 0.0 6.0
vertex -53.5 32.0 6.0
vertex -54.0 32.0 6.0
endloop
endfacet
facet normal 1.0 -0.0 0.0
outer loop
vertex -53.5 16.0 5.599999904632568
vertex -53.5 32.0 5.400000095367432
vertex -53.5 32.0 6.0
endloop
endfacet
facet normal -0.0 1.0 0.0
outer loop
vertex -54.0 32.0 5.400000095367432
vertex -54.0 32.0 6.0
vertex -53.5 32.0 5.400000095367432
endloop
endfacet
facet normal 0.0 1.0 -0.0
outer loop
vertex -53.5 32.0 5.400000095367432
vertex -54.0 32.0 6.0
vertex -53.5 32.0 6.0
endloop
endfacet
facet normal -1.0 0.0 0.0
outer loop
vertex -50.0 35.5 5.400000095367432
vertex -50.0 35.5 6.0
vertex -50.0 36.0 5.400000095367432
endloop
endfacet
facet normal -1.0 0.0 0.0
outer loop
vertex -50.0 36.0 5.400000095367432
vertex -50.0 35.5 6.0
vertex -50.0 36.0 6.0
endloop
endfacet
facet normal 0.0 0.0 -1.0
outer loop
vertex -75.5 -32.0 13.399999618530273
vertex -75.5 32.0 13.399999618530273
vertex -75.25 0.0 13.399999618530273
endloop
endfacet
facet normal 0.0 0.0 -1.0
outer loop
vertex -75.0 -32.0 13.399999618530273
vertex -75.25 0.0 13.399999618530273
vertex -75.0 32.0 13.399999618530273
endloop
endfacet
facet normal 0.0 -0.0 1.0
outer loop
vertex -75.5 -32.0 14.0
vertex -75.25 0.0 14.0
vertex -75.5 32.0 14.0
endloop
endfacet
facet normal 0.0 -0.0 1.0
outer loop
vertex -75.0 -32.0 14.0
vertex -75.0 32.0 14.0
vertex -75.25 0.0 14.0
endloop
endfacet
facet normal 1.0 0.0 0.0
outer loop
vertex -75.0 -32.0 13.399999618530273
vertex -75.0 32.0 13.399999618530273
vertex -75.0 32.0 14.0
endloop
endfacet
facet normal 0.0 0.0 -1.0
outer loop
vertex -75.25 0.0 13.399999618530273
vertex -75.5 32.0 13.399999618530273
vertex -75.0 32.0 13.399999618530273
endloop
endfacet
facet normal 0.0 -0.0 1.0
outer loop
vertex -75.25 0.0 14.0
vertex -75.0 32.0 14.0
vertex -75.5 32.0 14.0
endloop
endfacet
facet normal -0.0 1.0 0.0
outer loop
vertex -75.5 32.0 13.399999618530273
vertex -75.5 32.0 14.0
vertex -75.0 32.0 13.399999618530273
endloop
endfacet
facet normal 0.0 1.0 -0.0
outer loop
vertex -75.0 32.0 13.399999618530273
vertex -75.5 32.0 14.0
vertex -75.0 32.0 14.0
endloop
endfacet
facet normal -1.0 0.0 0.0
outer loop
vertex -50.0 54.5 13.399999618530273
vertex -50.0 54.5 14.0
vertex -50.0 55.0 13.399999618530273
endloop
endfacet
facet normal -0.9999999999999999 0.0 0.0
outer loop
vertex -50.0 55.0 13.399999618530273
vertex -50.0 54.5 14.0
vertex -50.0 55.0 13.47826099395752
endloop
endfacet
facet normal -1.0 0.0 0.0
outer loop
vertex -50.0 55.0 13.47826099395752
vertex -50.0 54.5 14.0
vertex -50.0 55.0 14.0
endloop
endfacet
facet normal 0.0 0.0 -1.0
outer loop
vertex -50.0 35.5 5.400000095367432
vertex -50.0 36.0 5.400000095367432
vertex 0.0 35.75 5.400000095367432
endloop
endfacet
facet normal 0.0 -0.0 1.0
outer loop
vertex -50.0 35.5 6.0
vertex 0.0 35.75 6.0
vertex -50.0 36.0 6.0
endloop
endfacet
facet normal 0.0 -1.0 0.0
outer loop
vertex -50.0 35.5 5.400000095367432
vertex 50.0 35.5 6.0
vertex -50.0 35.5 6.0
endloop
endfacet
facet normal 0.0 0.0 -1.0
outer loop
vertex -50.0 54.5 13.399999618530273
vertex -50.0 55.0 13.399999618530273
vertex 0.0 54.75 13.399999618530273
endloop
endfacet
facet normal 0.0 -0.0 1.0
outer loop
vertex -50.0 54.5 14.0
vertex 0.0 54.75 14.0
vertex -50.0 55.0 14.0
endloop
endfacet
facet normal 0.0 -1.0 0.0
outer loop
vertex -50.0 54.5 13.399999618530273
vertex 50.0 54.5 14.0
vertex -50.0 54.5 14.0
endloop
endfacet
facet normal 0.0 0.0 -1.0
outer loop
vertex -50.0 -55.0 13.399999618530273
vertex 0.0 -54.75 13.399999618530273
vertex 50.0 -55.0 13.399999618530273
endloop
endfacet
facet normal 0.0 -0.0 -1.0
outer loop
vertex -50.0 -54.5 13.399999618530273
vertex 50.0 -54.5 13.399999618530273
vertex 0.0 -54.75 13.399999618530273
endloop
endfacet
facet normal 0.0 -0.0 1.0
outer loop
vertex -50.0 -55.0 14.0
vertex 50.0 -55.0 14.0
vertex 0.0 -54.75 14.0
endloop
endfacet
facet normal -0.0 0.0 1.0
outer loop
vertex -50.0 -54.5 14.0
vertex 0.0 -54.75 14.0
vertex 50.0 -54.5 14.0
endloop
endfacet
facet normal -0.0 1.0 0.0
outer loop
vertex -50.0 -54.5 14.0
vertex 50.0 -54.5 14.0
vertex 50.0 -54.5 13.399999618530273
endloop
endfacet
facet normal 0.0 0.0 -1.0
outer loop
vertex 0.0 -54.75 13.399999618530273
vertex 50.0 -54.5 13.399999618530273
vertex 50.0 -55.0 13.399999618530273
endloop
endfacet
facet normal -0.0 0.0 1.0
outer loop
vertex 0.0 -54.75 14.0
vertex 50.0 -55.0 14.0
vertex 50.0 -54.5 14.0
endloop
endfacet
facet normal 0.0 0.0 -1.0
outer loop
vertex -50.0 -36.0 5.400000095367432
vertex 0.0 -35.75 5.400000095367432
vertex 50.0 -36.0 5.400000095367432
endloop
endfacet
facet normal 0.0 -0.0 -1.0
outer loop
vertex -50.0 -35.5 5.400000095367432
vertex 50.0 -35.5 5.400000095367432
vertex 0.0 -35.75 5.400000095367432
endloop
endfacet
facet normal 0.0 -0.0 1.0
outer loop
vertex -50.0 -36.0 6.0
vertex 50.0 -36.0 6.0
vertex 0.0 -35.75 6.0
endloop
endfacet
facet normal -0.0 0.0 1.0
outer loop
vertex -50.0 -35.5 6.0
vertex 0.0 -35.75 6.0
vertex 50.0 -35.5 6.0
endloop
endfacet
facet normal -0.0 1.0 0.0
outer loop
vertex -50.0 -35.5 6.0
vertex 50.0 -35.5 6.0
vertex 50.0 -35.5 5.400000095367432
endloop
endfacet
facet normal 0.0 0.0 -1.0
outer loop
vertex 0.0 -35.75 5.400000095367432
vertex 50.0 -35.5 5.400000095367432
vertex 50.0 -36.0 5.400000095367432
endloop
endfacet
facet normal -0.0 0.0 1.0
outer loop
vertex 0.0 -35.75 6.0
vertex 50.0 -36.0 6.0
vertex 50.0 -35.5 6.0
endloop
endfacet
facet normal 1.0 0.0 0.0
outer loop
vertex 50.0 -55.0 13.399999618530273
vertex 50.0 -54.5 13.399999618530273
vertex 50.0 -54.5 14.0
endloop
endfacet
facet normal 1.0 0.0 -0.0
outer loop
vertex 50.0 -55.0 13.399999618530273
vertex 50.0 -54.5 14.0
vertex 50.0 -55.0 14.0
endloop
endfacet
facet normal 0.0 0.0 -1.0
outer loop
vertex 93.0 -66.94999694824219 14.0
vertex 93.0 -66.8499984741211 14.0
vertex 93.25 -66.9000015258789 14.0
endloop
endfacet
facet normal 0.0 0.0 -0.9999999999999999
outer loop
vertex 93.0 -66.94999694824219 14.0
vertex 93.25 -66.9000015258789 14.0
vertex 93.5 -66.94999694824219 14.0
endloop
endfacet
facet normal 0.0 -0.0 -1.0
outer loop
vertex 93.0 -66.8499984741211 14.0
vertex 93.5 -66.8499984741211 14.0
vertex 93.25 -66.9000015258789 14.0
endloop
endfacet
facet normal 0.0 0.0 -1.0
outer loop
vertex 93.25 -66.9000015258789 14.0
vertex 93.5 -66.8499984741211 14.0
vertex 93.5 -66.94999694824219 14.0
endloop
endfacet
facet normal -1.0 0.0 0.0
outer loop
vertex 92.0 -66.94999694824219 14.0
vertex 92.0 -66.94999694824219 15.199999809265137
vertex 92.0 -66.8499984741211 14.0
endloop
endfacet
facet normal -1.0 0.0 0.0
outer loop
vertex 92.0 -66.8499984741211 14.0
vertex 92.0 -66.94999694824219 15.199999809265137
vertex 92.0 -66.8499984741211 15.199999809265137
endloop
endfacet
facet normal -0.0 1.0 0.0
outer loop
vertex 93.0 -66.8499984741211 14.0
vertex 93.0 -66.8499984741211 15.199999809265137
vertex 93.5 -66.8499984741211 14.0
endloop
endfacet
facet normal 0.0 -1.0 0.0
outer loop
vertex 93.0 -66.94999694824219 14.0
vertex 93.5 -66.94999694824219 14.0
vertex 93.5 -66.94999694824219 15.199999809265137
endloop
endfacet
facet normal 1.0 0.0 0.0
outer loop
vertex 93.5 -66.94999694824219 14.0
vertex 93.5 -66.8499984741211 14.0
vertex 93.5 -66.8499984741211 15.199999809265137
endloop
endfacet
facet normal 0.0 -1.0 0.0
outer loop
vertex 93.0 -66.94999694824219 14.0
vertex 93.5 -66.94999694824219 15.199999809265137
vertex 93.0 -66.94999694824219 15.199999809265137
endloop
endfacet
facet normal 0.0 1.0 -0.0
outer loop
vertex 93.5 -66.8499984741211 14.0
vertex 93.0 -66.8499984741211 15.199999809265137
vertex 93.5 -66.8499984741211 15.199999809265137
endloop
endfacet
facet normal 1.0 0.0 -0.0
outer loop
vertex 93.5 -66.94999694824219 14.0
vertex 93.5 -66.8499984741211 15.199999809265137
vertex 93.5 -66.94999694824219 15.199999809265137
endloop
endfacet
facet normal 0.0 -0.0 1.0
outer loop
vertex 93.0 -66.94999694824219 15.199999809265137
vertex 93.25 -66.9000015258789 15.199999809265137
vertex 93.0 -66.8499984741211 15.199999809265137
endloop
endfacet
facet normal 0.0 -0.0 0.9999999999999999
outer loop
vertex 93.0 -66.94999694824219 15.199999809265137
vertex 93.5 -66.94999694824219 15.199999809265137
vertex 93.25 -66.9000015258789 15.199999809265137
endloop
endfacet
facet normal -0.0 0.0 1.0
outer loop
vertex 93.0 -66.8499984741211 15.199999809265137
vertex 93.25 -66.9000015258789 15.199999809265137
vertex 93.5 -66.8499984741211 15.199999809265137
endloop
endfacet
facet normal -0.0 0.0 1.0
outer loop
vertex 93.25 -66.9000015258789 15.199999809265137
vertex 93.5 -66.94999694824219 15.199999809265137
vertex 93.5 -66.8499984741211 15.199999809265137
endloop
endfacet
facet normal 1.0 0.0 0.0
outer loop
vertex 50.0 -36.0 5.400000095367432
vertex 50.0 -35.5 5.400000095367432
vertex 50.0 -35.5 6.0
endloop
endfacet
facet normal 1.0 0.0 -0.0
outer loop
vertex 50.0 -36.0 5.400000095367432
vertex 50.0 -35.5 6.0
vertex 50.0 -36.0 6.0
endloop
endfacet
facet normal 0.0 -1.0 0.0
outer loop
vertex 53.5 -32.0 5.400000095367432
vertex 54.0 -32.0 5.400000095367432
vertex 54.0 -32.0 6.0
endloop
endfacet
facet normal 0.0 -1.0 0.0
outer loop
vertex 53.5 -32.0 5.400000095367432
vertex 54.0 -32.0 6.0
vertex 53.5 -32.0 6.0
endloop
endfacet
facet normal 0.0 0.0 -1.0
outer loop
vertex 53.5 -32.0 5.400000095367432
vertex 53.75 0.0 5.400000095367432
vertex 54.0 -32.0 5.400000095367432
endloop
endfacet
facet normal 0.0 -0.0 1.0
outer loop
vertex 53.5 -32.0 6.0
vertex 54.0 -32.0 6.0
vertex 53.75 0.0 6.0
endloop
endfacet
facet normal -1.0 0.0 0.0
outer loop
vertex 53.5 -32.0 5.400000095367432
vertex 53.5 -32.0 6.0
vertex 53.5 32.0 5.400000095367432
endloop
endfacet
facet normal 0.0 -1.0 0.0
outer loop
vertex 75.0 -32.0 13.399999618530273
vertex 75.5 -32.0 13.399999618530273
vertex 75.5 -32.0 14.0
endloop
endfacet
facet normal 0.0 -1.0 0.0
outer loop
vertex 75.0 -32.0 13.399999618530273
vertex 75.5 -32.0 14.0
vertex 75.0 -32.0 14.0
endloop
endfacet
facet normal 0.0 0.0 -1.0
outer loop
vertex 75.0 -32.0 13.399999618530273
vertex 75.25 0.0 13.399999618530273
vertex 75.5 -32.0 13.399999618530273
endloop
endfacet
facet normal 0.0 -0.0 1.0
outer loop
vertex 75.0 -32.0 14.0
vertex 75.5 -32.0 14.0
vertex 75.25 0.0 14.0
endloop
endfacet
facet normal -1.0 0.0 0.0
outer loop
vertex 75.0 -32.0 13.399999618530273
vertex 75.0 -32.0 14.0
vertex 75.0 32.0 13.399999618530273
endloop
endfacet
facet normal 0.0 0.0 -1.0
outer loop
vertex -50.0 35.5 5.400000095367432
vertex 0.0 35.75 5.400000095367432
vertex 50.0 35.5 5.400000095367432
endloop
endfacet
facet normal 0.0 -0.0 -1.0
outer loop
vertex -50.0 36.0 5.400000095367432
vertex 50.0 36.0 5.400000095367432
vertex 0.0 35.75 5.400000095367432
endloop
endfacet
facet normal 0.0 -0.0 1.0
outer loop
vertex -50.0 35.5 6.0
vertex 50.0 35.5 6.0
vertex 0.0 35.75 6.0
endloop
endfacet
facet normal -0.0 0.0 1.0
outer loop
vertex -50.0 36.0 6.0
vertex 0.0 35.75 6.0
vertex 50.0 36.0 6.0
endloop
endfacet
facet normal 0.0 -1.0 0.0
outer loop
vertex -50.0 35.5 5.400000095367432
vertex 50.0 35.5 5.400000095367432
vertex 50.0 35.5 6.0
endloop
endfacet
facet normal 0.0 0.0 -1.0
outer loop
vertex 0.0 35.75 5.400000095367432
vertex 50.0 36.0 5.400000095367432
vertex 50.0 35.5 5.400000095367432
endloop
endfacet
facet normal -0.0 0.0 1.0
outer loop
vertex 0.0 35.75 6.0
vertex 50.0 35.5 6.0
vertex 50.0 36.0 6.0
endloop
endfacet
facet normal 0.0 0.0 -1.0
outer loop
vertex -50.0 54.5 13.399999618530273
vertex 0.0 54.75 13.399999618530273
vertex 50.0 54.5 13.399999618530273
endloop
endfacet
facet normal 0.0 -0.0 -1.0
outer loop
vertex -50.0 55.0 13.399999618530273
vertex 50.0 55.0 13.399999618530273
vertex 0.0 54.75 13.399999618530273
endloop
endfacet
facet normal 0.0 -0.0 1.0
outer loop
vertex -50.0 54.5 14.0
vertex 50.0 54.5 14.0
vertex 0.0 54.75 14.0
endloop
endfacet
facet normal -0.0 0.0 1.0
outer loop
vertex -50.0 55.0 14.0
vertex 0.0 54.75 14.0
vertex 50.0 55.0 14.0
endloop
endfacet
facet normal 0.0 -1.0 0.0
outer loop
vertex -50.0 54.5 13.399999618530273
vertex 50.0 54.5 13.399999618530273
vertex 50.0 54.5 14.0
endloop
endfacet
facet normal 0.0 0.0 -1.0
outer loop
vertex 0.0 54.75 13.399999618530273
vertex 50.0 55.0 13.399999618530273
vertex 50.0 54.5 13.399999618530273
endloop
endfacet
facet normal -0.0 0.0 1.0
outer loop
vertex 0.0 54.75 14.0
vertex 50.0 54.5 14.0
vertex 50.0 55.0 14.0
endloop
endfacet
facet normal 0.0 0.0 -1.0
outer loop
vertex 53.5 -32.0 5.400000095367432
vertex 53.5 32.0 5.400000095367432
vertex 53.75 0.0 5.400000095367432
endloop
endfacet
facet normal 0.0 0.0 -1.0
outer loop
vertex 54.0 -32.0 5.400000095367432
vertex 53.75 0.0 5.400000095367432
vertex 54.0 32.0 5.400000095367432
endloop
endfacet
facet normal 0.0 -0.0 1.0
outer loop
vertex 53.5 -32.0 6.0
vertex 53.75 0.0 6.0
vertex 53.5 32.0 6.0
endloop
endfacet
facet normal 0.0 -0.0 1.0
outer loop
vertex 54.0 -32.0 6.0
vertex 54.0 32.0 6.0
vertex 53.75 0.0 6.0
endloop
endfacet
facet normal -1.0 0.0 0.0
outer loop
vertex 53.5 -32.0 6.0
vertex 53.5 32.0 6.0
vertex 53.5 32.0 5.400000095367432
endloop
endfacet
facet normal 0.0 0.0 -1.0
outer loop
vertex 53.75 0.0 5.400000095367432
vertex 53.5 32.0 5.400000095367432
vertex 54.0 32.0 5.400000095367432
endloop
endfacet
facet normal 0.0 -0.0 1.0
outer loop
vertex 53.75 0.0 6.0
vertex 54.0 32.0 6.0
vertex 53.5 32.0 6.0
endloop
endfacet
facet normal -0.0 1.0 0.0
outer loop
vertex 53.5 32.0 5.400000095367432
vertex 53.5 32.0 6.0
vertex 54.0 32.0 5.400000095367432
endloop
endfacet
facet normal 0.0 1.0 -0.0
outer loop
vertex 54.0 32.0 5.400000095367432
vertex 53.5 32.0 6.0
vertex 54.0 32.0 6.0
endloop
endfacet
facet normal 1.0 0.0 0.0
outer loop
vertex 50.0 35.5 5.400000095367432
vertex 50.0 36.0 5.400000095367432
vertex 50.0 36.0 6.0
endloop
endfacet
facet normal 1.0 0.0 -0.0
outer loop
vertex 50.0 35.5 5.400000095367432
vertex 50.0 36.0 6.0
vertex 50.0 35.5 6.0
endloop
endfacet
facet normal 0.0 0.0 -1.0
outer loop
vertex 75.0 -32.0 13.399999618530273
vertex 75.0 32.0 13.399999618530273
vertex 75.25 0.0 13.399999618530273
endloop
endfacet
facet normal 0.0 0.0 -1.0
outer loop
vertex 75.5 -32.0 13.399999618530273
vertex 75.25 0.0 13.399999618530273
vertex 75.5 32.0 13.399999618530273
endloop
endfacet
facet normal 0.0 -0.0 1.0
outer loop
vertex 75.0 -32.0 14.0
vertex 75.25 0.0 14.0
vertex 75.0 32.0 14.0
endloop
endfacet
facet normal 0.0 -0.0 1.0
outer loop
vertex 75.5 -32.0 14.0
vertex 75.5 32.0 14.0
vertex 75.25 0.0 14.0
endloop
endfacet
facet normal -1.0 0.0 0.0
outer loop
vertex 75.0 -32.0 14.0
vertex 75.0 32.0 14.0
vertex 75.0 32.0 13.399999618530273
endloop
endfacet
facet normal 0.0 0.0 -1.0
outer loop
vertex 75.25 0.0 13.399999618530273
vertex 75.0 32.0 13.399999618530273
vertex 75.5 32.0 13.399999618530273
endloop
endfacet
facet normal 0.0 -0.0 1.0
outer loop
vertex 75.25 0.0 14.0
vertex 75.5 32.0 14.0
vertex 75.0 32.0 14.0
endloop
endfacet
facet normal -0.0 1.0 0.0
outer loop
vertex 75.0 32.0 13.399999618530273
vertex 75.0 32.0 14.0
vertex 75.5 32.0 13.399999618530273
endloop
endfacet
facet normal 0.0 1.0 -0.0
outer loop
vertex 75.5 32.0 13.399999618530273
vertex 75.0 32.0 14.0
vertex 75.5 32.0 14.0
endloop
endfacet
facet normal 1.0 0.0 0.0
outer loop
vertex 50.0 54.5 13.399999618530273
vertex 50.0 55.0 13.399999618530273
vertex 50.0 55.0 14.0
endloop
endfacet
facet normal 1.0 0.0 -0.0
outer loop
vertex 50.0 54.5 13.399999618530273
vertex 50.0 55.0 14.0
vertex 50.0 54.5 14.0
endloop
endfacet
facet normal -1.0 0.0 0.0
outer loop
vertex -50.0 -45.5 9.399999618530273
vertex -50.0 -45.5 10.0
vertex -50.0 -45.0 9.399999618530273
endloop
endfacet
facet normal -1.0 0.0 0.0
outer loop
vertex -50.0 -45.0 9.399999618530273
vertex -50.0 -45.5 10.0
vertex -50.0 -45.0 10.0
endloop
endfacet
facet normal -1.0 0.0 0.0
outer loop
vertex -50.0 -64.5 17.399999618530273
vertex -50.0 -64.5 18.0
vertex -50.0 -64.0 17.399999618530273
endloop
endfacet
facet normal -1.0 0.0 0.0
outer loop
vertex -50.0 -64.0 17.399999618530273
vertex -50.0 -64.5 18.0
vertex -50.0 -64.0 18.0
endloop
endfacet
facet normal 0.0 -1.0 0.0
outer loop
vertex -64.75 -32.0 9.399999618530273
vertex -64.25 -32.0 9.399999618530273
vertex -64.25 -32.0 10.0
endloop
endfacet
facet normal 0.0 -1.0 0.0
outer loop
vertex -64.75 -32.0 9.399999618530273
vertex -64.25 -32.0 10.0
vertex -64.75 -32.0 10.0
endloop
endfacet
facet normal 0.0 0.0 -1.0
outer loop
vertex -64.75 -32.0 9.399999618530273
vertex -64.5 0.0 9.399999618530273
vertex -64.25 -32.0 9.399999618530273
endloop
endfacet
facet normal 1.0 0.0 -0.0
outer loop
vertex -64.25 -32.0 9.399999618530273
vertex -64.25 32.0 10.0
vertex -64.25 -32.0 10.0
endloop
endfacet
facet normal 0.0 -1.0 0.0
outer loop
vertex -86.25 -32.0 17.399999618530273
vertex -85.75 -32.0 17.399999618530273
vertex -85.75 -32.0 18.0
endloop
endfacet
facet normal 0.0 -1.0 0.0
outer loop
vertex -86.25 -32.0 17.399999618530273
vertex -85.75 -32.0 18.0
vertex -86.25 -32.0 18.0
endloop
endfacet
facet normal 0.0 0.0 -1.0
outer loop
vertex -86.25 -32.0 17.399999618530273
vertex -86.0 0.0 17.399999618530273
vertex -85.75 -32.0 17.399999618530273
endloop
endfacet
facet normal 0.0 -0.0 1.0
outer loop
vertex -86.25 -32.0 18.0
vertex -85.75 -32.0 18.0
vertex -86.0 0.0 18.0
endloop
endfacet
facet normal 1.0 0.0 -0.0
outer loop
vertex -85.75 -32.0 17.399999618530273
vertex -85.75 32.0 18.0
vertex -85.75 -32.0 18.0
endloop
endfacet
facet normal 0.0 -0.0 1.0
outer loop
vertex -64.75 -32.0 10.0
vertex -64.25 -32.0 10.0
vertex -64.5 0.0 10.0
endloop
endfacet
facet normal 0.0 0.0 -1.0
outer loop
vertex -50.0 -45.5 9.399999618530273
vertex -50.0 -45.0 9.399999618530273
vertex 0.0 -45.25 9.399999618530273
endloop
endfacet
facet normal -0.0 1.0 0.0
outer loop
vertex -50.0 -45.0 9.399999618530273
vertex -50.0 -45.0 10.0
vertex 50.0 -45.0 9.399999618530273
endloop
endfacet
facet normal 0.0 0.0 -1.0
outer loop
vertex -50.0 -64.5 17.399999618530273
vertex -50.0 -64.0 17.399999618530273
vertex 0.0 -64.25 17.399999618530273
endloop
endfacet
facet normal 0.0 -0.0 1.0
outer loop
vertex -50.0 -64.5 18.0
vertex 0.0 -64.25 18.0
vertex -50.0 -64.0 18.0
endloop
endfacet
facet normal 0.0 -0.0 1.0
outer loop
vertex -50.0 -45.5 10.0
vertex 0.0 -45.25 10.0
vertex -50.0 -45.0 10.0
endloop
endfacet
facet normal -0.0 1.0 0.0
outer loop
vertex -50.0 -64.0 17.399999618530273
vertex -50.0 -64.0 18.0
vertex 50.0 -64.0 17.399999618530273
endloop
endfacet
facet normal 0.0 0.0 -1.0
outer loop
vertex -64.75 -32.0 9.399999618530273
vertex -64.75 32.0 9.399999618530273
vertex -64.5 0.0 9.399999618530273
endloop
endfacet
facet normal 0.0 0.0 -1.0
outer loop
vertex -64.25 -32.0 9.399999618530273
vertex -64.5 0.0 9.399999618530273
vertex -64.25 32.0 9.399999618530273
endloop
endfacet
facet normal 1.0 0.0 0.0
outer loop
vertex -64.25 -32.0 9.399999618530273
vertex -64.25 32.0 9.399999618530273
vertex -64.25 32.0 10.0
endloop
endfacet
facet normal 0.0 0.0 -1.0
outer loop
vertex -64.5 0.0 9.399999618530273
vertex -64.75 32.0 9.399999618530273
vertex -64.25 32.0 9.399999618530273
endloop
endfacet
facet normal -0.0 1.0 0.0
outer loop
vertex -64.75 32.0 9.399999618530273
vertex -64.75 32.0 10.0
vertex -64.25 32.0 9.399999618530273
endloop
endfacet
facet normal 0.0 1.0 -0.0
outer loop
vertex -64.25 32.0 9.399999618530273
vertex -64.75 32.0 10.0
vertex -64.25 32.0 10.0
endloop
endfacet
facet normal 0.0 0.0 -1.0
outer loop
vertex -86.25 -32.0 17.399999618530273
vertex -86.25 32.0 17.399999618530273
vertex -86.0 0.0 17.399999618530273
endloop
endfacet
facet normal 0.0 0.0 -1.0
outer loop
vertex -85.75 -32.0 17.399999618530273
vertex -86.0 0.0 17.399999618530273
vertex -85.75 32.0 17.399999618530273
endloop
endfacet
facet normal 0.0 -0.0 1.0
outer loop
vertex -86.25 -32.0 18.0
vertex -86.0 0.0 18.0
vertex -86.25 32.0 18.0
endloop
endfacet
facet normal 0.0 -0.0 1.0
outer loop
vertex -85.75 -32.0 18.0
vertex -85.75 32.0 18.0
vertex -86.0 0.0 18.0
endloop
endfacet
facet normal 1.0 0.0 0.0
outer loop
vertex -85.75 -32.0 17.399999618530273
vertex -85.75 32.0 17.399999618530273
vertex -85.75 32.0 18.0
endloop
endfacet
facet normal 0.0 0.0 -1.0
outer loop
vertex -86.0 0.0 17.399999618530273
vertex -86.25 32.0 17.399999618530273
vertex -85.75 32.0 17.399999618530273
endloop
endfacet
facet normal 0.0 -0.0 1.0
outer loop
vertex -86.0 0.0 18.0
vertex -85.75 32.0 18.0
vertex -86.25 32.0 18.0
endloop
endfacet
facet normal -0.0 1.0 0.0
outer loop
vertex -86.25 32.0 17.399999618530273
vertex -86.25 32.0 18.0
vertex -85.75 32.0 17.399999618530273
endloop
endfacet
facet normal 0.0 1.0 -0.0
outer loop
vertex -85.75 32.0 17.399999618530273
vertex -86.25 32.0 18.0
vertex -85.75 32.0 18.0
endloop
endfacet
facet normal 0.0 -0.0 1.0
outer loop
vertex -64.75 -32.0 10.0
vertex -64.5 0.0 10.0
vertex -64.75 32.0 10.0
endloop
endfacet
facet normal 0.0 -0.0 1.0
outer loop
vertex -64.25 -32.0 10.0
vertex -64.25 32.0 10.0
vertex -64.5 0.0 10.0
endloop
endfacet
facet normal 0.0 -0.0 1.0
outer loop
vertex -64.5 0.0 10.0
vertex -64.25 32.0 10.0
vertex -64.75 32.0 10.0
endloop
endfacet
facet normal -1.0 0.0 0.0
outer loop
vertex -50.0 45.0 9.399999618530273
vertex -50.0 45.0 10.0
vertex -50.0 45.5 9.399999618530273
endloop
endfacet
facet normal -0.9999999999999999 0.0 0.0
outer loop
vertex -50.0 45.5 9.399999618530273
vertex -50.0 45.0 10.0
vertex -50.0 45.5 9.47826099395752
endloop
endfacet
facet normal -1.0 0.0 0.0
outer loop
vertex -50.0 45.5 9.47826099395752
vertex -50.0 45.0 10.0
vertex -50.0 45.5 10.0
endloop
endfacet
facet normal -1.0 0.0 0.0
outer loop
vertex -50.0 64.0 17.399999618530273
vertex -50.0 64.0 18.0
vertex -50.0 64.5 17.399999618530273
endloop
endfacet
facet normal -1.0 0.0 0.0
outer loop
vertex -50.0 64.5 17.399999618530273
vertex -50.0 64.0 18.0
vertex -50.0 64.5 18.0
endloop
endfacet
facet normal 0.0 0.0 -1.0
outer loop
vertex -50.0 45.0 9.399999618530273
vertex -50.0 45.5 9.399999618530273
vertex 0.0 45.25 9.399999618530273
endloop
endfacet
facet normal 0.0 -1.0 0.0
outer loop
vertex -50.0 45.0 9.399999618530273
vertex 50.0 45.0 10.0
vertex -50.0 45.0 10.0
endloop
endfacet
facet normal 0.0 -0.0 1.0
outer loop
vertex -50.0 45.0 10.0
vertex 0.0 45.25 10.0
vertex -50.0 45.5 10.0
endloop
endfacet
facet normal 0.0 0.0 -1.0
outer loop
vertex -50.0 64.0 17.399999618530273
vertex -50.0 64.5 17.399999618530273
vertex 0.0 64.25 17.399999618530273
endloop
endfacet
facet normal 0.0 -0.0 1.0
outer loop
vertex -50.0 64.0 18.0
vertex 0.0 64.25 18.0
vertex -50.0 64.5 18.0
endloop
endfacet
facet normal 0.0 -1.0 0.0
outer loop
vertex -50.0 64.0 17.399999618530273
vertex 50.0 64.0 18.0
vertex -50.0 64.0 18.0
endloop
endfacet
facet normal 0.0 0.0 -1.0
outer loop
vertex -50.0 -45.5 9.399999618530273
vertex 0.0 -45.25 9.399999618530273
vertex 50.0 -45.5 9.399999618530273
endloop
endfacet
facet normal 0.0 -0.0 -1.0
outer loop
vertex -50.0 -45.0 9.399999618530273
vertex 50.0 -45.0 9.399999618530273
vertex 0.0 -45.25 9.399999618530273
endloop
endfacet
facet normal -0.0 1.0 0.0
outer loop
vertex -50.0 -45.0 10.0
vertex 50.0 -45.0 10.0
vertex 50.0 -45.0 9.399999618530273
endloop
endfacet
facet normal 0.0 0.0 -1.0
outer loop
vertex 0.0 -45.25 9.399999618530273
vertex 50.0 -45.0 9.399999618530273
vertex 50.0 -45.5 9.399999618530273
endloop
endfacet
facet normal 0.0 0.0 -1.0
outer loop
vertex -50.0 -64.5 17.399999618530273
vertex 0.0 -64.25 17.399999618530273
vertex 50.0 -64.5 17.399999618530273
endloop
endfacet
facet normal 0.0 -0.0 -1.0
outer loop
vertex -50.0 -64.0 17.399999618530273
vertex 50.0 -64.0 17.399999618530273
vertex 0.0 -64.25 17.399999618530273
endloop
endfacet
facet normal 0.0 -0.0 1.0
outer loop
vertex -50.0 -64.5 18.0
vertex 50.0 -64.5 18.0
vertex 0.0 -64.25 18.0
endloop
endfacet
facet normal -0.0 0.0 1.0
outer loop
vertex -50.0 -64.0 18.0
vertex 0.0 -64.25 18.0
vertex 50.0 -64.0 18.0
endloop
endfacet
facet normal -0.0 1.0 0.0
outer loop
vertex -50.0 -64.0 18.0
vertex 50.0 -64.0 18.0
vertex 50.0 -64.0 17.399999618530273
endloop
endfacet
facet normal 0.0 -0.0 1.0
outer loop
vertex -50.0 -45.5 10.0
vertex 50.0 -45.5 10.0
vertex 0.0 -45.25 10.0
endloop
endfacet
facet normal -0.0 0.0 1.0
outer loop
vertex -50.0 -45.0 10.0
vertex 0.0 -45.25 10.0
vertex 50.0 -45.0 10.0
endloop
endfacet
facet normal 0.0 0.0 -1.0
outer loop
vertex 0.0 -64.25 17.399999618530273
vertex 50.0 -64.0 17.399999618530273
vertex 50.0 -64.5 17.399999618530273
endloop
endfacet
facet normal -0.0 0.0 1.0
outer loop
vertex 0.0 -64.25 18.0
vertex 50.0 -64.5 18.0
vertex 50.0 -64.0 18.0
endloop
endfacet
facet normal -0.0 0.0 1.0
outer loop
vertex 0.0 -45.25 10.0
vertex 50.0 -45.5 10.0
vertex 50.0 -45.0 10.0
endloop
endfacet
facet normal 1.0 0.0 0.0
outer loop
vertex 50.0 -45.5 9.399999618530273
vertex 50.0 -45.0 9.399999618530273
vertex 50.0 -45.0 10.0
endloop
endfacet
facet normal 1.0 0.0 -0.0
outer loop
vertex 50.0 -45.5 9.399999618530273
vertex 50.0 -45.0 10.0
vertex 50.0 -45.5 10.0
endloop
endfacet
facet normal 1.0 0.0 0.0
outer loop
vertex 50.0 -64.5 17.399999618530273
vertex 50.0 -64.0 17.399999618530273
vertex 50.0 -64.0 18.0
endloop
endfacet
facet normal 1.0 0.0 -0.0
outer loop
vertex 50.0 -64.5 17.399999618530273
vertex 50.0 -64.0 18.0
vertex 50.0 -64.5 18.0
endloop
endfacet
facet normal 0.0 -1.0 0.0
outer loop
vertex 64.25 -32.0 9.399999618530273
vertex 64.75 -32.0 9.399999618530273
vertex 64.75 -32.0 10.0
endloop
endfacet
facet normal 0.0 -1.0 0.0
outer loop
vertex 64.25 -32.0 9.399999618530273
vertex 64.75 -32.0 10.0
vertex 64.25 -32.0 10.0
endloop
endfacet
facet normal 0.0 0.0 -1.0
outer loop
vertex 64.25 -32.0 9.399999618530273
vertex 64.5 0.0 9.399999618530273
vertex 64.75 -32.0 9.399999618530273
endloop
endfacet
facet normal -1.0 0.0 0.0
outer loop
vertex 64.25 -32.0 9.399999618530273
vertex 64.25 -32.0 10.0
vertex 64.25 32.0 9.399999618530273
endloop
endfacet
facet normal 0.0 -0.0 1.0
outer loop
vertex 64.25 -32.0 10.0
vertex 64.75 -32.0 10.0
vertex 64.5 0.0 10.0
endloop
endfacet
facet normal 0.0 -1.0 0.0
outer loop
vertex 85.75 -32.0 17.399999618530273
vertex 86.25 -32.0 17.399999618530273
vertex 86.25 -32.0 18.0
endloop
endfacet
facet normal 0.0 -1.0 0.0
outer loop
vertex 85.75 -32.0 17.399999618530273
vertex 86.25 -32.0 18.0
vertex 85.75 -32.0 18.0
endloop
endfacet
facet normal 0.0 0.0 -1.0
outer loop
vertex 85.75 -32.0 17.399999618530273
vertex 86.0 0.0 17.399999618530273
vertex 86.25 -32.0 17.399999618530273
endloop
endfacet
facet normal 0.0 -0.0 1.0
outer loop
vertex 85.75 -32.0 18.0
vertex 86.25 -32.0 18.0
vertex 86.0 0.0 18.0
endloop
endfacet
facet normal -1.0 0.0 0.0
outer loop
vertex 85.75 -32.0 17.399999618530273
vertex 85.75 -32.0 18.0
vertex 85.75 32.0 17.399999618530273
endloop
endfacet
facet normal 0.0 0.0 -1.0
outer loop
vertex -50.0 45.0 9.399999618530273
vertex 0.0 45.25 9.399999618530273
vertex 50.0 45.0 9.399999618530273
endloop
endfacet
facet normal 0.0 -0.0 -1.0
outer loop
vertex -50.0 45.5 9.399999618530273
vertex 50.0 45.5 9.399999618530273
vertex 0.0 45.25 9.399999618530273
endloop
endfacet
facet normal 0.0 -1.0 0.0
outer loop
vertex -50.0 45.0 9.399999618530273
vertex 50.0 45.0 9.399999618530273
vertex 50.0 45.0 10.0
endloop
endfacet
facet normal 0.0 0.0 -1.0
outer loop
vertex 0.0 45.25 9.399999618530273
vertex 50.0 45.5 9.399999618530273
vertex 50.0 45.0 9.399999618530273
endloop
endfacet
facet normal 0.0 -0.0 1.0
outer loop
vertex -50.0 45.0 10.0
vertex 50.0 45.0 10.0
vertex 0.0 45.25 10.0
endloop
endfacet
facet normal -0.0 0.0 1.0
outer loop
vertex -50.0 45.5 10.0
vertex 0.0 45.25 10.0
vertex 50.0 45.5 10.0
endloop
endfacet
facet normal 0.0 0.0 -1.0
outer loop
vertex -50.0 64.0 17.399999618530273
vertex 0.0 64.25 17.399999618530273
vertex 50.0 64.0 17.399999618530273
endloop
endfacet
facet normal 0.0 -0.0 -1.0
outer loop
vertex -50.0 64.5 17.399999618530273
vertex 50.0 64.5 17.399999618530273
vertex 0.0 64.25 17.399999618530273
endloop
endfacet
facet normal 0.0 -0.0 1.0
outer loop
vertex -50.0 64.0 18.0
vertex 50.0 64.0 18.0
vertex 0.0 64.25 18.0
endloop
endfacet
facet normal -0.0 0.0 1.0
outer loop
vertex -50.0 64.5 18.0
vertex 0.0 64.25 18.0
vertex 50.0 64.5 18.0
endloop
endfacet
facet normal 0.0 -1.0 0.0
outer loop
vertex -50.0 64.0 17.399999618530273
vertex 50.0 64.0 17.399999618530273
vertex 50.0 64.0 18.0
endloop
endfacet
facet normal -0.0 0.0 1.0
outer loop
vertex 0.0 45.25 10.0
vertex 50.0 45.0 10.0
vertex 50.0 45.5 10.0
endloop
endfacet
facet normal 0.0 0.0 -1.0
outer loop
vertex 0.0 64.25 17.399999618530273
vertex 50.0 64.5 17.399999618530273
vertex 50.0 64.0 17.399999618530273
endloop
endfacet
facet normal -0.0 0.0 1.0
outer loop
vertex 0.0 64.25 18.0
vertex 50.0 64.0 18.0
vertex 50.0 64.5 18.0
endloop
endfacet
facet normal 0.0 0.0 -1.0
outer loop
vertex 64.25 -32.0 9.399999618530273
vertex 64.25 32.0 9.399999618530273
vertex 64.5 0.0 9.399999618530273
endloop
endfacet
facet normal 0.0 0.0 -1.0
outer loop
vertex 64.75 -32.0 9.399999618530273
vertex 64.5 0.0 9.399999618530273
vertex 64.75 32.0 9.399999618530273
endloop
endfacet
facet normal -1.0 0.0 0.0
outer loop
vertex 64.25 -32.0 10.0
vertex 64.25 32.0 10.0
vertex 64.25 32.0 9.399999618530273
endloop
endfacet
facet normal 0.0 0.0 -1.0
outer loop
vertex 64.5 0.0 9.399999618530273
vertex 64.25 32.0 9.399999618530273
vertex 64.75 32.0 9.399999618530273
endloop
endfacet
facet normal -0.0 1.0 0.0
outer loop
vertex 64.25 32.0 9.399999618530273
vertex 64.25 32.0 10.0
vertex 64.75 32.0 9.399999618530273
endloop
endfacet
facet normal 0.0 1.0 -0.0
outer loop
vertex 64.75 32.0 9.399999618530273
vertex 64.25 32.0 10.0
vertex 64.75 32.0 10.0
endloop
endfacet
facet normal 0.0 -0.0 1.0
outer loop
vertex 64.25 -32.0 10.0
vertex 64.5 0.0 10.0
vertex 64.25 32.0 10.0
endloop
endfacet
facet normal 0.0 -0.0 1.0
outer loop
vertex 64.75 -32.0 10.0
vertex 64.75 32.0 10.0
vertex 64.5 0.0 10.0
endloop
endfacet
facet normal 0.0 -0.0 1.0
outer loop
vertex 64.5 0.0 10.0
vertex 64.75 32.0 10.0
vertex 64.25 32.0 10.0
endloop
endfacet
facet normal 0.0 0.0 -1.0
outer loop
vertex 85.75 -32.0 17.399999618530273
vertex 85.75 32.0 17.399999618530273
vertex 86.0 0.0 17.399999618530273
endloop
endfacet
facet normal 0.0 0.0 -1.0
outer loop
vertex 86.25 -32.0 17.399999618530273
vertex 86.0 0.0 17.399999618530273
vertex 86.25 32.0 17.399999618530273
endloop
endfacet
facet normal 0.0 -0.0 1.0
outer loop
vertex 85.75 -32.0 18.0
vertex 86.0 0.0 18.0
vertex 85.75 32.0 18.0
endloop
endfacet
facet normal 0.0 -0.0 1.0
outer loop
vertex 86.25 -32.0 18.0
vertex 86.25 32.0 18.0
vertex 86.0 0.0 18.0
endloop
endfacet
facet normal -1.0 0.0 0.0
outer loop
vertex 85.75 -32.0 18.0
vertex 85.75 32.0 18.0
vertex 85.75 32.0 17.399999618530273
endloop
endfacet
facet normal 0.0 0.0 -1.0
outer loop
vertex 86.0 0.0 17.399999618530273
vertex 85.75 32.0 17.399999618530273
vertex 86.25 32.0 17.399999618530273
endloop
endfacet
facet normal 0.0 -0.0 1.0
outer loop
vertex 86.0 0.0 18.0
vertex 86.25 32.0 18.0
vertex 85.75 32.0 18.0
endloop
endfacet
facet normal -0.0 1.0 0.0
outer loop
vertex 85.75 32.0 17.399999618530273
vertex 85.75 32.0 18.0
vertex 86.25 32.0 17.399999618530273
endloop
endfacet
facet normal 0.0 1.0 -0.0
outer loop
vertex 86.25 32.0 17.399999618530273
vertex 85.75 32.0 18.0
vertex 86.25 32.0 18.0
endloop
endfacet
facet normal 1.0 0.0 0.0
outer loop
vertex 50.0 45.0 9.399999618530273
vertex 50.0 45.5 9.399999618530273
vertex 50.0 45.5 10.0
endloop
endfacet
facet normal 1.0 0.0 -0.0
outer loop
vertex 50.0 45.0 9.399999618530273
vertex 50.0 45.5 10.0
vertex 50.0 45.0 10.0
endloop
endfacet
facet normal 1.0 0.0 0.0
outer loop
vertex 50.0 64.0 17.399999618530273
vertex 50.0 64.5 17.399999618530273
vertex 50.0 64.5 18.0
endloop
endfacet
facet normal 1.0 0.0 -0.0
outer loop
vertex 50.0 64.0 17.399999618530273
vertex 50.0 64.5 18.0
vertex 50.0 64.0 18.0
endloop
endfacet
facet normal 0.0 0.0 -0.9999999999999999
outer loop
vertex -49.70000076293945 -36.0 0.0
vertex -49.5 -35.79999923706055 0.0
vertex -49.29999923706055 -36.0 0.0
endloop
endfacet
facet normal 0.0 0.0 -0.9999999999999999
outer loop
vertex -49.70000076293945 -36.0 0.0
vertex -49.70000076293945 -35.599998474121094 0.0
vertex -49.5 -35.79999923706055 0.0
endloop
endfacet
facet normal 0.0 0.0 -0.9999999999999999
outer loop
vertex -49.29999923706055 -36.0 0.0
vertex -49.5 -35.79999923706055 0.0
vertex -49.29999923706055 -35.599998474121094 0.0
endloop
endfacet
facet normal 0.0 -0.0 -0.9999999999999999
outer loop
vertex -49.70000076293945 -35.599998474121094 0.0
vertex -49.29999923706055 -35.599998474121094 0.0
vertex -49.5 -35.79999923706055 0.0
endloop
endfacet
facet normal -1.0 0.0 0.0
outer loop
vertex -49.70000076293945 -36.0 0.0
vertex -49.70000076293945 -36.0 3.0
vertex -49.70000076293945 -35.599998474121094 0.0
endloop
endfacet
facet normal -0.0 1.0 0.0
outer loop
vertex -49.70000076293945 -35.599998474121094 0.0
vertex -49.70000076293945 -35.599998474121094 3.0
vertex -49.29999923706055 -35.599998474121094 0.0
endloop
endfacet
facet normal 1.0 0.0 0.0
outer loop
vertex -49.29999923706055 -36.0 0.0
vertex -49.29999923706055 -35.599998474121094 0.0
vertex -49.29999923706055 -35.599998474121094 3.0
endloop
endfacet
facet normal -1.0 0.0 0.0
outer loop
vertex -49.70000076293945 -35.599998474121094 0.0
vertex -49.70000076293945 -36.0 3.0
vertex -49.70000076293945 -35.599998474121094 3.0
endloop
endfacet
facet normal 1.0 0.0 -0.0
outer loop
vertex -49.29999923706055 -36.0 0.0
vertex -49.29999923706055 -35.599998474121094 3.0
vertex -49.29999923706055 -36.0 3.0
endloop
endfacet
facet normal 0.0 1.0 -0.0
outer loop
vertex -49.29999923706055 -35.599998474121094 0.0
vertex -49.70000076293945 -35.599998474121094 3.0
vertex -49.29999923706055 -35.599998474121094 3.0
endloop
endfacet
facet normal -1.0 0.0 0.0
outer loop
vertex -49.70000076293945 -36.0 3.0
vertex -49.70000076293945 -35.79999923706055 3.133333444595337
vertex -49.70000076293945 -35.599998474121094 3.0
endloop
endfacet
facet normal 1.0 0.0 -0.0
outer loop
vertex -49.29999923706055 -36.0 3.0
vertex -49.29999923706055 -35.599998474121094 3.0
vertex -49.29999923706055 -35.79999923706055 3.133333444595337
endloop
endfacet
facet normal -0.9999999999999999 0.0 0.0
outer loop
vertex -49.70000076293945 -36.0 3.0
vertex -49.70000076293945 -35.79999923706055 3.4000000953674316
vertex -49.70000076293945 -35.79999923706055 3.133333444595337
endloop
endfacet
facet normal -0.9999999999999999 0.0 0.0
outer loop
vertex -49.70000076293945 -35.599998474121094 3.0
vertex -49.70000076293945 -35.79999923706055 3.133333444595337
vertex -49.70000076293945 -35.79999923706055 3.4000000953674316
endloop
endfacet
facet normal 0.0 -0.8944265512554308 0.4472148749866401
outer loop
vertex -49.70000076293945 -36.0 3.0
vertex -49.29999923706055 -36.0 3.0
vertex -49.29999923706055 -35.79999923706055 3.4000000953674316
endloop
endfacet
facet normal 0.9999999999999999 0.0 0.0
outer loop
vertex -49.29999923706055 -36.0 3.0
vertex -49.29999923706055 -35.79999923706055 3.133333444595337
vertex -49.29999923706055 -35.79999923706055 3.4000000953674316
endloop
endfacet
facet normal 0.0 -0.8944265512554308 0.4472148749866401
outer loop
vertex -49.70000076293945 -36.0 3.0
vertex -49.29999923706055 -35.79999923706055 3.4000000953674316
vertex -49.70000076293945 -35.79999923706055 3.4000000953674316
endloop
endfacet
facet normal 0.0 0.8944265512554308 0.4472148749866401
outer loop
vertex -49.70000076293945 -35.599998474121094 3.0
vertex -49.70000076293945 -35.79999923706055 3.4000000953674316
vertex -49.29999923706055 -35.599998474121094 3.0
endloop
endfacet
facet normal 0.9999999999999999 0.0 0.0
outer loop
vertex -49.29999923706055 -35.599998474121094 3.0
vertex -49.29999923706055 -35.79999923706055 3.4000000953674316
vertex -49.29999923706055 -35.79999923706055 3.133333444595337
endloop
endfacet
facet normal -0.0 0.8944265512554308 0.4472148749866401
outer loop
vertex -49.29999923706055 -35.599998474121094 3.0
vertex -49.70000076293945 -35.79999923706055 3.4000000953674316
vertex -49.29999923706055 -35.79999923706055 3.4000000953674316
endloop
endfacet
facet normal 0.0 -1.0 0.0
outer loop
vertex -53.0 -13.5 0.0
vertex -51.400001525878906 -13.5 0.0
vertex -53.0 -13.5 1.0
endloop
endfacet
facet normal 0.0 0.0 -1.0
outer loop
vertex -53.0 -13.5 0.0
vertex -52.20000076293945 -11.0 0.0
vertex -51.400001525878906 -13.5 0.0
endloop
endfacet
facet normal 0.0 0.0 -1.0
outer loop
vertex -53.150001525878906 -13.300000190734863 1.0
vertex -53.150001525878906 -13.0 1.0
vertex -53.0 -13.300000190734863 1.0
endloop
endfacet
facet normal 0.0 0.0 -1.0
outer loop
vertex -53.150001525878906 -13.0 1.0
vertex -53.0 -13.0 1.0
vertex -53.0 -13.300000190734863 1.0
endloop
endfacet
facet normal -1.0 0.0 0.0
outer loop
vertex -53.0 -13.5 0.0
vertex -53.0 -13.5 1.0
vertex -53.0 -13.300000190734863 1.0
endloop
endfacet
facet normal -1.0 0.0 0.0
outer loop
vertex -53.0 -13.5 0.0
vertex -53.0 -13.300000190734863 1.0
vertex -53.0 -13.0 1.0
endloop
endfacet
facet normal 0.0 -1.0 0.0
outer loop
vertex -53.0 -13.5 1.0
vertex -51.400001525878906 -13.5 0.0
vertex -51.400001525878906 -13.5 1.0
endloop
endfacet
facet normal 0.0 -0.0 1.0
outer loop
vertex -53.0 -13.5 1.0
vertex -52.849998474121094 -13.300000190734863 1.0
vertex -53.0 -13.300000190734863 1.0
endloop
endfacet
facet normal 0.0 -0.0 1.0
outer loop
vertex -53.0 -13.5 1.0
vertex -51.849998474121094 -13.300000190734863 1.0
vertex -52.849998474121094 -13.300000190734863 1.0
endloop
endfacet
facet normal 0.0 -0.0 1.0
outer loop
vertex -52.849998474121094 -13.300000190734863 1.0
vertex -51.849998474121094 -13.300000190734863 1.0
vertex -52.849998474121094 -13.0 1.0
endloop
endfacet
facet normal 0.0 -0.0 1.0
outer loop
vertex -53.0 -13.5 1.0
vertex -51.400001525878906 -13.5 1.0
vertex -51.849998474121094 -13.300000190734863 1.0
endloop
endfacet
facet normal -0.0 0.0 1.0
outer loop
vertex -52.849998474121094 -13.0 1.0
vertex -51.849998474121094 -13.300000190734863 1.0
vertex -51.849998474121094 -13.0 1.0
endloop
endfacet
facet normal -0.0 -0.0 1.0
outer loop
vertex -51.849998474121094 -13.300000190734863 1.0
vertex -51.400001525878906 -13.5 1.0
vertex -51.54999923706055 -13.300000190734863 1.0
endloop
endfacet
facet normal -1.0 0.0 0.0
outer loop
vertex -53.0 -13.5 0.0
vertex -53.0 -13.0 1.0
vertex -53.0 -9.0 1.0
endloop
endfacet
facet normal 0.0 0.0 1.0
outer loop
vertex -53.0 -13.0 1.0
vertex -52.849998474121094 -13.0 1.0
vertex -52.20000076293945 -11.0 1.0
endloop
endfacet
facet normal 0.0 -0.0 1.0
outer loop
vertex -52.849998474121094 -13.0 1.0
vertex -51.849998474121094 -13.0 1.0
vertex -52.20000076293945 -11.0 1.0
endloop
endfacet
facet normal 0.0 -0.0 1.0
outer loop
vertex -51.849998474121094 -13.0 1.0
vertex -51.54999923706055 -13.0 1.0
vertex -52.20000076293945 -11.0 1.0
endloop
endfacet
facet normal 0.0 0.0 -1.0
outer loop
vertex -53.0 -13.5 0.0
vertex -53.0 -8.5 0.0
vertex -52.20000076293945 -11.0 0.0
endloop
endfacet
facet normal 0.0 0.0 -1.0
outer loop
vertex -52.20000076293945 -11.0 0.0
vertex -51.400001525878906 -8.5 0.0
vertex -51.400001525878906 -13.5 0.0
endloop
endfacet
facet normal 0.0 0.0 -1.0
outer loop
vertex -52.20000076293945 -11.0 0.0
vertex -53.0 -8.5 0.0
vertex -51.400001525878906 -8.5 0.0
endloop
endfacet
facet normal -1.0 0.0 0.0
outer loop
vertex -53.0 -13.5 0.0
vertex -53.0 -8.5 1.0
vertex -53.0 -8.5 0.0
endloop
endfacet
facet normal 0.0 -0.0 1.0
outer loop
vertex -53.0 -13.0 1.0
vertex -52.20000076293945 -11.0 1.0
vertex -53.0 -9.0 1.0
endloop
endfacet
facet normal 0.0 -0.0 1.0
outer loop
vertex -51.54999923706055 -13.0 1.0
vertex -51.54999923706055 -9.0 1.0
vertex -52.20000076293945 -11.0 1.0
endloop
endfacet
facet normal -1.0 0.0 0.0
outer loop
vertex -53.0 -13.5 0.0
vertex -53.0 -9.0 1.0
vertex -53.0 -8.699999809265137 1.0
endloop
endfacet
facet normal -1.0 0.0 0.0
outer loop
vertex -53.0 -13.5 0.0
vertex -53.0 -8.699999809265137 1.0
vertex -53.0 -8.5 1.0
endloop
endfacet
facet normal 0.0 0.0 1.0
outer loop
vertex -52.20000076293945 -11.0 1.0
vertex -52.849998474121094 -9.0 1.0
vertex -53.0 -9.0 1.0
endloop
endfacet
facet normal 0.0 0.0 1.0
outer loop
vertex -52.20000076293945 -11.0 1.0
vertex -52.849998474121094 -8.699999809265137 1.0
vertex -52.849998474121094 -9.0 1.0
endloop
endfacet
facet normal 0.0 -0.0 1.0
outer loop
vertex -52.20000076293945 -11.0 1.0
vertex -51.849998474121094 -9.0 1.0
vertex -52.849998474121094 -8.699999809265137 1.0
endloop
endfacet
facet normal 0.0 -0.0 1.0
outer loop
vertex -52.20000076293945 -11.0 1.0
vertex -51.54999923706055 -9.0 1.0
vertex -51.849998474121094 -9.0 1.0
endloop
endfacet
facet normal 1.0 0.0 -0.0
outer loop
vertex -51.400001525878906 -13.5 0.0
vertex -51.400001525878906 -8.5 0.0
vertex -51.400001525878906 -13.5 1.0
endloop
endfacet
facet normal -0.0 -0.0 1.0
outer loop
vertex -51.54999923706055 -13.300000190734863 1.0
vertex -51.400001525878906 -13.5 1.0
vertex -51.54999923706055 -13.0 1.0
endloop
endfacet
facet normal -0.0 0.0 0.9999999999999999
outer loop
vertex -51.54999923706055 -13.0 1.0
vertex -51.400001525878906 -13.5 1.0
vertex -51.400001525878906 -8.5 1.0
endloop
endfacet
facet normal 1.0 -0.0 0.0
outer loop
vertex -51.400001525878906 -13.5 1.0
vertex -51.400001525878906 -8.5 0.0
vertex -51.400001525878906 -8.5 1.0
endloop
endfacet
facet normal 0.0 -0.0 1.0
outer loop
vertex -51.54999923706055 -13.0 1.0
vertex -51.400001525878906 -8.5 1.0
vertex -51.54999923706055 -9.0 1.0
endloop
endfacet
facet normal 0.0 -1.0 0.0
outer loop
vertex -53.150001525878906 -13.300000190734863 1.0
vertex -53.0 -13.300000190734863 1.0
vertex -53.150001525878906 -13.300000190734863 3.0
endloop
endfacet
facet normal -1.0 0.0 0.0
outer loop
vertex -53.150001525878906 -13.300000190734863 1.0
vertex -53.150001525878906 -13.0 3.0
vertex -53.150001525878906 -13.0 1.0
endloop
endfacet
facet normal 0.0 -1.0 0.0
outer loop
vertex -53.0 -13.300000190734863 1.0
vertex -52.849998474121094 -13.300000190734863 1.0
vertex -53.150001525878906 -13.300000190734863 3.0
endloop
endfacet
facet normal 1.0 0.0 -0.0
outer loop
vertex -52.849998474121094 -13.300000190734863 1.0
vertex -52.849998474121094 -13.0 1.0
vertex -52.849998474121094 -13.300000190734863 3.0
endloop
endfacet
facet normal -0.0 1.0 0.0
outer loop
vertex -53.150001525878906 -13.0 1.0
vertex -52.849998474121094 -13.0 3.0
vertex -53.0 -13.0 1.0
endloop
endfacet
facet normal -0.0 1.0 0.0
outer loop
vertex -53.0 -13.0 1.0
vertex -52.849998474121094 -13.0 3.0
vertex -52.849998474121094 -13.0 1.0
endloop
endfacet
facet normal 0.0 -1.0 0.0
outer loop
vertex -51.849998474121094 -13.300000190734863 1.0
vertex -51.54999923706055 -13.300000190734863 1.0
vertex -51.849998474121094 -13.300000190734863 3.0
endloop
endfacet
facet normal -1.0 0.0 0.0
outer loop
vertex -51.849998474121094 -13.300000190734863 1.0
vertex -51.849998474121094 -13.0 3.0
vertex -51.849998474121094 -13.0 1.0
endloop
endfacet
facet normal 1.0 0.0 -0.0
outer loop
vertex -51.54999923706055 -13.300000190734863 1.0
vertex -51.54999923706055 -13.0 1.0
vertex -51.54999923706055 -13.300000190734863 3.0
endloop
endfacet
facet normal -0.0 1.0 0.0
outer loop
vertex -51.849998474121094 -13.0 1.0
vertex -51.54999923706055 -13.0 3.0
vertex -51.54999923706055 -13.0 1.0
endloop
endfacet
facet normal -1.0 0.0 0.0
outer loop
vertex -53.150001525878906 -13.300000190734863 1.0
vertex -53.150001525878906 -13.300000190734863 3.0
vertex -53.150001525878906 -13.0 3.0
endloop
endfacet
facet normal 0.0 1.0 0.0
outer loop
vertex -53.150001525878906 -13.0 1.0
vertex -53.150001525878906 -13.0 3.0
vertex -52.849998474121094 -13.0 3.0
endloop
endfacet
facet normal 0.0 -1.0 0.0
outer loop
vertex -52.849998474121094 -13.300000190734863 1.0
vertex -52.849998474121094 -13.300000190734863 3.0
vertex -53.150001525878906 -13.300000190734863 3.0
endloop
endfacet
facet normal 1.0 0.0 -0.0
outer loop
vertex -52.849998474121094 -13.0 1.0
vertex -52.849998474121094 -13.0 3.0
vertex -52.849998474121094 -13.300000190734863 3.0
endloop
endfacet
facet normal -1.0 0.0 0.0
outer loop
vertex -51.849998474121094 -13.300000190734863 1.0
vertex -51.849998474121094 -13.300000190734863 3.0
vertex -51.849998474121094 -13.0 3.0
endloop
endfacet
facet normal 0.0 -1.0 0.0
outer loop
vertex -51.54999923706055 -13.300000190734863 1.0
vertex -51.54999923706055 -13.300000190734863 3.0
vertex -51.849998474121094 -13.300000190734863 3.0
endloop
endfacet
facet normal 1.0 0.0 -0.0
outer loop
vertex -51.54999923706055 -13.0 1.0
vertex -51.54999923706055 -13.0 3.0
vertex -51.54999923706055 -13.300000190734863 3.0
endloop
endfacet
facet normal 0.0 1.0 0.0
outer loop
vertex -51.849998474121094 -13.0 1.0
vertex -51.849998474121094 -13.0 3.0
vertex -51.54999923706055 -13.0 3.0
endloop
endfacet
facet normal -0.0 1.0 0.0
outer loop
vertex -53.0 -8.5 0.0
vertex -51.400001525878906 -8.5 1.0
vertex -51.400001525878906 -8.5 0.0
endloop
endfacet
facet normal 0.0 0.0 -1.0
outer loop
vertex -53.150001525878906 -9.0 1.0
vertex -53.150001525878906 -8.699999809265137 1.0
vertex -53.0 -9.0 1.0
endloop
endfacet
facet normal 0.0 0.0 -1.0
outer loop
vertex -53.150001525878906 -8.699999809265137 1.0
vertex -53.0 -8.699999809265137 1.0
vertex -53.0 -9.0 1.0
endloop
endfacet
facet normal 0.0 1.0 0.0
outer loop
vertex -53.0 -8.5 0.0
vertex -53.0 -8.5 1.0
vertex -51.400001525878906 -8.5 1.0
endloop
endfacet
facet normal 0.0 -0.0 1.0
outer loop
vertex -53.0 -8.699999809265137 1.0
vertex -52.849998474121094 -8.699999809265137 1.0
vertex -53.0 -8.5 1.0
endloop
endfacet
facet normal 0.0 -0.0 1.0
outer loop
vertex -52.849998474121094 -8.699999809265137 1.0
vertex -51.849998474121094 -8.699999809265137 1.0
vertex -53.0 -8.5 1.0
endloop
endfacet
facet normal -0.0 0.0 1.0
outer loop
vertex -52.849998474121094 -8.699999809265137 1.0
vertex -51.849998474121094 -9.0 1.0
vertex -51.849998474121094 -8.699999809265137 1.0
endloop
endfacet
facet normal -0.0 0.0 1.0
outer loop
vertex -53.0 -8.5 1.0
vertex -51.849998474121094 -8.699999809265137 1.0
vertex -51.400001525878906 -8.5 1.0
endloop
endfacet
facet normal 0.0 0.0 1.0
outer loop
vertex -51.849998474121094 -8.699999809265137 1.0
vertex -51.54999923706055 -8.699999809265137 1.0
vertex -51.400001525878906 -8.5 1.0
endloop
endfacet
facet normal 0.0 -0.0 1.0
outer loop
vertex -51.54999923706055 -9.0 1.0
vertex -51.400001525878906 -8.5 1.0
vertex -51.54999923706055 -8.699999809265137 1.0
endloop
endfacet
facet normal 0.0 -1.0 0.0
outer loop
vertex -53.150001525878906 -9.0 1.0
vertex -53.0 -9.0 1.0
vertex -53.150001525878906 -9.0 3.0
endloop
endfacet
facet normal -1.0 0.0 0.0
outer loop
vertex -53.150001525878906 -9.0 1.0
vertex -53.150001525878906 -8.699999809265137 3.0
vertex -53.150001525878906 -8.699999809265137 1.0
endloop
endfacet
facet normal 0.0 -1.0 0.0
outer loop
vertex -53.0 -9.0 1.0
vertex -52.849998474121094 -9.0 1.0
vertex -53.150001525878906 -9.0 3.0
endloop
endfacet
facet normal 1.0 0.0 -0.0
outer loop
vertex -52.849998474121094 -9.0 1.0
vertex -52.849998474121094 -8.699999809265137 1.0
vertex -52.849998474121094 -9.0 3.0
endloop
endfacet
facet normal -0.0 1.0 0.0
outer loop
vertex -53.150001525878906 -8.699999809265137 1.0
vertex -52.849998474121094 -8.699999809265137 3.0
vertex -53.0 -8.699999809265137 1.0
endloop
endfacet
facet normal -0.0 1.0 0.0
outer loop
vertex -53.0 -8.699999809265137 1.0
vertex -52.849998474121094 -8.699999809265137 3.0
vertex -52.849998474121094 -8.699999809265137 1.0
endloop
endfacet
facet normal 0.0 -1.0 0.0
outer loop
vertex -51.849998474121094 -9.0 1.0
vertex -51.54999923706055 -9.0 1.0
vertex -51.849998474121094 -9.0 3.0
endloop
endfacet
facet normal -1.0 0.0 0.0
outer loop
vertex -51.849998474121094 -9.0 1.0
vertex -51.849998474121094 -8.699999809265137 3.0
vertex -51.849998474121094 -8.699999809265137 1.0
endloop
endfacet
facet normal 1.0 0.0 -0.0
outer loop
vertex -51.54999923706055 -9.0 1.0
vertex -51.54999923706055 -8.699999809265137 1.0
vertex -51.54999923706055 -9.0 3.0
endloop
endfacet
facet normal -0.0 1.0 0.0
outer loop
vertex -51.849998474121094 -8.699999809265137 1.0
vertex -51.54999923706055 -8.699999809265137 3.0
vertex -51.54999923706055 -8.699999809265137 1.0
endloop
endfacet
facet normal -1.0 0.0 0.0
outer loop
vertex -53.150001525878906 -9.0 1.0
vertex -53.150001525878906 -9.0 3.0
vertex -53.150001525878906 -8.699999809265137 3.0
endloop
endfacet
facet normal 0.0 1.0 0.0
outer loop
vertex -53.150001525878906 -8.699999809265137 1.0
vertex -53.150001525878906 -8.699999809265137 3.0
vertex -52.849998474121094 -8.699999809265137 3.0
endloop
endfacet
facet normal 0.0 -1.0 0.0
outer loop
vertex -52.849998474121094 -9.0 1.0
vertex -52.849998474121094 -9.0 3.0
vertex -53.150001525878906 -9.0 3.0
endloop
endfacet
facet normal 1.0 0.0 -0.0
outer loop
vertex -52.849998474121094 -8.699999809265137 1.0
vertex -52.849998474121094 -8.699999809265137 3.0
vertex -52.849998474121094 -9.0 3.0
endloop
endfacet
facet normal -1.0 0.0 0.0
outer loop
vertex -51.849998474121094 -9.0 1.0
vertex -51.849998474121094 -9.0 3.0
vertex -51.849998474121094 -8.699999809265137 3.0
endloop
endfacet
facet normal 0.0 -1.0 0.0
outer loop
vertex -51.54999923706055 -9.0 1.0
vertex -51.54999923706055 -9.0 3.0
vertex -51.849998474121094 -9.0 3.0
endloop
endfacet
facet normal 1.0 0.0 -0.0
outer loop
vertex -51.54999923706055 -8.699999809265137 1.0
vertex -51.54999923706055 -8.699999809265137 3.0
vertex -51.54999923706055 -9.0 3.0
endloop
endfacet
facet normal 0.0 1.0 0.0
outer loop
vertex -51.849998474121094 -8.699999809265137 1.0
vertex -51.849998474121094 -8.699999809265137 3.0
vertex -51.54999923706055 -8.699999809265137 3.0
endloop
endfacet
facet normal 0.0 -1.0 0.0
outer loop
vertex -52.20000076293945 -3.700000047683716 0.0
vertex -50.20000076293945 -3.700000047683716 0.0
vertex -52.20000076293945 -3.700000047683716 2.5
endloop
endfacet
facet normal 0.0 0.0 -1.0
outer loop
vertex -52.20000076293945 -3.700000047683716 0.0
vertex -51.20000076293945 0.0 0.0
vertex -50.20000076293945 -3.700000047683716 0.0
endloop
endfacet
facet normal 0.0 0.0 -1.0
outer loop
vertex -50.20000076293945 -3.700000047683716 0.0
vertex -51.20000076293945 0.0 0.0
vertex -50.20000076293945 -3.5 0.0
endloop
endfacet
facet normal 1.0 0.0 -0.0
outer loop
vertex -50.20000076293945 -3.5 0.0
vertex -50.20000076293945 3.5 0.0
vertex -50.20000076293945 -3.5 2.5
endloop
endfacet
facet normal -1.0 0.0 0.0
outer loop
vertex -52.20000076293945 -3.700000047683716 0.0
vertex -52.20000076293945 -3.700000047683716 2.5
vertex -52.20000076293945 3.700000047683716 2.5
endloop
endfacet
facet normal 0.0 -1.0 0.0
outer loop
vertex -50.20000076293945 -3.700000047683716 0.0
vertex -50.20000076293945 -3.700000047683716 2.5
vertex -52.20000076293945 -3.700000047683716 2.5
endloop
endfacet
facet normal 0.0 -0.0 1.0
outer loop
vertex -52.20000076293945 -3.700000047683716 2.5
vertex -50.20000076293945 -3.700000047683716 2.5
vertex -51.20000076293945 0.0 2.5
endloop
endfacet
facet normal 0.0 -0.0 1.0
outer loop
vertex -50.20000076293945 -3.700000047683716 2.5
vertex -50.20000076293945 -3.5999999046325684 2.5
vertex -51.20000076293945 0.0 2.5
endloop
endfacet
facet normal 0.0 0.0 -1.0
outer loop
vertex -52.20000076293945 -3.700000047683716 0.0
vertex -52.20000076293945 3.700000047683716 0.0
vertex -51.20000076293945 0.0 0.0
endloop
endfacet
facet normal -1.0 0.0 0.0
outer loop
vertex -52.20000076293945 -3.700000047683716 0.0
vertex -52.20000076293945 3.700000047683716 2.5
vertex -52.20000076293945 3.700000047683716 0.0
endloop
endfacet
facet normal 0.0 0.0 -1.0
outer loop
vertex -50.20000076293945 -3.5 0.0
vertex -51.20000076293945 0.0 0.0
vertex -50.20000076293945 3.5 0.0
endloop
endfacet
facet normal 0.0 -0.0 -1.0
outer loop
vertex -52.20000076293945 3.700000047683716 0.0
vertex -50.20000076293945 3.700000047683716 0.0
vertex -51.20000076293945 0.0 0.0
endloop
endfacet
facet normal 0.0 0.0 -1.0
outer loop
vertex -51.20000076293945 0.0 0.0
vertex -50.20000076293945 3.700000047683716 0.0
vertex -50.20000076293945 3.5 0.0
endloop
endfacet
facet normal -0.0 1.0 0.0
outer loop
vertex -52.20000076293945 3.700000047683716 0.0
vertex -50.20000076293945 3.700000047683716 2.5
vertex -50.20000076293945 3.700000047683716 0.0
endloop
endfacet
facet normal 0.0 1.0 0.0
outer loop
vertex -52.20000076293945 3.700000047683716 0.0
vertex -52.20000076293945 3.700000047683716 2.5
vertex -50.20000076293945 3.700000047683716 2.5
endloop
endfacet
facet normal 1.0 -0.0 0.0
outer loop
vertex -50.20000076293945 -3.5 2.5
vertex -50.20000076293945 3.5 0.0
vertex -50.20000076293945 3.5 2.5
endloop
endfacet
facet normal 0.0 -0.0 1.0
outer loop
vertex -52.20000076293945 -3.700000047683716 2.5
vertex -51.20000076293945 0.0 2.5
vertex -52.20000076293945 3.700000047683716 2.5
endloop
endfacet
facet normal 0.0 -0.0 0.9999999999999999
outer loop
vertex -50.20000076293945 -3.5999999046325684 2.5
vertex -50.20000076293945 3.5999999046325684 2.5
vertex -51.20000076293945 0.0 2.5
endloop
endfacet
facet normal -0.0 0.0 1.0
outer loop
vertex -52.20000076293945 3.700000047683716 2.5
vertex -51.20000076293945 0.0 2.5
vertex -50.20000076293945 3.700000047683716 2.5
endloop
endfacet
facet normal 0.0 0.0 1.0
outer loop
vertex -51.20000076293945 0.0 2.5
vertex -50.20000076293945 3.5999999046325684 2.5
vertex -50.20000076293945 3.700000047683716 2.5
endloop
endfacet
facet normal -1.0 0.0 0.0
outer loop
vertex -53.5 10.0 0.0
vertex -53.5 10.0 1.0
vertex -53.5 10.600000381469727 0.0
endloop
endfacet
facet normal 0.0 0.0 -1.0
outer loop
vertex -53.5 10.0 0.0
vertex -53.5 10.600000381469727 0.0
vertex -51.75 10.300000190734863 0.0
endloop
endfacet
facet normal 0.0 0.0 -1.0
outer loop
vertex -53.5 10.0 0.0
vertex -51.75 10.300000190734863 0.0
vertex -50.0 10.0 0.0
endloop
endfacet
facet normal 0.0 0.0 -1.0
outer loop
vertex -53.5 10.600000381469727 0.0
vertex -51.75 13.0 0.0
vertex -51.75 10.300000190734863 0.0
endloop
endfacet
facet normal -1.0 0.0 0.0
outer loop
vertex -53.5 10.600000381469727 0.0
vertex -53.5 10.0 1.0
vertex -53.5 10.600000381469727 1.0
endloop
endfacet
facet normal -0.0 -1.0 0.0
outer loop
vertex -53.5 10.0 0.0
vertex -50.0 10.0 1.399999976158142
vertex -53.5 10.0 1.0
endloop
endfacet
facet normal -1.0 0.0 0.0
outer loop
vertex -53.5 10.600000381469727 0.0
vertex -53.5 10.600000381469727 1.0
vertex -53.5 15.399999618530273 0.0
endloop
endfacet
facet normal 0.0 0.0 -1.0
outer loop
vertex -53.5 10.600000381469727 0.0
vertex -53.5 15.399999618530273 0.0
vertex -51.75 13.0 0.0
endloop
endfacet
facet normal -1.0 0.0 0.0
outer loop
vertex -53.5 10.600000381469727 1.0
vertex -53.5 15.399999618530273 1.0
vertex -53.5 15.399999618530273 0.0
endloop
endfacet
facet normal 0.0 -0.0 1.0
outer loop
vertex -53.5 10.600000381469727 1.0
vertex -50.0 10.600000381469727 1.0
vertex -53.5 15.399999618530273 1.0
endloop
endfacet
facet normal 0.0 -1.0 0.0
outer loop
vertex -53.5 10.0 0.0
vertex -50.0 10.0 0.0
vertex -50.0 10.0 1.399999976158142
endloop
endfacet
facet normal 0.0 0.0 -1.0
outer loop
vertex -51.75 10.300000190734863 0.0
vertex -51.75 13.0 0.0
vertex -50.0 10.0 0.0
endloop
endfacet
facet normal 0.0 0.0 -1.0
outer loop
vertex -51.75 13.0 0.0
vertex -50.0 16.0 0.0
vertex -50.0 10.0 0.0
endloop
endfacet
facet normal 0.0 -0.0 1.0
outer loop
vertex -50.0 10.600000381469727 1.0
vertex -50.0 15.399999618530273 1.0
vertex -53.5 15.399999618530273 1.0
endloop
endfacet
facet normal -1.0 0.0 0.0
outer loop
vertex -53.5 10.0 1.0
vertex -53.5 10.0 4.599999904632568
vertex -53.5 10.600000381469727 1.0
endloop
endfacet
facet normal -0.0 1.0 0.0
outer loop
vertex -53.5 10.600000381469727 1.0
vertex -53.5 10.600000381469727 4.599999904632568
vertex -50.0 10.600000381469727 1.0
endloop
endfacet
facet normal 0.0 -1.0 0.0
outer loop
vertex -53.5 10.0 1.0
vertex -50.0 10.0 1.399999976158142
vertex -50.0 10.0 1.7000000476837158
endloop
endfacet
facet normal 0.0 -1.0 0.0
outer loop
vertex -53.5 10.0 1.0
vertex -50.0 10.0 1.7000000476837158
vertex -50.0 10.0 4.599999904632568
endloop
endfacet
facet normal -0.0 1.0 -0.0
outer loop
vertex -50.0 10.600000381469727 1.0
vertex -53.5 10.600000381469727 4.599999904632568
vertex -50.0 10.600000381469727 1.399999976158142
endloop
endfacet
facet normal -1.0 0.0 0.0
outer loop
vertex -53.5 15.399999618530273 0.0
vertex -53.5 15.399999618530273 1.0
vertex -53.5 16.0 0.0
endloop
endfacet
facet normal 0.0 0.0 -1.0
outer loop
vertex -51.75 13.0 0.0
vertex -53.5 15.399999618530273 0.0
vertex -51.75 15.699999809265137 0.0
endloop
endfacet
facet normal 0.0 0.0 -1.0
outer loop
vertex -53.5 15.399999618530273 0.0
vertex -53.5 16.0 0.0
vertex -51.75 15.699999809265137 0.0
endloop
endfacet
facet normal 0.0 -0.0 -1.0
outer loop
vertex -53.5 16.0 0.0
vertex -50.0 16.0 0.0
vertex -51.75 15.699999809265137 0.0
endloop
endfacet
facet normal -0.0 1.0 0.0
outer loop
vertex -53.5 16.0 0.0
vertex -53.5 16.0 1.0
vertex -50.0 16.0 0.0
endloop
endfacet
facet normal -1.0 0.0 0.0
outer loop
vertex -53.5 16.0 0.0
vertex -53.5 15.399999618530273 1.0
vertex -53.5 16.0 1.0
endloop
endfacet
facet normal 0.0 0.0 -1.0
outer loop
vertex -51.75 13.0 0.0
vertex -51.75 15.699999809265137 0.0
vertex -50.0 16.0 0.0
endloop
endfacet
facet normal 0.0 -1.0 0.0
outer loop
vertex -53.5 15.399999618530273 1.0
vertex -50.0 15.399999618530273 1.0
vertex -50.0 15.399999618530273 1.399999976158142
endloop
endfacet
facet normal -0.0 1.0 0.0
outer loop
vertex -53.5 16.0 1.0
vertex -53.5 16.0 4.599999904632568
vertex -50.0 16.0 0.0
endloop
endfacet
facet normal -1.0 0.0 0.0
outer loop
vertex -53.5 15.399999618530273 1.0
vertex -53.5 15.399999618530273 4.599999904632568
vertex -53.5 16.0 1.0
endloop
endfacet
facet normal 0.0 -1.0 0.0
outer loop
vertex -53.5 15.399999618530273 1.0
vertex -50.0 15.399999618530273 1.399999976158142
vertex -50.0 15.399999618530273 1.7000000476837158
endloop
endfacet
facet normal -0.0 1.0 -0.0
outer loop
vertex -50.0 16.0 0.0
vertex -53.5 16.0 4.599999904632568
vertex -50.0 16.0 1.399999976158142
endloop
endfacet
facet normal 0.0 -1.0 0.0
outer loop
vertex -53.5 15.399999618530273 1.0
vertex -50.0 15.399999618530273 1.7000000476837158
vertex -50.0 15.399999618530273 4.599999904632568
endloop
endfacet
facet normal -1.0 0.0 0.0
outer loop
vertex -53.5 10.600000381469727 1.0
vertex -53.5 10.0 4.599999904632568
vertex -53.5 10.600000381469727 4.599999904632568
endloop
endfacet
facet normal 0.0 -1.0 0.0
outer loop
vertex -53.5 10.0 1.0
vertex -50.0 10.0 4.599999904632568
vertex -53.5 10.0 4.599999904632568
endloop
endfacet
facet normal -0.0 1.0 -0.0
outer loop
vertex -50.0 10.600000381469727 1.399999976158142
vertex -53.5 10.600000381469727 4.599999904632568
vertex -50.0 10.600000381469727 1.7000000476837158
endloop
endfacet
facet normal 1.0 0.0 0.0
outer loop
vertex -50.0 10.0 1.7000000476837158
vertex -50.0 10.600000381469727 1.7000000476837158
vertex -50.0 10.600000381469727 4.599999904632568
endloop
endfacet
facet normal 0.0 1.0 -0.0
outer loop
vertex -50.0 10.600000381469727 1.7000000476837158
vertex -53.5 10.600000381469727 4.599999904632568
vertex -50.0 10.600000381469727 4.599999904632568
endloop
endfacet
facet normal 1.0 0.0 -0.0
outer loop
vertex -50.0 10.0 1.7000000476837158
vertex -50.0 10.600000381469727 4.599999904632568
vertex -50.0 10.0 4.599999904632568
endloop
endfacet
facet normal -0.9999999999999999 0.0 -0.0
outer loop
vertex -53.5 10.0 4.599999904632568
vertex -53.5 16.0 5.400000095367432
vertex -53.5 10.600000381469727 4.599999904632568
endloop
endfacet
facet normal 0.0 0.0 -1.0
outer loop
vertex -53.5 10.600000381469727 4.599999904632568
vertex -53.5 15.399999618530273 4.599999904632568
vertex -50.0 10.600000381469727 4.599999904632568
endloop
endfacet
facet normal 0.0 -1.0 0.0
outer loop
vertex -53.5 10.0 4.599999904632568
vertex -50.0 10.0 4.599999904632568
vertex -50.0 10.0 5.599999904632568
endloop
endfacet
facet normal 0.0 0.0 -1.0
outer loop
vertex -50.0 10.600000381469727 4.599999904632568
vertex -53.5 15.399999618530273 4.599999904632568
vertex -50.0 15.399999618530273 4.599999904632568
endloop
endfacet
facet normal 1.0 0.0 0.0
outer loop
vertex -50.0 10.0 4.599999904632568
vertex -50.0 10.600000381469727 4.599999904632568
vertex -50.0 16.0 5.599999904632568
endloop
endfacet
facet normal -1.0 0.0 0.0
outer loop
vertex -53.5 16.0 1.0
vertex -53.5 15.399999618530273 4.599999904632568
vertex -53.5 16.0 4.599999904632568
endloop
endfacet
facet normal 0.0 -1.0 0.0
outer loop
vertex -53.5 15.399999618530273 1.0
vertex -50.0 15.399999618530273 4.599999904632568
vertex -53.5 15.399999618530273 4.599999904632568
endloop
endfacet
facet normal -0.0 1.0 -0.0
outer loop
vertex -50.0 16.0 1.399999976158142
vertex -53.5 16.0 4.599999904632568
vertex -50.0 16.0 1.7000000476837158
endloop
endfacet
facet normal 1.0 0.0 0.0
outer loop
vertex -50.0 15.399999618530273 1.7000000476837158
vertex -50.0 16.0 1.7000000476837158
vertex -50.0 16.0 4.599999904632568
endloop
endfacet
facet normal 0.0 1.0 -0.0
outer loop
vertex -50.0 16.0 1.7000000476837158
vertex -53.5 16.0 4.599999904632568
vertex -50.0 16.0 4.599999904632568
endloop
endfacet
facet normal 1.0 0.0 -0.0
outer loop
vertex -50.0 15.399999618530273 1.7000000476837158
vertex -50.0 16.0 4.599999904632568
vertex -50.0 15.399999618530273 4.599999904632568
endloop
endfacet
facet normal -1.0 0.0 -0.0
outer loop
vertex -53.5 10.600000381469727 4.599999904632568
vertex -53.5 16.0 5.400000095367432
vertex -53.5 15.399999618530273 4.599999904632568
endloop
endfacet
facet normal -0.9999999999999999 0.0 0.0
outer loop
vertex -53.5 15.399999618530273 4.599999904632568
vertex -53.5 16.0 5.400000095367432
vertex -53.5 16.0 4.599999904632568
endloop
endfacet
facet normal -0.0 1.0 0.0
outer loop
vertex -53.5 16.0 4.599999904632568
vertex -53.5 16.0 5.400000095367432
vertex -50.0 16.0 4.599999904632568
endloop
endfacet
facet normal 1.0 0.0 0.0
outer loop
vertex -50.0 10.600000381469727 4.599999904632568
vertex -50.0 15.399999618530273 4.599999904632568
vertex -50.0 16.0 5.599999904632568
endloop
endfacet
facet normal 1.0 0.0 0.0
outer loop
vertex -50.0 15.399999618530273 4.599999904632568
vertex -50.0 16.0 4.599999904632568
vertex -50.0 16.0 5.599999904632568
endloop
endfacet
facet normal -0.0 -1.0 0.0
outer loop
vertex -53.5 10.0 4.599999904632568
vertex -50.0 10.0 5.599999904632568
vertex -53.5 10.0 5.400000095367432
endloop
endfacet
facet normal 0.0 -1.0 0.0
outer loop
vertex -53.5 10.0 5.400000095367432
vertex -50.0 10.0 5.599999904632568
vertex -53.5 10.0 5.599999904632568
endloop
endfacet
facet normal 0.0 -0.0 1.0
outer loop
vertex -53.5 10.0 5.599999904632568
vertex -50.0 10.0 5.599999904632568
vertex -51.75 13.0 5.599999904632568
endloop
endfacet
facet normal -1.0 0.0 0.0
outer loop
vertex -53.5 10.0 4.599999904632568
vertex -53.5 10.0 5.400000095367432
vertex -53.5 16.0 5.400000095367432
endloop
endfacet
facet normal 0.0 -0.0 1.0
outer loop
vertex -53.5 10.0 5.599999904632568
vertex -51.75 13.0 5.599999904632568
vertex -53.5 16.0 5.599999904632568
endloop
endfacet
facet normal -0.0 0.0 1.0
outer loop
vertex -51.75 13.0 5.599999904632568
vertex -50.0 10.0 5.599999904632568
vertex -50.0 16.0 5.599999904632568
endloop
endfacet
facet normal 1.0 0.0 -0.0
outer loop
vertex -50.0 10.0 4.599999904632568
vertex -50.0 16.0 5.599999904632568
vertex -50.0 10.0 5.599999904632568
endloop
endfacet
facet normal 0.0 -0.0 1.0
outer loop
vertex -51.75 13.0 5.599999904632568
vertex -50.0 16.0 5.599999904632568
vertex -53.5 16.0 5.599999904632568
endloop
endfacet
facet normal 0.0 1.0 -0.0
outer loop
vertex -50.0 16.0 4.599999904632568
vertex -53.5 16.0 5.400000095367432
vertex -53.5 16.0 5.599999904632568
endloop
endfacet
facet normal 0.0 1.0 -0.0
outer loop
vertex -50.0 16.0 4.599999904632568
vertex -53.5 16.0 5.599999904632568
vertex -50.0 16.0 5.599999904632568
endloop
endfacet
facet normal 0.0 0.0 -0.9999999999999999
outer loop
vertex -49.70000076293945 35.599998474121094 0.0
vertex -49.5 35.79999923706055 0.0
vertex -49.29999923706055 35.599998474121094 0.0
endloop
endfacet
facet normal 0.0 0.0 -0.9999999999999999
outer loop
vertex -49.70000076293945 35.599998474121094 0.0
vertex -49.70000076293945 36.0 0.0
vertex -49.5 35.79999923706055 0.0
endloop
endfacet
facet normal 0.0 0.0 -0.9999999999999999
outer loop
vertex -49.5 35.79999923706055 0.0
vertex -49.70000076293945 36.0 0.0
vertex -49.29999923706055 36.0 0.0
endloop
endfacet
facet normal 0.0 0.0 -0.9999999999999999
outer loop
vertex -49.5 35.79999923706055 0.0
vertex -49.29999923706055 36.0 0.0
vertex -49.29999923706055 35.599998474121094 0.0
endloop
endfacet
facet normal -1.0 0.0 0.0
outer loop
vertex -49.70000076293945 35.599998474121094 0.0
vertex -49.70000076293945 36.0 3.0
vertex -49.70000076293945 36.0 0.0
endloop
endfacet
facet normal 0.0 -1.0 0.0
outer loop
vertex -49.70000076293945 35.599998474121094 0.0
vertex -49.29999923706055 35.599998474121094 0.0
vertex -49.70000076293945 35.599998474121094 3.0
endloop
endfacet
facet normal 1.0 0.0 -0.0
outer loop
vertex -49.29999923706055 35.599998474121094 0.0
vertex -49.29999923706055 36.0 0.0
vertex -49.29999923706055 35.599998474121094 3.0
endloop
endfacet
facet normal -1.0 0.0 0.0
outer loop
vertex -49.70000076293945 35.599998474121094 0.0
vertex -49.70000076293945 35.599998474121094 3.0
vertex -49.70000076293945 36.0 3.0
endloop
endfacet
facet normal 0.0 -1.0 0.0
outer loop
vertex -49.29999923706055 35.599998474121094 0.0
vertex -49.29999923706055 35.599998474121094 3.0
vertex -49.70000076293945 35.599998474121094 3.0
endloop
endfacet
facet normal 1.0 0.0 -0.0
outer loop
vertex -49.29999923706055 36.0 0.0
vertex -49.29999923706055 36.0 3.0
vertex -49.29999923706055 35.599998474121094 3.0
endloop
endfacet
facet normal -1.0 0.0 0.0
outer loop
vertex -49.70000076293945 35.599998474121094 3.0
vertex -49.70000076293945 35.79999923706055 3.133333444595337
vertex -49.70000076293945 36.0 3.0
endloop
endfacet
facet normal 1.0 0.0 -0.0
outer loop
vertex -49.29999923706055 35.599998474121094 3.0
vertex -49.29999923706055 36.0 3.0
vertex -49.29999923706055 35.79999923706055 3.133333444595337
endloop
endfacet
facet normal -0.9999999999999999 0.0 0.0
outer loop
vertex -49.70000076293945 35.599998474121094 3.0
vertex -49.70000076293945 35.79999923706055 3.4000000953674316
vertex -49.70000076293945 35.79999923706055 3.133333444595337
endloop
endfacet
facet normal -0.9999999999999999 0.0 0.0
outer loop
vertex -49.70000076293945 36.0 3.0
vertex -49.70000076293945 35.79999923706055 3.133333444595337
vertex -49.70000076293945 35.79999923706055 3.4000000953674316
endloop
endfacet
facet normal 0.0 -0.8944265512554308 0.4472148749866401
outer loop
vertex -49.70000076293945 35.599998474121094 3.0
vertex -49.29999923706055 35.599998474121094 3.0
vertex -49.29999923706055 35.79999923706055 3.4000000953674316
endloop
endfacet
facet normal 0.9999999999999999 0.0 0.0
outer loop
vertex -49.29999923706055 35.599998474121094 3.0
vertex -49.29999923706055 35.79999923706055 3.133333444595337
vertex -49.29999923706055 35.79999923706055 3.4000000953674316
endloop
endfacet
facet normal 0.0 -0.8944265512554308 0.4472148749866401
outer loop
vertex -49.70000076293945 35.599998474121094 3.0
vertex -49.29999923706055 35.79999923706055 3.4000000953674316
vertex -49.70000076293945 35.79999923706055 3.4000000953674316
endloop
endfacet
facet normal 0.0 0.8944265512554308 0.4472148749866401
outer loop
vertex -49.70000076293945 36.0 3.0
vertex -49.70000076293945 35.79999923706055 3.4000000953674316
vertex -49.29999923706055 36.0 3.0
endloop
endfacet
facet normal 0.9999999999999999 0.0 0.0
outer loop
vertex -49.29999923706055 36.0 3.0
vertex -49.29999923706055 35.79999923706055 3.4000000953674316
vertex -49.29999923706055 35.79999923706055 3.133333444595337
endloop
endfacet
facet normal -0.0 0.8944265512554308 0.4472148749866401
outer loop
vertex -49.29999923706055 36.0 3.0
vertex -49.70000076293945 35.79999923706055 3.4000000953674316
vertex -49.29999923706055 35.79999923706055 3.4000000953674316
endloop
endfacet
facet normal 0.0 -1.0 0.0
outer loop
vertex -10.0 65.0 18.0
vertex -9.0 65.0 18.5
vertex -9.0 65.0 21.5
endloop
endfacet
facet normal 0.0 -1.0 0.0
outer loop
vertex -10.0 65.0 18.0
vertex 9.0 65.0 18.5
vertex -9.0 65.0 18.5
endloop
endfacet
facet normal -1.0 0.0 0.0
outer loop
vertex -10.0 65.0 18.0
vertex -10.0 65.0 22.0
vertex -10.0 67.0 18.0
endloop
endfacet
facet normal -0.0 1.0 0.0
outer loop
vertex -10.0 67.0 18.0
vertex -10.0 67.0 22.0
vertex -9.0 67.0 18.5
endloop
endfacet
facet normal -0.0 1.0 0.0
outer loop
vertex -10.0 67.0 18.0
vertex -9.0 67.0 18.5
vertex 10.0 67.0 18.0
endloop
endfacet
facet normal 0.0 -1.0 0.0
outer loop
vertex -10.0 65.0 18.0
vertex -9.0 65.0 21.5
vertex -10.0 65.0 22.0
endloop
endfacet
facet normal 0.0 -1.0 0.0
outer loop
vertex -9.0 65.0 21.5
vertex 10.0 65.0 22.0
vertex -10.0 65.0 22.0
endloop
endfacet
facet normal -1.0 0.0 0.0
outer loop
vertex -10.0 67.0 18.0
vertex -10.0 65.0 22.0
vertex -10.0 67.0 22.0
endloop
endfacet
facet normal -0.0 1.0 -0.0
outer loop
vertex -9.0 67.0 18.5
vertex -10.0 67.0 22.0
vertex -9.0 67.0 21.5
endloop
endfacet
facet normal -0.0 1.0 -0.0
outer loop
vertex -9.0 67.0 21.5
vertex -10.0 67.0 22.0
vertex 9.0 67.0 21.5
endloop
endfacet
facet normal 0.0 0.0 -1.0
outer loop
vertex 92.0 -67.0 0.0
vertex 92.0 -66.0 0.0
vertex 92.5 -66.5 0.0
endloop
endfacet
facet normal 0.0 0.0 -1.0
outer loop
vertex 92.0 -67.0 0.0
vertex 92.5 -66.5 0.0
vertex 93.0 -67.0 0.0
endloop
endfacet
facet normal 0.0 0.0 -1.0
outer loop
vertex 92.5 -66.5 0.0
vertex 93.0 -66.0 0.0
vertex 93.0 -67.0 0.0
endloop
endfacet
facet normal 0.0 -0.0 -1.0
outer loop
vertex 92.0 -66.0 0.0
vertex 93.0 -66.0 0.0
vertex 92.5 -66.5 0.0
endloop
endfacet
facet normal -1.0 0.0 0.0
outer loop
vertex 92.0 -67.0 0.0
vertex 92.0 -66.8499984741211 14.0
vertex 92.0 -66.0 0.0
endloop
endfacet
facet normal -0.0 1.0 0.0
outer loop
vertex 92.0 -66.0 0.0
vertex 92.0 -66.0 16.0
vertex 93.0 -66.0 0.0
endloop
endfacet
facet normal 0.0 -1.0 0.0
outer loop
vertex 92.0 -67.0 0.0
vertex 93.0 -67.0 0.0
vertex 93.0 -67.0 16.0
endloop
endfacet
facet normal 1.0 0.0 0.0
outer loop
vertex 93.0 -67.0 0.0
vertex 93.0 -66.0 0.0
vertex 93.0 -66.0 16.0
endloop
endfacet
facet normal -1.0 0.0 0.0
outer loop
vertex 92.0 -67.0 0.0
vertex 92.0 -66.94999694824219 14.0
vertex 92.0 -66.8499984741211 14.0
endloop
endfacet
facet normal 1.0 0.0 -0.0
outer loop
vertex 93.0 -67.0 0.0
vertex 93.0 -66.8499984741211 14.0
vertex 93.0 -66.94999694824219 14.0
endloop
endfacet
facet normal -1.0 0.0 0.0
outer loop
vertex 92.0 -66.0 0.0
vertex 92.0 -66.8499984741211 14.0
vertex 92.0 -66.8499984741211 15.199999809265137
endloop
endfacet
facet normal 1.0 0.0 0.0
outer loop
vertex 93.0 -67.0 0.0
vertex 93.0 -66.94999694824219 14.0
vertex 93.0 -66.94999694824219 15.199999809265137
endloop
endfacet
facet normal -1.0 0.0 0.0
outer loop
vertex 92.0 -67.0 0.0
vertex 92.0 -67.0 16.0
vertex 92.0 -66.94999694824219 14.0
endloop
endfacet
facet normal -1.0 0.0 0.0
outer loop
vertex 92.0 -66.0 0.0
vertex 92.0 -66.8499984741211 15.199999809265137
vertex 92.0 -66.0 16.0
endloop
endfacet
facet normal 1.0 0.0 -0.0
outer loop
vertex 93.0 -67.0 0.0
vertex 93.0 -66.0 16.0
vertex 93.0 -66.8499984741211 14.0
endloop
endfacet
facet normal 1.0 0.0 -0.0
outer loop
vertex 93.0 -67.0 0.0
vertex 93.0 -66.94999694824219 15.199999809265137
vertex 93.0 -67.0 16.0
endloop
endfacet
facet normal 0.0 -1.0 0.0
outer loop
vertex 92.0 -67.0 0.0
vertex 93.0 -67.0 16.0
vertex 92.0 -67.0 16.0
endloop
endfacet
facet normal 0.0 1.0 -0.0
outer loop
vertex 93.0 -66.0 0.0
vertex 92.0 -66.0 16.0
vertex 93.0 -66.0 16.0
endloop
endfacet
facet normal -1.0 0.0 0.0
outer loop
vertex 92.0 -66.94999694824219 14.0
vertex 92.0 -67.0 16.0
vertex 92.0 -66.94999694824219 15.199999809265137
endloop
endfacet
facet normal -1.0 0.0 0.0
outer loop
vertex 92.0 -66.94999694824219 15.199999809265137
vertex 92.0 -67.0 16.0
vertex 92.0 -66.8499984741211 15.199999809265137
endloop
endfacet
facet normal 1.0 0.0 -0.0
outer loop
vertex 93.0 -66.8499984741211 14.0
vertex 93.0 -66.0 16.0
vertex 93.0 -66.8499984741211 15.199999809265137
endloop
endfacet
facet normal 1.0 0.0 -0.0
outer loop
vertex 93.0 -66.94999694824219 15.199999809265137
vertex 93.0 -66.8499984741211 15.199999809265137
vertex 93.0 -67.0 16.0
endloop
endfacet
facet normal -1.0 0.0 0.0
outer loop
vertex 92.0 -66.8499984741211 15.199999809265137
vertex 92.0 -67.0 16.0
vertex 92.0 -66.0 16.0
endloop
endfacet
facet normal 0.0 -0.0 1.0
outer loop
vertex 92.0 -67.0 16.0
vertex 92.5 -66.5 16.0
vertex 92.0 -66.0 16.0
endloop
endfacet
facet normal 1.0 0.0 -0.0
outer loop
vertex 93.0 -66.8499984741211 15.199999809265137
vertex 93.0 -66.0 16.0
vertex 93.0 -67.0 16.0
endloop
endfacet
facet normal 0.0 -0.0 1.0
outer loop
vertex 92.0 -67.0 16.0
vertex 93.0 -67.0 16.0
vertex 92.5 -66.5 16.0
endloop
endfacet
facet normal -0.0 0.0 1.0
outer loop
vertex 92.5 -66.5 16.0
vertex 93.0 -67.0 16.0
vertex 93.0 -66.0 16.0
endloop
endfacet
facet normal -0.0 0.0 1.0
outer loop
vertex 92.0 -66.0 16.0
vertex 92.5 -66.5 16.0
vertex 93.0 -66.0 16.0
endloop
endfacet
facet normal 0.0 0.0 -0.9999999999999999
outer loop
vertex 49.29999923706055 -36.0 0.0
vertex 49.29999923706055 -35.599998474121094 0.0
vertex 49.5 -35.79999923706055 0.0
endloop
endfacet
facet normal 0.0 0.0 -0.9999999999999999
outer loop
vertex 49.29999923706055 -36.0 0.0
vertex 49.5 -35.79999923706055 0.0
vertex 49.70000076293945 -36.0 0.0
endloop
endfacet
facet normal 0.0 0.0 -0.9999999999999999
outer loop
vertex 49.70000076293945 -36.0 0.0
vertex 49.5 -35.79999923706055 0.0
vertex 49.70000076293945 -35.599998474121094 0.0
endloop
endfacet
facet normal 0.0 -0.0 -0.9999999999999999
outer loop
vertex 49.29999923706055 -35.599998474121094 0.0
vertex 49.70000076293945 -35.599998474121094 0.0
vertex 49.5 -35.79999923706055 0.0
endloop
endfacet
facet normal -1.0 0.0 0.0
outer loop
vertex 49.29999923706055 -36.0 0.0
vertex 49.29999923706055 -35.599998474121094 3.0
vertex 49.29999923706055 -35.599998474121094 0.0
endloop
endfacet
facet normal -0.0 1.0 0.0
outer loop
vertex 49.29999923706055 -35.599998474121094 0.0
vertex 49.70000076293945 -35.599998474121094 3.0
vertex 49.70000076293945 -35.599998474121094 0.0
endloop
endfacet
facet normal 1.0 0.0 -0.0
outer loop
vertex 49.70000076293945 -36.0 0.0
vertex 49.70000076293945 -35.599998474121094 0.0
vertex 49.70000076293945 -36.0 3.0
endloop
endfacet
facet normal -1.0 0.0 0.0
outer loop
vertex 49.29999923706055 -36.0 0.0
vertex 49.29999923706055 -36.0 3.0
vertex 49.29999923706055 -35.599998474121094 3.0
endloop
endfacet
facet normal 0.0 1.0 0.0
outer loop
vertex 49.29999923706055 -35.599998474121094 0.0
vertex 49.29999923706055 -35.599998474121094 3.0
vertex 49.70000076293945 -35.599998474121094 3.0
endloop
endfacet
facet normal 1.0 0.0 -0.0
outer loop
vertex 49.70000076293945 -35.599998474121094 0.0
vertex 49.70000076293945 -35.599998474121094 3.0
vertex 49.70000076293945 -36.0 3.0
endloop
endfacet
facet normal -1.0 0.0 0.0
outer loop
vertex 49.29999923706055 -36.0 3.0
vertex 49.29999923706055 -35.79999923706055 3.133333444595337
vertex 49.29999923706055 -35.599998474121094 3.0
endloop
endfacet
facet normal 1.0 0.0 -0.0
outer loop
vertex 49.70000076293945 -36.0 3.0
vertex 49.70000076293945 -35.599998474121094 3.0
vertex 49.70000076293945 -35.79999923706055 3.133333444595337
endloop
endfacet
facet normal 0.0 -0.8944265512554308 0.4472148749866401
outer loop
vertex 49.29999923706055 -36.0 3.0
vertex 49.70000076293945 -36.0 3.0
vertex 49.29999923706055 -35.79999923706055 3.4000000953674316
endloop
endfacet
facet normal -0.9999999999999999 0.0 0.0
outer loop
vertex 49.29999923706055 -36.0 3.0
vertex 49.29999923706055 -35.79999923706055 3.4000000953674316
vertex 49.29999923706055 -35.79999923706055 3.133333444595337
endloop
endfacet
facet normal 0.0 -0.8944265512554308 0.4472148749866401
outer loop
vertex 49.70000076293945 -36.0 3.0
vertex 49.70000076293945 -35.79999923706055 3.4000000953674316
vertex 49.29999923706055 -35.79999923706055 3.4000000953674316
endloop
endfacet
facet normal -0.9999999999999999 0.0 0.0
outer loop
vertex 49.29999923706055 -35.599998474121094 3.0
vertex 49.29999923706055 -35.79999923706055 3.133333444595337
vertex 49.29999923706055 -35.79999923706055 3.4000000953674316
endloop
endfacet
facet normal 0.0 0.8944265512554308 0.4472148749866401
outer loop
vertex 49.29999923706055 -35.599998474121094 3.0
vertex 49.70000076293945 -35.79999923706055 3.4000000953674316
vertex 49.70000076293945 -35.599998474121094 3.0
endloop
endfacet
facet normal -0.0 0.8944265512554308 0.4472148749866401
outer loop
vertex 49.29999923706055 -35.599998474121094 3.0
vertex 49.29999923706055 -35.79999923706055 3.4000000953674316
vertex 49.70000076293945 -35.79999923706055 3.4000000953674316
endloop
endfacet
facet normal 0.9999999999999999 0.0 0.0
outer loop
vertex 49.70000076293945 -36.0 3.0
vertex 49.70000076293945 -35.79999923706055 3.133333444595337
vertex 49.70000076293945 -35.79999923706055 3.4000000953674316
endloop
endfacet
facet normal 0.9999999999999999 0.0 0.0
outer loop
vertex 49.70000076293945 -35.599998474121094 3.0
vertex 49.70000076293945 -35.79999923706055 3.4000000953674316
vertex 49.70000076293945 -35.79999923706055 3.133333444595337
endloop
endfacet
facet normal 0.0 0.0 -1.0
outer loop
vertex 50.20000076293945 -3.700000047683716 0.0
vertex 50.20000076293945 -3.5 0.0
vertex 51.20000076293945 0.0 0.0
endloop
endfacet
facet normal 0.0 0.0 -1.0
outer loop
vertex 50.20000076293945 -3.700000047683716 0.0
vertex 51.20000076293945 0.0 0.0
vertex 52.20000076293945 -3.700000047683716 0.0
endloop
endfacet
facet normal 0.0 -1.0 0.0
outer loop
vertex 50.20000076293945 -3.700000047683716 0.0
vertex 52.20000076293945 -3.700000047683716 0.0
vertex 52.20000076293945 -3.700000047683716 2.5
endloop
endfacet
facet normal 0.0 -1.0 0.0
outer loop
vertex 50.20000076293945 -3.700000047683716 0.0
vertex 52.20000076293945 -3.700000047683716 2.5
vertex 50.20000076293945 -3.700000047683716 2.5
endloop
endfacet
facet normal -1.0 0.0 0.0
outer loop
vertex 50.20000076293945 -3.5 0.0
vertex 50.20000076293945 -3.5 2.5
vertex 50.20000076293945 3.5 2.5
endloop
endfacet
facet normal 1.0 0.0 -0.0
outer loop
vertex 52.20000076293945 -3.700000047683716 0.0
vertex 52.20000076293945 3.700000047683716 2.5
vertex 52.20000076293945 -3.700000047683716 2.5
endloop
endfacet
facet normal 0.0 -0.0 1.0
outer loop
vertex 50.20000076293945 -3.700000047683716 2.5
vertex 51.20000076293945 0.0 2.5
vertex 50.20000076293945 -3.5999999046325684 2.5
endloop
endfacet
facet normal 0.0 -0.0 1.0
outer loop
vertex 50.20000076293945 -3.700000047683716 2.5
vertex 52.20000076293945 -3.700000047683716 2.5
vertex 51.20000076293945 0.0 2.5
endloop
endfacet
facet normal 0.0 -1.0 0.0
outer loop
vertex -10.0 65.0 18.0
vertex 10.0 65.0 18.0
vertex 9.0 65.0 18.5
endloop
endfacet
facet normal 0.0 -1.0 0.0
outer loop
vertex 9.0 65.0 18.5
vertex 10.0 65.0 18.0
vertex 10.0 65.0 22.0
endloop
endfacet
facet normal -0.0 1.0 0.0
outer loop
vertex -9.0 67.0 18.5
vertex 9.0 67.0 18.5
vertex 10.0 67.0 18.0
endloop
endfacet
facet normal 1.0 0.0 0.0
outer loop
vertex 10.0 65.0 18.0
vertex 10.0 67.0 18.0
vertex 10.0 67.0 22.0
endloop
endfacet
facet normal -0.0 1.0 0.0
outer loop
vertex 9.0 67.0 18.5
vertex 9.0 67.0 21.5
vertex 10.0 67.0 18.0
endloop
endfacet
facet normal 0.0 0.0 -1.0
outer loop
vertex 50.20000076293945 -3.5 0.0
vertex 50.20000076293945 3.5 0.0
vertex 51.20000076293945 0.0 0.0
endloop
endfacet
facet normal -1.0 0.0 0.0
outer loop
vertex 50.20000076293945 -3.5 0.0
vertex 50.20000076293945 3.5 2.5
vertex 50.20000076293945 3.5 0.0
endloop
endfacet
facet normal 0.0 0.0 -1.0
outer loop
vertex 51.20000076293945 0.0 0.0
vertex 50.20000076293945 3.5 0.0
vertex 50.20000076293945 3.700000047683716 0.0
endloop
endfacet
facet normal 0.0 0.0 -1.0
outer loop
vertex 51.20000076293945 0.0 0.0
vertex 50.20000076293945 3.700000047683716 0.0
vertex 52.20000076293945 3.700000047683716 0.0
endloop
endfacet
facet normal -0.0 1.0 0.0
outer loop
vertex 50.20000076293945 3.700000047683716 0.0
vertex 50.20000076293945 3.700000047683716 2.5
vertex 52.20000076293945 3.700000047683716 0.0
endloop
endfacet
facet normal 0.0 0.0 -1.0
outer loop
vertex 52.20000076293945 -3.700000047683716 0.0
vertex 51.20000076293945 0.0 0.0
vertex 52.20000076293945 3.700000047683716 0.0
endloop
endfacet
facet normal 1.0 0.0 0.0
outer loop
vertex 52.20000076293945 -3.700000047683716 0.0
vertex 52.20000076293945 3.700000047683716 0.0
vertex 52.20000076293945 3.700000047683716 2.5
endloop
endfacet
facet normal 0.0 1.0 -0.0
outer loop
vertex 52.20000076293945 3.700000047683716 0.0
vertex 50.20000076293945 3.700000047683716 2.5
vertex 52.20000076293945 3.700000047683716 2.5
endloop
endfacet
facet normal 0.0 0.0 1.0
outer loop
vertex 51.400001525878906 8.5 1.0
vertex 51.54999923706055 8.699999809265137 1.0
vertex 51.54999923706055 9.0 1.0
endloop
endfacet
facet normal 0.0 -1.0 0.0
outer loop
vertex 51.400001525878906 8.5 0.0
vertex 53.0 8.5 0.0
vertex 53.0 8.5 1.0
endloop
endfacet
facet normal 0.0 -1.0 0.0
outer loop
vertex 51.400001525878906 8.5 0.0
vertex 53.0 8.5 1.0
vertex 51.400001525878906 8.5 1.0
endloop
endfacet
facet normal 1.0 0.0 -0.0
outer loop
vertex 53.0 8.5 0.0
vertex 53.0 8.699999809265137 1.0
vertex 53.0 8.5 1.0
endloop
endfacet
facet normal 1.0 0.0 -0.0
outer loop
vertex 53.0 8.5 0.0
vertex 53.0 9.0 1.0
vertex 53.0 8.699999809265137 1.0
endloop
endfacet
facet normal 0.0 -0.0 1.0
outer loop
vertex 51.400001525878906 8.5 1.0
vertex 51.849998474121094 8.699999809265137 1.0
vertex 51.54999923706055 8.699999809265137 1.0
endloop
endfacet
facet normal 0.0 -0.0 1.0
outer loop
vertex 51.400001525878906 8.5 1.0
vertex 53.0 8.5 1.0
vertex 51.849998474121094 8.699999809265137 1.0
endloop
endfacet
facet normal 0.0 -0.0 1.0
outer loop
vertex 51.849998474121094 8.699999809265137 1.0
vertex 52.849998474121094 8.699999809265137 1.0
vertex 51.849998474121094 9.0 1.0
endloop
endfacet
facet normal -0.0 -0.0 1.0
outer loop
vertex 51.849998474121094 8.699999809265137 1.0
vertex 53.0 8.5 1.0
vertex 52.849998474121094 8.699999809265137 1.0
endloop
endfacet
facet normal 0.0 -0.0 1.0
outer loop
vertex 53.0 8.5 1.0
vertex 53.0 8.699999809265137 1.0
vertex 52.849998474121094 8.699999809265137 1.0
endloop
endfacet
facet normal 0.0 0.0 -1.0
outer loop
vertex 53.0 8.699999809265137 1.0
vertex 53.0 9.0 1.0
vertex 53.150001525878906 8.699999809265137 1.0
endloop
endfacet
facet normal 0.0 0.0 -1.0
outer loop
vertex 53.0 9.0 1.0
vertex 53.150001525878906 9.0 1.0
vertex 53.150001525878906 8.699999809265137 1.0
endloop
endfacet
facet normal 0.0 -1.0 0.0
outer loop
vertex 51.54999923706055 8.699999809265137 1.0
vertex 51.849998474121094 8.699999809265137 1.0
vertex 51.849998474121094 8.699999809265137 3.0
endloop
endfacet
facet normal -1.0 0.0 0.0
outer loop
vertex 51.54999923706055 8.699999809265137 1.0
vertex 51.54999923706055 8.699999809265137 3.0
vertex 51.54999923706055 9.0 1.0
endloop
endfacet
facet normal -0.0 1.0 0.0
outer loop
vertex 51.54999923706055 9.0 1.0
vertex 51.54999923706055 9.0 3.0
vertex 51.849998474121094 9.0 1.0
endloop
endfacet
facet normal 1.0 0.0 0.0
outer loop
vertex 51.849998474121094 8.699999809265137 1.0
vertex 51.849998474121094 9.0 1.0
vertex 51.849998474121094 9.0 3.0
endloop
endfacet
facet normal 0.0 -1.0 0.0
outer loop
vertex 52.849998474121094 8.699999809265137 1.0
vertex 53.0 8.699999809265137 1.0
vertex 53.150001525878906 8.699999809265137 3.0
endloop
endfacet
facet normal -1.0 0.0 0.0
outer loop
vertex 52.849998474121094 8.699999809265137 1.0
vertex 52.849998474121094 8.699999809265137 3.0
vertex 52.849998474121094 9.0 1.0
endloop
endfacet
facet normal -0.0 1.0 0.0
outer loop
vertex 52.849998474121094 9.0 1.0
vertex 52.849998474121094 9.0 3.0
vertex 53.0 9.0 1.0
endloop
endfacet
facet normal -0.0 1.0 -0.0
outer loop
vertex 53.0 9.0 1.0
vertex 52.849998474121094 9.0 3.0
vertex 53.150001525878906 9.0 1.0
endloop
endfacet
facet normal 0.0 -1.0 0.0
outer loop
vertex 53.0 8.699999809265137 1.0
vertex 53.150001525878906 8.699999809265137 1.0
vertex 53.150001525878906 8.699999809265137 3.0
endloop
endfacet
facet normal 1.0 0.0 0.0
outer loop
vertex 53.150001525878906 8.699999809265137 1.0
vertex 53.150001525878906 9.0 1.0
vertex 53.150001525878906 9.0 3.0
endloop
endfacet
facet normal 0.0 -1.0 0.0
outer loop
vertex 51.54999923706055 8.699999809265137 1.0
vertex 51.849998474121094 8.699999809265137 3.0
vertex 51.54999923706055 8.699999809265137 3.0
endloop
endfacet
facet normal -1.0 0.0 0.0
outer loop
vertex 51.54999923706055 9.0 1.0
vertex 51.54999923706055 8.699999809265137 3.0
vertex 51.54999923706055 9.0 3.0
endloop
endfacet
facet normal 1.0 0.0 -0.0
outer loop
vertex 51.849998474121094 8.699999809265137 1.0
vertex 51.849998474121094 9.0 3.0
vertex 51.849998474121094 8.699999809265137 3.0
endloop
endfacet
facet normal 0.0 1.0 -0.0
outer loop
vertex 51.849998474121094 9.0 1.0
vertex 51.54999923706055 9.0 3.0
vertex 51.849998474121094 9.0 3.0
endloop
endfacet
facet normal 0.0 -1.0 0.0
outer loop
vertex 52.849998474121094 8.699999809265137 1.0
vertex 53.150001525878906 8.699999809265137 3.0
vertex 52.849998474121094 8.699999809265137 3.0
endloop
endfacet
facet normal -1.0 0.0 0.0
outer loop
vertex 52.849998474121094 9.0 1.0
vertex 52.849998474121094 8.699999809265137 3.0
vertex 52.849998474121094 9.0 3.0
endloop
endfacet
facet normal 1.0 0.0 -0.0
outer loop
vertex 53.150001525878906 8.699999809265137 1.0
vertex 53.150001525878906 9.0 3.0
vertex 53.150001525878906 8.699999809265137 3.0
endloop
endfacet
facet normal 0.0 1.0 -0.0
outer loop
vertex 53.150001525878906 9.0 1.0
vertex 52.849998474121094 9.0 3.0
vertex 53.150001525878906 9.0 3.0
endloop
endfacet
facet normal 0.0 -0.0 0.9999999999999999
outer loop
vertex 50.20000076293945 -3.5999999046325684 2.5
vertex 51.20000076293945 0.0 2.5
vertex 50.20000076293945 3.5999999046325684 2.5
endloop
endfacet
facet normal 0.0 0.0 1.0
outer loop
vertex 51.20000076293945 0.0 2.5
vertex 50.20000076293945 3.700000047683716 2.5
vertex 50.20000076293945 3.5999999046325684 2.5
endloop
endfacet
facet normal 0.0 -0.0 1.0
outer loop
vertex 51.20000076293945 0.0 2.5
vertex 52.20000076293945 3.700000047683716 2.5
vertex 50.20000076293945 3.700000047683716 2.5
endloop
endfacet
facet normal 0.0 -0.0 1.0
outer loop
vertex 52.20000076293945 -3.700000047683716 2.5
vertex 52.20000076293945 3.700000047683716 2.5
vertex 51.20000076293945 0.0 2.5
endloop
endfacet
facet normal -1.0 0.0 0.0
outer loop
vertex 51.400001525878906 8.5 0.0
vertex 51.400001525878906 8.5 1.0
vertex 51.400001525878906 13.5 0.0
endloop
endfacet
facet normal 0.0 0.0 1.0
outer loop
vertex 51.400001525878906 8.5 1.0
vertex 51.54999923706055 9.0 1.0
vertex 51.54999923706055 13.0 1.0
endloop
endfacet
facet normal -1.0 0.0 0.0
outer loop
vertex 51.400001525878906 8.5 1.0
vertex 51.400001525878906 13.5 1.0
vertex 51.400001525878906 13.5 0.0
endloop
endfacet
facet normal 0.0 -0.0 0.9999999999999999
outer loop
vertex 51.400001525878906 8.5 1.0
vertex 51.54999923706055 13.0 1.0
vertex 51.400001525878906 13.5 1.0
endloop
endfacet
facet normal -0.0 0.0 1.0
outer loop
vertex 51.400001525878906 13.5 1.0
vertex 51.54999923706055 13.0 1.0
vertex 51.54999923706055 13.300000190734863 1.0
endloop
endfacet
facet normal 0.0 0.0 -1.0
outer loop
vertex 51.400001525878906 8.5 0.0
vertex 52.20000076293945 11.0 0.0
vertex 53.0 8.5 0.0
endloop
endfacet
facet normal 0.0 0.0 -1.0
outer loop
vertex 51.400001525878906 8.5 0.0
vertex 51.400001525878906 13.5 0.0
vertex 52.20000076293945 11.0 0.0
endloop
endfacet
facet normal 0.0 0.0 -1.0
outer loop
vertex 53.0 8.5 0.0
vertex 52.20000076293945 11.0 0.0
vertex 53.0 13.5 0.0
endloop
endfacet
facet normal 1.0 0.0 -0.0
outer loop
vertex 53.0 8.5 0.0
vertex 53.0 13.0 1.0
vertex 53.0 9.0 1.0
endloop
endfacet
facet normal 0.0 0.0 1.0
outer loop
vertex 51.54999923706055 9.0 1.0
vertex 51.849998474121094 9.0 1.0
vertex 52.20000076293945 11.0 1.0
endloop
endfacet
facet normal -0.0 -0.0 1.0
outer loop
vertex 51.849998474121094 9.0 1.0
vertex 52.849998474121094 8.699999809265137 1.0
vertex 52.20000076293945 11.0 1.0
endloop
endfacet
facet normal 0.0 -0.0 1.0
outer loop
vertex 52.849998474121094 8.699999809265137 1.0
vertex 52.849998474121094 9.0 1.0
vertex 52.20000076293945 11.0 1.0
endloop
endfacet
facet normal 0.0 -0.0 1.0
outer loop
vertex 52.849998474121094 9.0 1.0
vertex 53.0 9.0 1.0
vertex 52.20000076293945 11.0 1.0
endloop
endfacet
facet normal 1.0 0.0 -0.0
outer loop
vertex 53.0 8.5 0.0
vertex 53.0 13.300000190734863 1.0
vertex 53.0 13.0 1.0
endloop
endfacet
facet normal 0.0 -0.0 1.0
outer loop
vertex 51.54999923706055 9.0 1.0
vertex 52.20000076293945 11.0 1.0
vertex 51.54999923706055 13.0 1.0
endloop
endfacet
facet normal 0.0 -0.0 1.0
outer loop
vertex 53.0 9.0 1.0
vertex 53.0 13.0 1.0
vertex 52.20000076293945 11.0 1.0
endloop
endfacet
facet normal 0.0 -0.0 -1.0
outer loop
vertex 51.400001525878906 13.5 0.0
vertex 53.0 13.5 0.0
vertex 52.20000076293945 11.0 0.0
endloop
endfacet
facet normal 1.0 0.0 0.0
outer loop
vertex 53.0 8.5 0.0
vertex 53.0 13.5 0.0
vertex 53.0 13.5 1.0
endloop
endfacet
facet normal -0.0 1.0 0.0
outer loop
vertex 51.400001525878906 13.5 0.0
vertex 51.400001525878906 13.5 1.0
vertex 53.0 13.5 0.0
endloop
endfacet
facet normal 1.0 0.0 -0.0
outer loop
vertex 53.0 8.5 0.0
vertex 53.0 13.5 1.0
vertex 53.0 13.300000190734863 1.0
endloop
endfacet
facet normal 0.0 0.0 1.0
outer loop
vertex 52.20000076293945 11.0 1.0
vertex 51.849998474121094 13.0 1.0
vertex 51.54999923706055 13.0 1.0
endloop
endfacet
facet normal 0.0 -0.0 1.0
outer loop
vertex 52.20000076293945 11.0 1.0
vertex 52.849998474121094 13.0 1.0
vertex 51.849998474121094 13.0 1.0
endloop
endfacet
facet normal 0.0 -0.0 1.0
outer loop
vertex 52.20000076293945 11.0 1.0
vertex 53.0 13.0 1.0
vertex 52.849998474121094 13.0 1.0
endloop
endfacet
facet normal -0.0 1.0 0.0
outer loop
vertex 51.400001525878906 13.5 1.0
vertex 53.0 13.5 1.0
vertex 53.0 13.5 0.0
endloop
endfacet
facet normal -0.0 0.0 1.0
outer loop
vertex 51.400001525878906 13.5 1.0
vertex 51.54999923706055 13.300000190734863 1.0
vertex 51.849998474121094 13.300000190734863 1.0
endloop
endfacet
facet normal 0.0 -0.0 1.0
outer loop
vertex 51.849998474121094 13.0 1.0
vertex 52.849998474121094 13.0 1.0
vertex 51.849998474121094 13.300000190734863 1.0
endloop
endfacet
facet normal -0.0 0.0 1.0
outer loop
vertex 51.400001525878906 13.5 1.0
vertex 51.849998474121094 13.300000190734863 1.0
vertex 53.0 13.5 1.0
endloop
endfacet
facet normal -0.0 0.0 1.0
outer loop
vertex 51.849998474121094 13.300000190734863 1.0
vertex 52.849998474121094 13.0 1.0
vertex 52.849998474121094 13.300000190734863 1.0
endloop
endfacet
facet normal 0.0 0.0 1.0
outer loop
vertex 51.849998474121094 13.300000190734863 1.0
vertex 52.849998474121094 13.300000190734863 1.0
vertex 53.0 13.5 1.0
endloop
endfacet
facet normal 0.0 0.0 1.0
outer loop
vertex 52.849998474121094 13.300000190734863 1.0
vertex 53.0 13.300000190734863 1.0
vertex 53.0 13.5 1.0
endloop
endfacet
facet normal 0.0 0.0 -1.0
outer loop
vertex 53.0 13.0 1.0
vertex 53.0 13.300000190734863 1.0
vertex 53.150001525878906 13.0 1.0
endloop
endfacet
facet normal 0.0 0.0 -1.0
outer loop
vertex 53.0 13.300000190734863 1.0
vertex 53.150001525878906 13.300000190734863 1.0
vertex 53.150001525878906 13.0 1.0
endloop
endfacet
facet normal 0.0 -1.0 0.0
outer loop
vertex 51.54999923706055 13.0 1.0
vertex 51.849998474121094 13.0 1.0
vertex 51.849998474121094 13.0 3.0
endloop
endfacet
facet normal -1.0 0.0 0.0
outer loop
vertex 51.54999923706055 13.0 1.0
vertex 51.54999923706055 13.0 3.0
vertex 51.54999923706055 13.300000190734863 1.0
endloop
endfacet
facet normal -0.0 1.0 0.0
outer loop
vertex 51.54999923706055 13.300000190734863 1.0
vertex 51.54999923706055 13.300000190734863 3.0
vertex 51.849998474121094 13.300000190734863 1.0
endloop
endfacet
facet normal 1.0 0.0 0.0
outer loop
vertex 51.849998474121094 13.0 1.0
vertex 51.849998474121094 13.300000190734863 1.0
vertex 51.849998474121094 13.300000190734863 3.0
endloop
endfacet
facet normal 0.0 -1.0 0.0
outer loop
vertex 52.849998474121094 13.0 1.0
vertex 53.0 13.0 1.0
vertex 53.150001525878906 13.0 3.0
endloop
endfacet
facet normal -1.0 0.0 0.0
outer loop
vertex 52.849998474121094 13.0 1.0
vertex 52.849998474121094 13.0 3.0
vertex 52.849998474121094 13.300000190734863 1.0
endloop
endfacet
facet normal -0.0 1.0 0.0
outer loop
vertex 52.849998474121094 13.300000190734863 1.0
vertex 52.849998474121094 13.300000190734863 3.0
vertex 53.0 13.300000190734863 1.0
endloop
endfacet
facet normal -0.0 1.0 -0.0
outer loop
vertex 53.0 13.300000190734863 1.0
vertex 52.849998474121094 13.300000190734863 3.0
vertex 53.150001525878906 13.300000190734863 1.0
endloop
endfacet
facet normal 0.0 -1.0 0.0
outer loop
vertex 53.0 13.0 1.0
vertex 53.150001525878906 13.0 1.0
vertex 53.150001525878906 13.0 3.0
endloop
endfacet
facet normal 1.0 0.0 0.0
outer loop
vertex 53.150001525878906 13.0 1.0
vertex 53.150001525878906 13.300000190734863 1.0
vertex 53.150001525878906 13.300000190734863 3.0
endloop
endfacet
facet normal 0.0 -1.0 0.0
outer loop
vertex 51.54999923706055 13.0 1.0
vertex 51.849998474121094 13.0 3.0
vertex 51.54999923706055 13.0 3.0
endloop
endfacet
facet normal -1.0 0.0 0.0
outer loop
vertex 51.54999923706055 13.300000190734863 1.0
vertex 51.54999923706055 13.0 3.0
vertex 51.54999923706055 13.300000190734863 3.0
endloop
endfacet
facet normal 1.0 0.0 -0.0
outer loop
vertex 51.849998474121094 13.0 1.0
vertex 51.849998474121094 13.300000190734863 3.0
vertex 51.849998474121094 13.0 3.0
endloop
endfacet
facet normal 0.0 1.0 -0.0
outer loop
vertex 51.849998474121094 13.300000190734863 1.0
vertex 51.54999923706055 13.300000190734863 3.0
vertex 51.849998474121094 13.300000190734863 3.0
endloop
endfacet
facet normal 0.0 -1.0 0.0
outer loop
vertex 52.849998474121094 13.0 1.0
vertex 53.150001525878906 13.0 3.0
vertex 52.849998474121094 13.0 3.0
endloop
endfacet
facet normal -1.0 0.0 0.0
outer loop
vertex 52.849998474121094 13.300000190734863 1.0
vertex 52.849998474121094 13.0 3.0
vertex 52.849998474121094 13.300000190734863 3.0
endloop
endfacet
facet normal 1.0 0.0 -0.0
outer loop
vertex 53.150001525878906 13.0 1.0
vertex 53.150001525878906 13.300000190734863 3.0
vertex 53.150001525878906 13.0 3.0
endloop
endfacet
facet normal 0.0 1.0 -0.0
outer loop
vertex 53.150001525878906 13.300000190734863 1.0
vertex 52.849998474121094 13.300000190734863 3.0
vertex 53.150001525878906 13.300000190734863 3.0
endloop
endfacet
facet normal 0.0 0.0 -0.9999999999999999
outer loop
vertex 49.29999923706055 35.599998474121094 0.0
vertex 49.5 35.79999923706055 0.0
vertex 49.70000076293945 35.599998474121094 0.0
endloop
endfacet
facet normal 0.0 0.0 -0.9999999999999999
outer loop
vertex 49.29999923706055 35.599998474121094 0.0
vertex 49.29999923706055 36.0 0.0
vertex 49.5 35.79999923706055 0.0
endloop
endfacet
facet normal 0.0 0.0 -0.9999999999999999
outer loop
vertex 49.5 35.79999923706055 0.0
vertex 49.70000076293945 36.0 0.0
vertex 49.70000076293945 35.599998474121094 0.0
endloop
endfacet
facet normal 0.0 0.0 -0.9999999999999999
outer loop
vertex 49.5 35.79999923706055 0.0
vertex 49.29999923706055 36.0 0.0
vertex 49.70000076293945 36.0 0.0
endloop
endfacet
facet normal -1.0 0.0 0.0
outer loop
vertex 49.29999923706055 35.599998474121094 0.0
vertex 49.29999923706055 35.599998474121094 3.0
vertex 49.29999923706055 36.0 0.0
endloop
endfacet
facet normal 0.0 -1.0 0.0
outer loop
vertex 49.29999923706055 35.599998474121094 0.0
vertex 49.70000076293945 35.599998474121094 0.0
vertex 49.70000076293945 35.599998474121094 3.0
endloop
endfacet
facet normal 1.0 0.0 0.0
outer loop
vertex 49.70000076293945 35.599998474121094 0.0
vertex 49.70000076293945 36.0 0.0
vertex 49.70000076293945 36.0 3.0
endloop
endfacet
facet normal 0.0 -1.0 0.0
outer loop
vertex 49.29999923706055 35.599998474121094 0.0
vertex 49.70000076293945 35.599998474121094 3.0
vertex 49.29999923706055 35.599998474121094 3.0
endloop
endfacet
facet normal -1.0 0.0 0.0
outer loop
vertex 49.29999923706055 36.0 0.0
vertex 49.29999923706055 35.599998474121094 3.0
vertex 49.29999923706055 36.0 3.0
endloop
endfacet
facet normal 1.0 0.0 -0.0
outer loop
vertex 49.70000076293945 35.599998474121094 0.0
vertex 49.70000076293945 36.0 3.0
vertex 49.70000076293945 35.599998474121094 3.0
endloop
endfacet
facet normal -1.0 0.0 0.0
outer loop
vertex 49.29999923706055 35.599998474121094 3.0
vertex 49.29999923706055 35.79999923706055 3.133333444595337
vertex 49.29999923706055 36.0 3.0
endloop
endfacet
facet normal 1.0 0.0 -0.0
outer loop
vertex 49.70000076293945 35.599998474121094 3.0
vertex 49.70000076293945 36.0 3.0
vertex 49.70000076293945 35.79999923706055 3.133333444595337
endloop
endfacet
facet normal 0.0 -0.8944265512554308 0.4472148749866401
outer loop
vertex 49.29999923706055 35.599998474121094 3.0
vertex 49.70000076293945 35.599998474121094 3.0
vertex 49.29999923706055 35.79999923706055 3.4000000953674316
endloop
endfacet
facet normal -0.9999999999999999 0.0 0.0
outer loop
vertex 49.29999923706055 35.599998474121094 3.0
vertex 49.29999923706055 35.79999923706055 3.4000000953674316
vertex 49.29999923706055 35.79999923706055 3.133333444595337
endloop
endfacet
facet normal 0.0 -0.8944265512554308 0.4472148749866401
outer loop
vertex 49.70000076293945 35.599998474121094 3.0
vertex 49.70000076293945 35.79999923706055 3.4000000953674316
vertex 49.29999923706055 35.79999923706055 3.4000000953674316
endloop
endfacet
facet normal -0.9999999999999999 0.0 0.0
outer loop
vertex 49.29999923706055 36.0 3.0
vertex 49.29999923706055 35.79999923706055 3.133333444595337
vertex 49.29999923706055 35.79999923706055 3.4000000953674316
endloop
endfacet
facet normal 0.0 0.8944265512554308 0.4472148749866401
outer loop
vertex 49.29999923706055 36.0 3.0
vertex 49.70000076293945 35.79999923706055 3.4000000953674316
vertex 49.70000076293945 36.0 3.0
endloop
endfacet
facet normal -0.0 0.8944265512554308 0.4472148749866401
outer loop
vertex 49.29999923706055 36.0 3.0
vertex 49.29999923706055 35.79999923706055 3.4000000953674316
vertex 49.70000076293945 35.79999923706055 3.4000000953674316
endloop
endfacet
facet normal 0.9999999999999999 0.0 0.0
outer loop
vertex 49.70000076293945 35.599998474121094 3.0
vertex 49.70000076293945 35.79999923706055 3.133333444595337
vertex 49.70000076293945 35.79999923706055 3.4000000953674316
endloop
endfacet
facet normal 0.9999999999999999 0.0 0.0
outer loop
vertex 49.70000076293945 36.0 3.0
vertex 49.70000076293945 35.79999923706055 3.4000000953674316
vertex 49.70000076293945 35.79999923706055 3.133333444595337
endloop
endfacet
facet normal 0.0 -1.0 0.0
outer loop
vertex -9.0 65.0 21.5
vertex 9.0 65.0 21.5
vertex 10.0 65.0 22.0
endloop
endfacet
facet normal -0.0 -1.0 0.0
outer loop
vertex 9.0 65.0 18.5
vertex 10.0 65.0 22.0
vertex 9.0 65.0 21.5
endloop
endfacet
facet normal 0.0 1.0 -0.0
outer loop
vertex 9.0 67.0 21.5
vertex -10.0 67.0 22.0
vertex 10.0 67.0 22.0
endloop
endfacet
facet normal 0.0 1.0 -0.0
outer loop
vertex 10.0 67.0 18.0
vertex 9.0 67.0 21.5
vertex 10.0 67.0 22.0
endloop
endfacet
facet normal 1.0 0.0 -0.0
outer loop
vertex 10.0 65.0 18.0
vertex 10.0 67.0 22.0
vertex 10.0 65.0 22.0
endloop
endfacet
facet normal 0.0 0.0 -1.0
outer loop
vertex -86.0 -59.0 33.0
vertex -85.0 -58.0 33.0
vertex -84.0 -59.0 33.0
endloop
endfacet
facet normal -1.0 0.0 0.0
outer loop
vertex -86.0 -59.0 33.0
vertex -86.0 -59.0 35.0
vertex -86.0 -57.0 33.0
endloop
endfacet
facet normal 0.0 0.0 -1.0
outer loop
vertex -86.0 -59.0 33.0
vertex -86.0 -57.0 33.0
vertex -85.0 -58.0 33.0
endloop
endfacet
facet normal 0.0 0.0 -1.0
outer loop
vertex -85.0 -58.0 33.0
vertex -86.0 -57.0 33.0
vertex -84.0 -57.0 33.0
endloop
endfacet
facet normal -0.0 1.0 0.0
outer loop
vertex -86.0 -57.0 33.0
vertex -86.0 -57.0 35.0
vertex -84.0 -57.0 33.0
endloop
endfacet
facet normal -1.0 0.0 0.0
outer loop
vertex -86.0 -57.0 33.0
vertex -86.0 -59.0 35.0
vertex -86.0 -57.0 35.0
endloop
endfacet
facet normal 0.0 0.0 -1.0
outer loop
vertex -85.0 -58.0 33.0
vertex -84.0 -57.0 33.0
vertex -84.0 -59.0 33.0
endloop
endfacet
facet normal 1.0 0.0 0.0
outer loop
vertex -84.0 -59.0 33.0
vertex -84.0 -57.0 33.0
vertex -84.0 -57.0 35.0
endloop
endfacet
facet normal 1.0 0.0 -0.0
outer loop
vertex -84.0 -59.0 33.0
vertex -84.0 -57.0 35.0
vertex -84.0 -59.0 35.0
endloop
endfacet
facet normal 0.0 1.0 -0.0
outer loop
vertex -84.0 -57.0 33.0
vertex -86.0 -57.0 35.0
vertex -84.0 -57.0 35.0
endloop
endfacet
facet normal 0.0 -0.0 1.0
outer loop
vertex -86.0 -59.0 35.0
vertex -84.0 -59.0 35.0
vertex -85.0 -58.0 35.0
endloop
endfacet
facet normal 0.0 0.0 -1.0
outer loop
vertex -86.0 -59.0 35.5
vertex -85.0 -58.0 35.5
vertex -84.0 -59.0 35.5
endloop
endfacet
facet normal -1.0 0.0 0.0
outer loop
vertex -86.0 -59.0 35.5
vertex -86.0 -59.0 37.5
vertex -86.0 -57.0 35.5
endloop
endfacet
facet normal 0.0 -0.0 1.0
outer loop
vertex -86.0 -59.0 35.0
vertex -85.0 -58.0 35.0
vertex -86.0 -57.0 35.0
endloop
endfacet
facet normal 0.0 -0.0 1.0
outer loop
vertex -85.0 -58.0 35.0
vertex -84.0 -57.0 35.0
vertex -86.0 -57.0 35.0
endloop
endfacet
facet normal 0.0 0.0 -1.0
outer loop
vertex -86.0 -59.0 35.5
vertex -86.0 -57.0 35.5
vertex -85.0 -58.0 35.5
endloop
endfacet
facet normal 0.0 0.0 -1.0
outer loop
vertex -85.0 -58.0 35.5
vertex -86.0 -57.0 35.5
vertex -84.0 -57.0 35.5
endloop
endfacet
facet normal -0.0 1.0 0.0
outer loop
vertex -86.0 -57.0 35.5
vertex -86.0 -57.0 37.5
vertex -84.0 -57.0 35.5
endloop
endfacet
facet normal -1.0 0.0 0.0
outer loop
vertex -86.0 -57.0 35.5
vertex -86.0 -59.0 37.5
vertex -86.0 -57.0 37.5
endloop
endfacet
facet normal 0.0 -0.0 1.0
outer loop
vertex -86.0 -59.0 37.5
vertex -84.0 -59.0 37.5
vertex -85.0 -58.0 37.5
endloop
endfacet
facet normal 0.0 0.0 -1.0
outer loop
vertex -86.0 -59.0 38.0
vertex -85.0 -58.0 38.0
vertex -84.0 -59.0 38.0
endloop
endfacet
facet normal -1.0 0.0 0.0
outer loop
vertex -86.0 -59.0 38.0
vertex -86.0 -59.0 40.0
vertex -86.0 -57.0 38.0
endloop
endfacet
facet normal 0.0 -0.0 1.0
outer loop
vertex -86.0 -59.0 37.5
vertex -85.0 -58.0 37.5
vertex -86.0 -57.0 37.5
endloop
endfacet
facet normal 0.0 -0.0 1.0
outer loop
vertex -85.0 -58.0 37.5
vertex -84.0 -57.0 37.5
vertex -86.0 -57.0 37.5
endloop
endfacet
facet normal 0.0 0.0 -1.0
outer loop
vertex -86.0 -59.0 38.0
vertex -86.0 -57.0 38.0
vertex -85.0 -58.0 38.0
endloop
endfacet
facet normal 0.0 0.0 -1.0
outer loop
vertex -85.0 -58.0 38.0
vertex -86.0 -57.0 38.0
vertex -84.0 -57.0 38.0
endloop
endfacet
facet normal -0.0 1.0 0.0
outer loop
vertex -86.0 -57.0 38.0
vertex -86.0 -57.0 40.0
vertex -84.0 -57.0 38.0
endloop
endfacet
facet normal 0.0 -0.0 1.0
outer loop
vertex -86.0 -59.0 40.0
vertex -84.0 -59.0 40.0
vertex -85.0 -58.0 40.0
endloop
endfacet
facet normal -1.0 0.0 0.0
outer loop
vertex -86.0 -57.0 38.0
vertex -86.0 -59.0 40.0
vertex -86.0 -57.0 40.0
endloop
endfacet
facet normal 0.0 -0.0 1.0
outer loop
vertex -86.0 -59.0 40.0
vertex -85.0 -58.0 40.0
vertex -86.0 -57.0 40.0
endloop
endfacet
facet normal 0.0 -0.0 1.0
outer loop
vertex -85.0 -58.0 40.0
vertex -84.0 -57.0 40.0
vertex -86.0 -57.0 40.0
endloop
endfacet
facet normal -0.0 0.0 1.0
outer loop
vertex -85.0 -58.0 35.0
vertex -84.0 -59.0 35.0
vertex -84.0 -57.0 35.0
endloop
endfacet
facet normal 0.0 0.0 -1.0
outer loop
vertex -85.0 -58.0 35.5
vertex -84.0 -57.0 35.5
vertex -84.0 -59.0 35.5
endloop
endfacet
facet normal 1.0 0.0 0.0
outer loop
vertex -84.0 -59.0 35.5
vertex -84.0 -57.0 35.5
vertex -84.0 -57.0 37.5
endloop
endfacet
facet normal 1.0 0.0 -0.0
outer loop
vertex -84.0 -59.0 35.5
vertex -84.0 -57.0 37.5
vertex -84.0 -59.0 37.5
endloop
endfacet
facet normal -0.0 1.0 0.0
outer loop
vertex -86.0 -57.0 37.5
vertex -84.0 -57.0 37.5
vertex -84.0 -57.0 35.5
endloop
endfacet
facet normal -0.0 0.0 1.0
outer loop
vertex -85.0 -58.0 37.5
vertex -84.0 -59.0 37.5
vertex -84.0 -57.0 37.5
endloop
endfacet
facet normal 0.0 0.0 -1.0
outer loop
vertex -85.0 -58.0 38.0
vertex -84.0 -57.0 38.0
vertex -84.0 -59.0 38.0
endloop
endfacet
facet normal 1.0 0.0 0.0
outer loop
vertex -84.0 -59.0 38.0
vertex -84.0 -57.0 38.0
vertex -84.0 -57.0 40.0
endloop
endfacet
facet normal 1.0 0.0 -0.0
outer loop
vertex -84.0 -59.0 38.0
vertex -84.0 -57.0 40.0
vertex -84.0 -59.0 40.0
endloop
endfacet
facet normal -0.0 1.0 0.0
outer loop
vertex -86.0 -57.0 40.0
vertex -84.0 -57.0 40.0
vertex -84.0 -57.0 38.0
endloop
endfacet
facet normal -0.0 0.0 1.0
outer loop
vertex -85.0 -58.0 40.0
vertex -84.0 -59.0 40.0
vertex -84.0 -57.0 40.0
endloop
endfacet
facet normal 0.0 0.0 -1.0
outer loop
vertex -86.0 57.0 33.0
vertex -86.0 59.0 33.0
vertex -85.0 58.0 33.0
endloop
endfacet
facet normal 0.0 0.0 -1.0
outer loop
vertex -86.0 57.0 33.0
vertex -85.0 58.0 33.0
vertex -84.0 57.0 33.0
endloop
endfacet
facet normal 0.0 -1.0 0.0
outer loop
vertex -86.0 57.0 33.0
vertex -84.0 57.0 33.0
vertex -86.0 57.0 35.0
endloop
endfacet
facet normal 0.0 0.0 -1.0
outer loop
vertex -85.0 58.0 33.0
vertex -86.0 59.0 33.0
vertex -84.0 59.0 33.0
endloop
endfacet
facet normal -1.0 0.0 0.0
outer loop
vertex -86.0 57.0 33.0
vertex -86.0 59.0 35.0
vertex -86.0 59.0 33.0
endloop
endfacet
facet normal -1.0 0.0 0.0
outer loop
vertex -86.0 57.0 33.0
vertex -86.0 57.0 35.0
vertex -86.0 59.0 35.0
endloop
endfacet
facet normal 0.0 0.0 -1.0
outer loop
vertex -85.0 58.0 33.0
vertex -84.0 59.0 33.0
vertex -84.0 57.0 33.0
endloop
endfacet
facet normal 1.0 0.0 -0.0
outer loop
vertex -84.0 57.0 33.0
vertex -84.0 59.0 33.0
vertex -84.0 57.0 35.0
endloop
endfacet
facet normal 0.0 -1.0 0.0
outer loop
vertex -84.0 57.0 33.0
vertex -84.0 57.0 35.0
vertex -86.0 57.0 35.0
endloop
endfacet
facet normal 1.0 0.0 -0.0
outer loop
vertex -84.0 59.0 33.0
vertex -84.0 59.0 35.0
vertex -84.0 57.0 35.0
endloop
endfacet
facet normal 0.0 -0.0 1.0
outer loop
vertex -86.0 57.0 35.0
vertex -85.0 58.0 35.0
vertex -86.0 59.0 35.0
endloop
endfacet
facet normal 0.0 -0.0 1.0
outer loop
vertex -86.0 57.0 35.0
vertex -84.0 57.0 35.0
vertex -85.0 58.0 35.0
endloop
endfacet
facet normal 0.0 0.0 -1.0
outer loop
vertex -86.0 57.0 35.5
vertex -86.0 59.0 35.5
vertex -85.0 58.0 35.5
endloop
endfacet
facet normal 0.0 0.0 -1.0
outer loop
vertex -86.0 57.0 35.5
vertex -85.0 58.0 35.5
vertex -84.0 57.0 35.5
endloop
endfacet
facet normal 0.0 -1.0 0.0
outer loop
vertex -86.0 57.0 35.5
vertex -84.0 57.0 35.5
vertex -86.0 57.0 37.5
endloop
endfacet
facet normal 0.0 -0.0 1.0
outer loop
vertex -85.0 58.0 35.0
vertex -84.0 59.0 35.0
vertex -86.0 59.0 35.0
endloop
endfacet
facet normal 0.0 0.0 -1.0
outer loop
vertex -85.0 58.0 35.5
vertex -86.0 59.0 35.5
vertex -84.0 59.0 35.5
endloop
endfacet
facet normal -1.0 0.0 0.0
outer loop
vertex -86.0 57.0 35.5
vertex -86.0 59.0 37.5
vertex -86.0 59.0 35.5
endloop
endfacet
facet normal -1.0 0.0 0.0
outer loop
vertex -86.0 57.0 35.5
vertex -86.0 57.0 37.5
vertex -86.0 59.0 37.5
endloop
endfacet
facet normal 0.0 -0.0 1.0
outer loop
vertex -86.0 57.0 37.5
vertex -85.0 58.0 37.5
vertex -86.0 59.0 37.5
endloop
endfacet
facet normal 0.0 -0.0 1.0
outer loop
vertex -86.0 57.0 37.5
vertex -84.0 57.0 37.5
vertex -85.0 58.0 37.5
endloop
endfacet
facet normal 0.0 0.0 -1.0
outer loop
vertex -86.0 57.0 38.0
vertex -86.0 59.0 38.0
vertex -85.0 58.0 38.0
endloop
endfacet
facet normal 0.0 0.0 -1.0
outer loop
vertex -86.0 57.0 38.0
vertex -85.0 58.0 38.0
vertex -84.0 57.0 38.0
endloop
endfacet
facet normal 0.0 -1.0 0.0
outer loop
vertex -86.0 57.0 38.0
vertex -84.0 57.0 38.0
vertex -86.0 57.0 40.0
endloop
endfacet
facet normal 0.0 -0.0 1.0
outer loop
vertex -85.0 58.0 37.5
vertex -84.0 59.0 37.5
vertex -86.0 59.0 37.5
endloop
endfacet
facet normal 0.0 0.0 -1.0
outer loop
vertex -85.0 58.0 38.0
vertex -86.0 59.0 38.0
vertex -84.0 59.0 38.0
endloop
endfacet
facet normal -1.0 0.0 0.0
outer loop
vertex -86.0 57.0 38.0
vertex -86.0 59.0 40.0
vertex -86.0 59.0 38.0
endloop
endfacet
facet normal -1.0 0.0 0.0
outer loop
vertex -86.0 57.0 38.0
vertex -86.0 57.0 40.0
vertex -86.0 59.0 40.0
endloop
endfacet
facet normal 0.0 -0.0 1.0
outer loop
vertex -86.0 57.0 40.0
vertex -85.0 58.0 40.0
vertex -86.0 59.0 40.0
endloop
endfacet
facet normal 0.0 -0.0 1.0
outer loop
vertex -86.0 57.0 40.0
vertex -84.0 57.0 40.0
vertex -85.0 58.0 40.0
endloop
endfacet
facet normal 0.0 -0.0 1.0
outer loop
vertex -85.0 58.0 40.0
vertex -84.0 59.0 40.0
vertex -86.0 59.0 40.0
endloop
endfacet
facet normal -0.0 0.0 1.0
outer loop
vertex -85.0 58.0 35.0
vertex -84.0 57.0 35.0
vertex -84.0 59.0 35.0
endloop
endfacet
facet normal 0.0 0.0 -1.0
outer loop
vertex -85.0 58.0 35.5
vertex -84.0 59.0 35.5
vertex -84.0 57.0 35.5
endloop
endfacet
facet normal 1.0 0.0 -0.0
outer loop
vertex -84.0 57.0 35.5
vertex -84.0 59.0 35.5
vertex -84.0 57.0 37.5
endloop
endfacet
facet normal 0.0 -1.0 0.0
outer loop
vertex -86.0 57.0 37.5
vertex -84.0 57.0 35.5
vertex -84.0 57.0 37.5
endloop
endfacet
facet normal 1.0 0.0 -0.0
outer loop
vertex -84.0 59.0 35.5
vertex -84.0 59.0 37.5
vertex -84.0 57.0 37.5
endloop
endfacet
facet normal -0.0 0.0 1.0
outer loop
vertex -85.0 58.0 37.5
vertex -84.0 57.0 37.5
vertex -84.0 59.0 37.5
endloop
endfacet
facet normal 0.0 0.0 -1.0
outer loop
vertex -85.0 58.0 38.0
vertex -84.0 59.0 38.0
vertex -84.0 57.0 38.0
endloop
endfacet
facet normal 1.0 0.0 -0.0
outer loop
vertex -84.0 57.0 38.0
vertex -84.0 59.0 38.0
vertex -84.0 57.0 40.0
endloop
endfacet
facet normal 0.0 -1.0 0.0
outer loop
vertex -86.0 57.0 40.0
vertex -84.0 57.0 38.0
vertex -84.0 57.0 40.0
endloop
endfacet
facet normal -0.0 0.0 1.0
outer loop
vertex -85.0 58.0 40.0
vertex -84.0 57.0 40.0
vertex -84.0 59.0 40.0
endloop
endfacet
facet normal 1.0 0.0 -0.0
outer loop
vertex -84.0 59.0 38.0
vertex -84.0 59.0 40.0
vertex -84.0 57.0 40.0
endloop
endfacet
facet normal 0.0 0.0 -1.0
outer loop
vertex 84.0 -59.0 33.0
vertex 84.0 -57.0 33.0
vertex 85.0 -58.0 33.0
endloop
endfacet
facet normal -1.0 0.0 0.0
outer loop
vertex 84.0 -59.0 33.0
vertex 84.0 -57.0 35.0
vertex 84.0 -57.0 33.0
endloop
endfacet
facet normal -1.0 0.0 0.0
outer loop
vertex 84.0 -59.0 33.0
vertex 84.0 -59.0 35.0
vertex 84.0 -57.0 35.0
endloop
endfacet
facet normal 0.0 1.0 0.0
outer loop
vertex 84.0 -57.0 33.0
vertex 84.0 -57.0 35.0
vertex 86.0 -57.0 35.0
endloop
endfacet
facet normal 0.0 0.0 -1.0
outer loop
vertex 84.0 -59.0 33.0
vertex 85.0 -58.0 33.0
vertex 86.0 -59.0 33.0
endloop
endfacet
facet normal 1.0 0.0 -0.0
outer loop
vertex 86.0 -59.0 33.0
vertex 86.0 -57.0 33.0
vertex 86.0 -59.0 35.0
endloop
endfacet
facet normal 0.0 -0.0 -1.0
outer loop
vertex 84.0 -57.0 33.0
vertex 86.0 -57.0 33.0
vertex 85.0 -58.0 33.0
endloop
endfacet
facet normal 0.0 0.0 -1.0
outer loop
vertex 86.0 -59.0 33.0
vertex 85.0 -58.0 33.0
vertex 86.0 -57.0 33.0
endloop
endfacet
facet normal -0.0 1.0 0.0
outer loop
vertex 84.0 -57.0 33.0
vertex 86.0 -57.0 35.0
vertex 86.0 -57.0 33.0
endloop
endfacet
facet normal 1.0 0.0 -0.0
outer loop
vertex 86.0 -57.0 33.0
vertex 86.0 -57.0 35.0
vertex 86.0 -59.0 35.0
endloop
endfacet
facet normal 0.0 -0.0 1.0
outer loop
vertex 84.0 -59.0 35.0
vertex 85.0 -58.0 35.0
vertex 84.0 -57.0 35.0
endloop
endfacet
facet normal 0.0 0.0 -1.0
outer loop
vertex 84.0 -59.0 35.5
vertex 84.0 -57.0 35.5
vertex 85.0 -58.0 35.5
endloop
endfacet
facet normal -1.0 0.0 0.0
outer loop
vertex 84.0 -59.0 35.5
vertex 84.0 -57.0 37.5
vertex 84.0 -57.0 35.5
endloop
endfacet
facet normal -1.0 0.0 0.0
outer loop
vertex 84.0 -59.0 35.5
vertex 84.0 -59.0 37.5
vertex 84.0 -57.0 37.5
endloop
endfacet
facet normal 0.0 1.0 0.0
outer loop
vertex 84.0 -57.0 35.5
vertex 84.0 -57.0 37.5
vertex 86.0 -57.0 37.5
endloop
endfacet
facet normal 0.0 -0.0 1.0
outer loop
vertex 84.0 -59.0 37.5
vertex 85.0 -58.0 37.5
vertex 84.0 -57.0 37.5
endloop
endfacet
facet normal 0.0 0.0 -1.0
outer loop
vertex 84.0 -59.0 38.0
vertex 84.0 -57.0 38.0
vertex 85.0 -58.0 38.0
endloop
endfacet
facet normal -1.0 0.0 0.0
outer loop
vertex 84.0 -59.0 38.0
vertex 84.0 -57.0 40.0
vertex 84.0 -57.0 38.0
endloop
endfacet
facet normal -1.0 0.0 0.0
outer loop
vertex 84.0 -59.0 38.0
vertex 84.0 -59.0 40.0
vertex 84.0 -57.0 40.0
endloop
endfacet
facet normal 0.0 1.0 0.0
outer loop
vertex 84.0 -57.0 38.0
vertex 84.0 -57.0 40.0
vertex 86.0 -57.0 40.0
endloop
endfacet
facet normal 0.0 -0.0 1.0
outer loop
vertex 84.0 -59.0 40.0
vertex 85.0 -58.0 40.0
vertex 84.0 -57.0 40.0
endloop
endfacet
facet normal 0.0 -0.0 1.0
outer loop
vertex 84.0 -59.0 35.0
vertex 86.0 -59.0 35.0
vertex 85.0 -58.0 35.0
endloop
endfacet
facet normal 0.0 0.0 -1.0
outer loop
vertex 84.0 -59.0 35.5
vertex 85.0 -58.0 35.5
vertex 86.0 -59.0 35.5
endloop
endfacet
facet normal 1.0 0.0 -0.0
outer loop
vertex 86.0 -59.0 35.5
vertex 86.0 -57.0 35.5
vertex 86.0 -59.0 37.5
endloop
endfacet
facet normal -0.0 0.0 1.0
outer loop
vertex 84.0 -57.0 35.0
vertex 85.0 -58.0 35.0
vertex 86.0 -57.0 35.0
endloop
endfacet
facet normal 0.0 -0.0 1.0
outer loop
vertex 86.0 -59.0 35.0
vertex 86.0 -57.0 35.0
vertex 85.0 -58.0 35.0
endloop
endfacet
facet normal 0.0 -0.0 -1.0
outer loop
vertex 84.0 -57.0 35.5
vertex 86.0 -57.0 35.5
vertex 85.0 -58.0 35.5
endloop
endfacet
facet normal 0.0 0.0 -1.0
outer loop
vertex 86.0 -59.0 35.5
vertex 85.0 -58.0 35.5
vertex 86.0 -57.0 35.5
endloop
endfacet
facet normal -0.0 1.0 0.0
outer loop
vertex 84.0 -57.0 35.5
vertex 86.0 -57.0 37.5
vertex 86.0 -57.0 35.5
endloop
endfacet
facet normal 1.0 0.0 -0.0
outer loop
vertex 86.0 -57.0 35.5
vertex 86.0 -57.0 37.5
vertex 86.0 -59.0 37.5
endloop
endfacet
facet normal 0.0 -0.0 1.0
outer loop
vertex 84.0 -59.0 37.5
vertex 86.0 -59.0 37.5
vertex 85.0 -58.0 37.5
endloop
endfacet
facet normal 0.0 0.0 -1.0
outer loop
vertex 84.0 -59.0 38.0
vertex 85.0 -58.0 38.0
vertex 86.0 -59.0 38.0
endloop
endfacet
facet normal 1.0 0.0 -0.0
outer loop
vertex 86.0 -59.0 38.0
vertex 86.0 -57.0 38.0
vertex 86.0 -59.0 40.0
endloop
endfacet
facet normal -0.0 0.0 1.0
outer loop
vertex 84.0 -57.0 37.5
vertex 85.0 -58.0 37.5
vertex 86.0 -57.0 37.5
endloop
endfacet
facet normal 0.0 -0.0 1.0
outer loop
vertex 86.0 -59.0 37.5
vertex 86.0 -57.0 37.5
vertex 85.0 -58.0 37.5
endloop
endfacet
facet normal 0.0 -0.0 -1.0
outer loop
vertex 84.0 -57.0 38.0
vertex 86.0 -57.0 38.0
vertex 85.0 -58.0 38.0
endloop
endfacet
facet normal 0.0 0.0 -1.0
outer loop
vertex 86.0 -59.0 38.0
vertex 85.0 -58.0 38.0
vertex 86.0 -57.0 38.0
endloop
endfacet
facet normal -0.0 1.0 0.0
outer loop
vertex 84.0 -57.0 38.0
vertex 86.0 -57.0 40.0
vertex 86.0 -57.0 38.0
endloop
endfacet
facet normal 0.0 -0.0 1.0
outer loop
vertex 84.0 -59.0 40.0
vertex 86.0 -59.0 40.0
vertex 85.0 -58.0 40.0
endloop
endfacet
facet normal 1.0 0.0 -0.0
outer loop
vertex 86.0 -57.0 38.0
vertex 86.0 -57.0 40.0
vertex 86.0 -59.0 40.0
endloop
endfacet
facet normal -0.0 0.0 1.0
outer loop
vertex 84.0 -57.0 40.0
vertex 85.0 -58.0 40.0
vertex 86.0 -57.0 40.0
endloop
endfacet
facet normal 0.0 -0.0 1.0
outer loop
vertex 86.0 -59.0 40.0
vertex 86.0 -57.0 40.0
vertex 85.0 -58.0 40.0
endloop
endfacet
facet normal 0.0 0.0 -1.0
outer loop
vertex 84.0 57.0 33.0
vertex 84.0 59.0 33.0
vertex 85.0 58.0 33.0
endloop
endfacet
facet normal -1.0 0.0 0.0
outer loop
vertex 84.0 57.0 33.0
vertex 84.0 57.0 35.0
vertex 84.0 59.0 33.0
endloop
endfacet
facet normal 0.0 -1.0 0.0
outer loop
vertex 84.0 57.0 33.0
vertex 86.0 57.0 35.0
vertex 84.0 57.0 35.0
endloop
endfacet
facet normal -1.0 0.0 0.0
outer loop
vertex 84.0 59.0 33.0
vertex 84.0 57.0 35.0
vertex 84.0 59.0 35.0
endloop
endfacet
facet normal 0.0 0.0 -1.0
outer loop
vertex 84.0 57.0 33.0
vertex 85.0 58.0 33.0
vertex 86.0 57.0 33.0
endloop
endfacet
facet normal 0.0 0.0 -1.0
outer loop
vertex 86.0 57.0 33.0
vertex 85.0 58.0 33.0
vertex 86.0 59.0 33.0
endloop
endfacet
facet normal 0.0 -1.0 0.0
outer loop
vertex 84.0 57.0 33.0
vertex 86.0 57.0 33.0
vertex 86.0 57.0 35.0
endloop
endfacet
facet normal 0.0 -0.0 -1.0
outer loop
vertex 84.0 59.0 33.0
vertex 86.0 59.0 33.0
vertex 85.0 58.0 33.0
endloop
endfacet
facet normal 1.0 0.0 0.0
outer loop
vertex 86.0 57.0 33.0
vertex 86.0 59.0 33.0
vertex 86.0 59.0 35.0
endloop
endfacet
facet normal 1.0 0.0 -0.0
outer loop
vertex 86.0 57.0 33.0
vertex 86.0 59.0 35.0
vertex 86.0 57.0 35.0
endloop
endfacet
facet normal 0.0 -0.0 1.0
outer loop
vertex 84.0 57.0 35.0
vertex 85.0 58.0 35.0
vertex 84.0 59.0 35.0
endloop
endfacet
facet normal 0.0 0.0 -1.0
outer loop
vertex 84.0 57.0 35.5
vertex 84.0 59.0 35.5
vertex 85.0 58.0 35.5
endloop
endfacet
facet normal -1.0 0.0 0.0
outer loop
vertex 84.0 57.0 35.5
vertex 84.0 57.0 37.5
vertex 84.0 59.0 35.5
endloop
endfacet
facet normal 0.0 -1.0 0.0
outer loop
vertex 84.0 57.0 35.5
vertex 86.0 57.0 37.5
vertex 84.0 57.0 37.5
endloop
endfacet
facet normal -1.0 0.0 0.0
outer loop
vertex 84.0 59.0 35.5
vertex 84.0 57.0 37.5
vertex 84.0 59.0 37.5
endloop
endfacet
facet normal 0.0 -0.0 1.0
outer loop
vertex 84.0 57.0 37.5
vertex 85.0 58.0 37.5
vertex 84.0 59.0 37.5
endloop
endfacet
facet normal 0.0 0.0 -1.0
outer loop
vertex 84.0 57.0 38.0
vertex 84.0 59.0 38.0
vertex 85.0 58.0 38.0
endloop
endfacet
facet normal -1.0 0.0 0.0
outer loop
vertex 84.0 57.0 38.0
vertex 84.0 57.0 40.0
vertex 84.0 59.0 38.0
endloop
endfacet
facet normal 0.0 -1.0 0.0
outer loop
vertex 84.0 57.0 38.0
vertex 86.0 57.0 40.0
vertex 84.0 57.0 40.0
endloop
endfacet
facet normal 0.0 -0.0 1.0
outer loop
vertex 84.0 57.0 40.0
vertex 85.0 58.0 40.0
vertex 84.0 59.0 40.0
endloop
endfacet
facet normal -1.0 0.0 0.0
outer loop
vertex 84.0 59.0 38.0
vertex 84.0 57.0 40.0
vertex 84.0 59.0 40.0
endloop
endfacet
facet normal 0.0 -0.0 1.0
outer loop
vertex 84.0 57.0 35.0
vertex 86.0 57.0 35.0
vertex 85.0 58.0 35.0
endloop
endfacet
facet normal 0.0 -0.0 1.0
outer loop
vertex 86.0 57.0 35.0
vertex 86.0 59.0 35.0
vertex 85.0 58.0 35.0
endloop
endfacet
facet normal 0.0 0.0 -1.0
outer loop
vertex 84.0 57.0 35.5
vertex 85.0 58.0 35.5
vertex 86.0 57.0 35.5
endloop
endfacet
facet normal 0.0 0.0 -1.0
outer loop
vertex 86.0 57.0 35.5
vertex 85.0 58.0 35.5
vertex 86.0 59.0 35.5
endloop
endfacet
facet normal 0.0 -1.0 0.0
outer loop
vertex 84.0 57.0 35.5
vertex 86.0 57.0 35.5
vertex 86.0 57.0 37.5
endloop
endfacet
facet normal -0.0 0.0 1.0
outer loop
vertex 84.0 59.0 35.0
vertex 85.0 58.0 35.0
vertex 86.0 59.0 35.0
endloop
endfacet
facet normal 0.0 -0.0 -1.0
outer loop
vertex 84.0 59.0 35.5
vertex 86.0 59.0 35.5
vertex 85.0 58.0 35.5
endloop
endfacet
facet normal 1.0 0.0 0.0
outer loop
vertex 86.0 57.0 35.5
vertex 86.0 59.0 35.5
vertex 86.0 59.0 37.5
endloop
endfacet
facet normal 1.0 0.0 -0.0
outer loop
vertex 86.0 57.0 35.5
vertex 86.0 59.0 37.5
vertex 86.0 57.0 37.5
endloop
endfacet
facet normal 0.0 -0.0 1.0
outer loop
vertex 84.0 57.0 37.5
vertex 86.0 57.0 37.5
vertex 85.0 58.0 37.5
endloop
endfacet
facet normal 0.0 -0.0 1.0
outer loop
vertex 86.0 57.0 37.5
vertex 86.0 59.0 37.5
vertex 85.0 58.0 37.5
endloop
endfacet
facet normal 0.0 0.0 -1.0
outer loop
vertex 84.0 57.0 38.0
vertex 85.0 58.0 38.0
vertex 86.0 57.0 38.0
endloop
endfacet
facet normal 0.0 0.0 -1.0
outer loop
vertex 86.0 57.0 38.0
vertex 85.0 58.0 38.0
vertex 86.0 59.0 38.0
endloop
endfacet
facet normal 0.0 -1.0 0.0
outer loop
vertex 84.0 57.0 38.0
vertex 86.0 57.0 38.0
vertex 86.0 57.0 40.0
endloop
endfacet
facet normal -0.0 0.0 1.0
outer loop
vertex 84.0 59.0 37.5
vertex 85.0 58.0 37.5
vertex 86.0 59.0 37.5
endloop
endfacet
facet normal 0.0 -0.0 -1.0
outer loop
vertex 84.0 59.0 38.0
vertex 86.0 59.0 38.0
vertex 85.0 58.0 38.0
endloop
endfacet
facet normal 1.0 0.0 0.0
outer loop
vertex 86.0 57.0 38.0
vertex 86.0 59.0 38.0
vertex 86.0 59.0 40.0
endloop
endfacet
facet normal 1.0 0.0 -0.0
outer loop
vertex 86.0 57.0 38.0
vertex 86.0 59.0 40.0
vertex 86.0 57.0 40.0
endloop
endfacet
facet normal 0.0 -0.0 1.0
outer loop
vertex 84.0 57.0 40.0
vertex 86.0 57.0 40.0
vertex 85.0 58.0 40.0
endloop
endfacet
facet normal 0.0 -0.0 1.0
outer loop
vertex 86.0 57.0 40.0
vertex 86.0 59.0 40.0
vertex 85.0 58.0 40.0
endloop
endfacet
facet normal -0.0 0.0 1.0
outer loop
vertex 84.0 59.0 40.0
vertex 85.0 58.0 40.0
vertex 86.0 59.0 40.0
endloop
endfacet

endsolid
