solid estadio
 facet normal 0.000000 0.000000 -1.000000
  outer loop
   vertex -52.500000 -34.000000 0.000000
   vertex -52.500000 34.000000 0.000000
   vertex 52.500000 34.000000 0.000000
  endloop
 endfacet
 facet normal 0.000000 0.000000 -1.000000
  outer loop
   vertex -52.500000 -34.000000 0.000000
   vertex 52.500000 34.000000 0.000000
   vertex 52.500000 -34.000000 0.000000
  endloop
 endfacet
 facet normal 0.000000 0.000000 1.000000
  outer loop
   vertex -52.500000 -34.000000 2.000000
   vertex 52.500000 -34.000000 2.000000
   vertex 52.500000 34.000000 2.000000
  endloop
 endfacet
 facet normal 0.000000 0.000000 1.000000
  outer loop
   vertex -52.500000 -34.000000 2.000000
   vertex 52.500000 34.000000 2.000000
   vertex -52.500000 34.000000 2.000000
  endloop
 endfacet
 facet normal 0.000000 -1.000000 0.000000
  outer loop
   vertex -52.500000 -34.000000 0.000000
   vertex 52.500000 -34.000000 0.000000
   vertex 52.500000 -34.000000 2.000000
  endloop
 endfacet
 facet normal 0.000000 -1.000000 0.000000
  outer loop
   vertex -52.500000 -34.000000 0.000000
   vertex 52.500000 -34.000000 2.000000
   vertex -52.500000 -34.000000 2.000000
  endloop
 endfacet
 facet normal 0.000000 1.000000 0.000000
  outer loop
   vertex -52.500000 34.000000 0.000000
   vertex -52.500000 34.000000 2.000000
   vertex 52.500000 34.000000 2.000000
  endloop
 endfacet
 facet normal 0.000000 1.000000 0.000000
  outer loop
   vertex -52.500000 34.000000 0.000000
   vertex 52.500000 34.000000 2.000000
   vertex 52.500000 34.000000 0.000000
  endloop
 endfacet
 facet normal -1.000000 0.000000 0.000000
  outer loop
   vertex -52.500000 -34.000000 0.000000
   vertex -52.500000 -34.000000 2.000000
   vertex -52.500000 34.000000 2.000000
  endloop
 endfacet
 facet normal -1.000000 0.000000 0.000000
  outer loop
   vertex -52.500000 -34.000000 0.000000
   vertex -52.500000 34.000000 2.000000
   vertex -52.500000 34.000000 0.000000
  endloop
 endfacet
 facet normal 1.000000 0.000000 0.000000
  outer loop
   vertex 52.500000 -34.000000 0.000000
   vertex 52.500000 34.000000 0.000000
   vertex 52.500000 34.000000 2.000000
  endloop
 endfacet
 facet normal 1.000000 0.000000 0.000000
  outer loop
   vertex 52.500000 -34.000000 0.000000
   vertex 52.500000 34.000000 2.000000
   vertex 52.500000 -34.000000 2.000000
  endloop
 endfacet
 facet normal 0.000000 0.000000 -1.000000
  outer loop
   vertex -40.833333 -34.000000 2.000000
   vertex -40.833333 34.000000 2.000000
   vertex -29.166667 34.000000 2.000000
  endloop
 endfacet
 facet normal 0.000000 0.000000 -1.000000
  outer loop
   vertex -40.833333 -34.000000 2.000000
   vertex -29.166667 34.000000 2.000000
   vertex -29.166667 -34.000000 2.000000
  endloop
 endfacet
 facet normal 0.000000 0.000000 1.000000
  outer loop
   vertex -40.833333 -34.000000 2.600000
   vertex -29.166667 -34.000000 2.600000
   vertex -29.166667 34.000000 2.600000
  endloop
 endfacet
 facet normal 0.000000 0.000000 1.000000
  outer loop
   vertex -40.833333 -34.000000 2.600000
   vertex -29.166667 34.000000 2.600000
   vertex -40.833333 34.000000 2.600000
  endloop
 endfacet
 facet normal 0.000000 -1.000000 0.000000
  outer loop
   vertex -40.833333 -34.000000 2.000000
   vertex -29.166667 -34.000000 2.000000
   vertex -29.166667 -34.000000 2.600000
  endloop
 endfacet
 facet normal 0.000000 -1.000000 0.000000
  outer loop
   vertex -40.833333 -34.000000 2.000000
   vertex -29.166667 -34.000000 2.600000
   vertex -40.833333 -34.000000 2.600000
  endloop
 endfacet
 facet normal 0.000000 1.000000 0.000000
  outer loop
   vertex -40.833333 34.000000 2.000000
   vertex -40.833333 34.000000 2.600000
   vertex -29.166667 34.000000 2.600000
  endloop
 endfacet
 facet normal 0.000000 1.000000 0.000000
  outer loop
   vertex -40.833333 34.000000 2.000000
   vertex -29.166667 34.000000 2.600000
   vertex -29.166667 34.000000 2.000000
  endloop
 endfacet
 facet normal -1.000000 0.000000 0.000000
  outer loop
   vertex -40.833333 -34.000000 2.000000
   vertex -40.833333 -34.000000 2.600000
   vertex -40.833333 34.000000 2.600000
  endloop
 endfacet
 facet normal -1.000000 0.000000 0.000000
  outer loop
   vertex -40.833333 -34.000000 2.000000
   vertex -40.833333 34.000000 2.600000
   vertex -40.833333 34.000000 2.000000
  endloop
 endfacet
 facet normal 1.000000 0.000000 0.000000
  outer loop
   vertex -29.166667 -34.000000 2.000000
   vertex -29.166667 34.000000 2.000000
   vertex -29.166667 34.000000 2.600000
  endloop
 endfacet
 facet normal 1.000000 0.000000 0.000000
  outer loop
   vertex -29.166667 -34.000000 2.000000
   vertex -29.166667 34.000000 2.600000
   vertex -29.166667 -34.000000 2.600000
  endloop
 endfacet
 facet normal 0.000000 0.000000 -1.000000
  outer loop
   vertex -17.500000 -34.000000 2.000000
   vertex -17.500000 34.000000 2.000000
   vertex -5.833333 34.000000 2.000000
  endloop
 endfacet
 facet normal 0.000000 0.000000 -1.000000
  outer loop
   vertex -17.500000 -34.000000 2.000000
   vertex -5.833333 34.000000 2.000000
   vertex -5.833333 -34.000000 2.000000
  endloop
 endfacet
 facet normal 0.000000 0.000000 1.000000
  outer loop
   vertex -17.500000 -34.000000 2.600000
   vertex -5.833333 -34.000000 2.600000
   vertex -5.833333 34.000000 2.600000
  endloop
 endfacet
 facet normal 0.000000 0.000000 1.000000
  outer loop
   vertex -17.500000 -34.000000 2.600000
   vertex -5.833333 34.000000 2.600000
   vertex -17.500000 34.000000 2.600000
  endloop
 endfacet
 facet normal 0.000000 -1.000000 0.000000
  outer loop
   vertex -17.500000 -34.000000 2.000000
   vertex -5.833333 -34.000000 2.000000
   vertex -5.833333 -34.000000 2.600000
  endloop
 endfacet
 facet normal 0.000000 -1.000000 0.000000
  outer loop
   vertex -17.500000 -34.000000 2.000000
   vertex -5.833333 -34.000000 2.600000
   vertex -17.500000 -34.000000 2.600000
  endloop
 endfacet
 facet normal 0.000000 1.000000 0.000000
  outer loop
   vertex -17.500000 34.000000 2.000000
   vertex -17.500000 34.000000 2.600000
   vertex -5.833333 34.000000 2.600000
  endloop
 endfacet
 facet normal 0.000000 1.000000 0.000000
  outer loop
   vertex -17.500000 34.000000 2.000000
   vertex -5.833333 34.000000 2.600000
   vertex -5.833333 34.000000 2.000000
  endloop
 endfacet
 facet normal -1.000000 0.000000 0.000000
  outer loop
   vertex -17.500000 -34.000000 2.000000
   vertex -17.500000 -34.000000 2.600000
   vertex -17.500000 34.000000 2.600000
  endloop
 endfacet
 facet normal -1.000000 0.000000 0.000000
  outer loop
   vertex -17.500000 -34.000000 2.000000
   vertex -17.500000 34.000000 2.600000
   vertex -17.500000 34.000000 2.000000
  endloop
 endfacet
 facet normal 1.000000 0.000000 0.000000
  outer loop
   vertex -5.833333 -34.000000 2.000000
   vertex -5.833333 34.000000 2.000000
   vertex -5.833333 34.000000 2.600000
  endloop
 endfacet
 facet normal 1.000000 0.000000 0.000000
  outer loop
   vertex -5.833333 -34.000000 2.000000
   vertex -5.833333 34.000000 2.600000
   vertex -5.833333 -34.000000 2.600000
  endloop
 endfacet
 facet normal 0.000000 0.000000 -1.000000
  outer loop
   vertex 5.833333 -34.000000 2.000000
   vertex 5.833333 34.000000 2.000000
   vertex 17.500000 34.000000 2.000000
  endloop
 endfacet
 facet normal 0.000000 0.000000 -1.000000
  outer loop
   vertex 5.833333 -34.000000 2.000000
   vertex 17.500000 34.000000 2.000000
   vertex 17.500000 -34.000000 2.000000
  endloop
 endfacet
 facet normal 0.000000 0.000000 1.000000
  outer loop
   vertex 5.833333 -34.000000 2.600000
   vertex 17.500000 -34.000000 2.600000
   vertex 17.500000 34.000000 2.600000
  endloop
 endfacet
 facet normal 0.000000 0.000000 1.000000
  outer loop
   vertex 5.833333 -34.000000 2.600000
   vertex 17.500000 34.000000 2.600000
   vertex 5.833333 34.000000 2.600000
  endloop
 endfacet
 facet normal 0.000000 -1.000000 0.000000
  outer loop
   vertex 5.833333 -34.000000 2.000000
   vertex 17.500000 -34.000000 2.000000
   vertex 17.500000 -34.000000 2.600000
  endloop
 endfacet
 facet normal 0.000000 -1.000000 0.000000
  outer loop
   vertex 5.833333 -34.000000 2.000000
   vertex 17.500000 -34.000000 2.600000
   vertex 5.833333 -34.000000 2.600000
  endloop
 endfacet
 facet normal 0.000000 1.000000 0.000000
  outer loop
   vertex 5.833333 34.000000 2.000000
   vertex 5.833333 34.000000 2.600000
   vertex 17.500000 34.000000 2.600000
  endloop
 endfacet
 facet normal 0.000000 1.000000 0.000000
  outer loop
   vertex 5.833333 34.000000 2.000000
   vertex 17.500000 34.000000 2.600000
   vertex 17.500000 34.000000 2.000000
  endloop
 endfacet
 facet normal -1.000000 0.000000 0.000000
  outer loop
   vertex 5.833333 -34.000000 2.000000
   vertex 5.833333 -34.000000 2.600000
   vertex 5.833333 34.000000 2.600000
  endloop
 endfacet
 facet normal -1.000000 0.000000 0.000000
  outer loop
   vertex 5.833333 -34.000000 2.000000
   vertex 5.833333 34.000000 2.600000
   vertex 5.833333 34.000000 2.000000
  endloop
 endfacet
 facet normal 1.000000 0.000000 0.000000
  outer loop
   vertex 17.500000 -34.000000 2.000000
   vertex 17.500000 34.000000 2.000000
   vertex 17.500000 34.000000 2.600000
  endloop
 endfacet
 facet normal 1.000000 0.000000 0.000000
  outer loop
   vertex 17.500000 -34.000000 2.000000
   vertex 17.500000 34.000000 2.600000
   vertex 17.500000 -34.000000 2.600000
  endloop
 endfacet
 facet normal 0.000000 0.000000 -1.000000
  outer loop
   vertex 29.166667 -34.000000 2.000000
   vertex 29.166667 34.000000 2.000000
   vertex 40.833333 34.000000 2.000000
  endloop
 endfacet
 facet normal 0.000000 0.000000 -1.000000
  outer loop
   vertex 29.166667 -34.000000 2.000000
   vertex 40.833333 34.000000 2.000000
   vertex 40.833333 -34.000000 2.000000
  endloop
 endfacet
 facet normal 0.000000 0.000000 1.000000
  outer loop
   vertex 29.166667 -34.000000 2.600000
   vertex 40.833333 -34.000000 2.600000
   vertex 40.833333 34.000000 2.600000
  endloop
 endfacet
 facet normal 0.000000 0.000000 1.000000
  outer loop
   vertex 29.166667 -34.000000 2.600000
   vertex 40.833333 34.000000 2.600000
   vertex 29.166667 34.000000 2.600000
  endloop
 endfacet
 facet normal 0.000000 -1.000000 0.000000
  outer loop
   vertex 29.166667 -34.000000 2.000000
   vertex 40.833333 -34.000000 2.000000
   vertex 40.833333 -34.000000 2.600000
  endloop
 endfacet
 facet normal 0.000000 -1.000000 0.000000
  outer loop
   vertex 29.166667 -34.000000 2.000000
   vertex 40.833333 -34.000000 2.600000
   vertex 29.166667 -34.000000 2.600000
  endloop
 endfacet
 facet normal 0.000000 1.000000 0.000000
  outer loop
   vertex 29.166667 34.000000 2.000000
   vertex 29.166667 34.000000 2.600000
   vertex 40.833333 34.000000 2.600000
  endloop
 endfacet
 facet normal 0.000000 1.000000 0.000000
  outer loop
   vertex 29.166667 34.000000 2.000000
   vertex 40.833333 34.000000 2.600000
   vertex 40.833333 34.000000 2.000000
  endloop
 endfacet
 facet normal -1.000000 0.000000 0.000000
  outer loop
   vertex 29.166667 -34.000000 2.000000
   vertex 29.166667 -34.000000 2.600000
   vertex 29.166667 34.000000 2.600000
  endloop
 endfacet
 facet normal -1.000000 0.000000 0.000000
  outer loop
   vertex 29.166667 -34.000000 2.000000
   vertex 29.166667 34.000000 2.600000
   vertex 29.166667 34.000000 2.000000
  endloop
 endfacet
 facet normal 1.000000 0.000000 0.000000
  outer loop
   vertex 40.833333 -34.000000 2.000000
   vertex 40.833333 34.000000 2.000000
   vertex 40.833333 34.000000 2.600000
  endloop
 endfacet
 facet normal 1.000000 0.000000 0.000000
  outer loop
   vertex 40.833333 -34.000000 2.000000
   vertex 40.833333 34.000000 2.600000
   vertex 40.833333 -34.000000 2.600000
  endloop
 endfacet
 facet normal 0.000000 0.000000 -1.000000
  outer loop
   vertex -52.500000 -34.000000 2.600000
   vertex -52.500000 -33.600000 2.600000
   vertex 52.500000 -33.600000 2.600000
  endloop
 endfacet
 facet normal 0.000000 0.000000 -1.000000
  outer loop
   vertex -52.500000 -34.000000 2.600000
   vertex 52.500000 -33.600000 2.600000
   vertex 52.500000 -34.000000 2.600000
  endloop
 endfacet
 facet normal 0.000000 0.000000 1.000000
  outer loop
   vertex -52.500000 -34.000000 2.900000
   vertex 52.500000 -34.000000 2.900000
   vertex 52.500000 -33.600000 2.900000
  endloop
 endfacet
 facet normal 0.000000 0.000000 1.000000
  outer loop
   vertex -52.500000 -34.000000 2.900000
   vertex 52.500000 -33.600000 2.900000
   vertex -52.500000 -33.600000 2.900000
  endloop
 endfacet
 facet normal 0.000000 -1.000000 0.000000
  outer loop
   vertex -52.500000 -34.000000 2.600000
   vertex 52.500000 -34.000000 2.600000
   vertex 52.500000 -34.000000 2.900000
  endloop
 endfacet
 facet normal 0.000000 -1.000000 0.000000
  outer loop
   vertex -52.500000 -34.000000 2.600000
   vertex 52.500000 -34.000000 2.900000
   vertex -52.500000 -34.000000 2.900000
  endloop
 endfacet
 facet normal 0.000000 1.000000 0.000000
  outer loop
   vertex -52.500000 -33.600000 2.600000
   vertex -52.500000 -33.600000 2.900000
   vertex 52.500000 -33.600000 2.900000
  endloop
 endfacet
 facet normal 0.000000 1.000000 0.000000
  outer loop
   vertex -52.500000 -33.600000 2.600000
   vertex 52.500000 -33.600000 2.900000
   vertex 52.500000 -33.600000 2.600000
  endloop
 endfacet
 facet normal -1.000000 0.000000 0.000000
  outer loop
   vertex -52.500000 -34.000000 2.600000
   vertex -52.500000 -34.000000 2.900000
   vertex -52.500000 -33.600000 2.900000
  endloop
 endfacet
 facet normal -1.000000 0.000000 0.000000
  outer loop
   vertex -52.500000 -34.000000 2.600000
   vertex -52.500000 -33.600000 2.900000
   vertex -52.500000 -33.600000 2.600000
  endloop
 endfacet
 facet normal 1.000000 0.000000 0.000000
  outer loop
   vertex 52.500000 -34.000000 2.600000
   vertex 52.500000 -33.600000 2.600000
   vertex 52.500000 -33.600000 2.900000
  endloop
 endfacet
 facet normal 1.000000 0.000000 0.000000
  outer loop
   vertex 52.500000 -34.000000 2.600000
   vertex 52.500000 -33.600000 2.900000
   vertex 52.500000 -34.000000 2.900000
  endloop
 endfacet
 facet normal 0.000000 0.000000 -1.000000
  outer loop
   vertex -52.500000 33.600000 2.600000
   vertex -52.500000 34.000000 2.600000
   vertex 52.500000 34.000000 2.600000
  endloop
 endfacet
 facet normal 0.000000 0.000000 -1.000000
  outer loop
   vertex -52.500000 33.600000 2.600000
   vertex 52.500000 34.000000 2.600000
   vertex 52.500000 33.600000 2.600000
  endloop
 endfacet
 facet normal 0.000000 0.000000 1.000000
  outer loop
   vertex -52.500000 33.600000 2.900000
   vertex 52.500000 33.600000 2.900000
   vertex 52.500000 34.000000 2.900000
  endloop
 endfacet
 facet normal 0.000000 0.000000 1.000000
  outer loop
   vertex -52.500000 33.600000 2.900000
   vertex 52.500000 34.000000 2.900000
   vertex -52.500000 34.000000 2.900000
  endloop
 endfacet
 facet normal 0.000000 -1.000000 0.000000
  outer loop
   vertex -52.500000 33.600000 2.600000
   vertex 52.500000 33.600000 2.600000
   vertex 52.500000 33.600000 2.900000
  endloop
 endfacet
 facet normal 0.000000 -1.000000 0.000000
  outer loop
   vertex -52.500000 33.600000 2.600000
   vertex 52.500000 33.600000 2.900000
   vertex -52.500000 33.600000 2.900000
  endloop
 endfacet
 facet normal 0.000000 1.000000 0.000000
  outer loop
   vertex -52.500000 34.000000 2.600000
   vertex -52.500000 34.000000 2.900000
   vertex 52.500000 34.000000 2.900000
  endloop
 endfacet
 facet normal 0.000000 1.000000 0.000000
  outer loop
   vertex -52.500000 34.000000 2.600000
   vertex 52.500000 34.000000 2.900000
   vertex 52.500000 34.000000 2.600000
  endloop
 endfacet
 facet normal -1.000000 0.000000 0.000000
  outer loop
   vertex -52.500000 33.600000 2.600000
   vertex -52.500000 33.600000 2.900000
   vertex -52.500000 34.000000 2.900000
  endloop
 endfacet
 facet normal -1.000000 0.000000 0.000000
  outer loop
   vertex -52.500000 33.600000 2.600000
   vertex -52.500000 34.000000 2.900000
   vertex -52.500000 34.000000 2.600000
  endloop
 endfacet
 facet normal 1.000000 0.000000 0.000000
  outer loop
   vertex 52.500000 33.600000 2.600000
   vertex 52.500000 34.000000 2.600000
   vertex 52.500000 34.000000 2.900000
  endloop
 endfacet
 facet normal 1.000000 0.000000 0.000000
  outer loop
   vertex 52.500000 33.600000 2.600000
   vertex 52.500000 34.000000 2.900000
   vertex 52.500000 33.600000 2.900000
  endloop
 endfacet
 facet normal 0.000000 0.000000 -1.000000
  outer loop
   vertex -52.500000 -34.000000 2.600000
   vertex -52.500000 34.000000 2.600000
   vertex -52.100000 34.000000 2.600000
  endloop
 endfacet
 facet normal 0.000000 0.000000 -1.000000
  outer loop
   vertex -52.500000 -34.000000 2.600000
   vertex -52.100000 34.000000 2.600000
   vertex -52.100000 -34.000000 2.600000
  endloop
 endfacet
 facet normal 0.000000 0.000000 1.000000
  outer loop
   vertex -52.500000 -34.000000 2.900000
   vertex -52.100000 -34.000000 2.900000
   vertex -52.100000 34.000000 2.900000
  endloop
 endfacet
 facet normal 0.000000 0.000000 1.000000
  outer loop
   vertex -52.500000 -34.000000 2.900000
   vertex -52.100000 34.000000 2.900000
   vertex -52.500000 34.000000 2.900000
  endloop
 endfacet
 facet normal 0.000000 -1.000000 0.000000
  outer loop
   vertex -52.500000 -34.000000 2.600000
   vertex -52.100000 -34.000000 2.600000
   vertex -52.100000 -34.000000 2.900000
  endloop
 endfacet
 facet normal 0.000000 -1.000000 0.000000
  outer loop
   vertex -52.500000 -34.000000 2.600000
   vertex -52.100000 -34.000000 2.900000
   vertex -52.500000 -34.000000 2.900000
  endloop
 endfacet
 facet normal 0.000000 1.000000 0.000000
  outer loop
   vertex -52.500000 34.000000 2.600000
   vertex -52.500000 34.000000 2.900000
   vertex -52.100000 34.000000 2.900000
  endloop
 endfacet
 facet normal 0.000000 1.000000 0.000000
  outer loop
   vertex -52.500000 34.000000 2.600000
   vertex -52.100000 34.000000 2.900000
   vertex -52.100000 34.000000 2.600000
  endloop
 endfacet
 facet normal -1.000000 0.000000 0.000000
  outer loop
   vertex -52.500000 -34.000000 2.600000
   vertex -52.500000 -34.000000 2.900000
   vertex -52.500000 34.000000 2.900000
  endloop
 endfacet
 facet normal -1.000000 0.000000 0.000000
  outer loop
   vertex -52.500000 -34.000000 2.600000
   vertex -52.500000 34.000000 2.900000
   vertex -52.500000 34.000000 2.600000
  endloop
 endfacet
 facet normal 1.000000 0.000000 0.000000
  outer loop
   vertex -52.100000 -34.000000 2.600000
   vertex -52.100000 34.000000 2.600000
   vertex -52.100000 34.000000 2.900000
  endloop
 endfacet
 facet normal 1.000000 0.000000 0.000000
  outer loop
   vertex -52.100000 -34.000000 2.600000
   vertex -52.100000 34.000000 2.900000
   vertex -52.100000 -34.000000 2.900000
  endloop
 endfacet
 facet normal 0.000000 0.000000 -1.000000
  outer loop
   vertex 52.100000 -34.000000 2.600000
   vertex 52.100000 34.000000 2.600000
   vertex 52.500000 34.000000 2.600000
  endloop
 endfacet
 facet normal 0.000000 0.000000 -1.000000
  outer loop
   vertex 52.100000 -34.000000 2.600000
   vertex 52.500000 34.000000 2.600000
   vertex 52.500000 -34.000000 2.600000
  endloop
 endfacet
 facet normal 0.000000 0.000000 1.000000
  outer loop
   vertex 52.100000 -34.000000 2.900000
   vertex 52.500000 -34.000000 2.900000
   vertex 52.500000 34.000000 2.900000
  endloop
 endfacet
 facet normal 0.000000 0.000000 1.000000
  outer loop
   vertex 52.100000 -34.000000 2.900000
   vertex 52.500000 34.000000 2.900000
   vertex 52.100000 34.000000 2.900000
  endloop
 endfacet
 facet normal 0.000000 -1.000000 0.000000
  outer loop
   vertex 52.100000 -34.000000 2.600000
   vertex 52.500000 -34.000000 2.600000
   vertex 52.500000 -34.000000 2.900000
  endloop
 endfacet
 facet normal 0.000000 -1.000000 0.000000
  outer loop
   vertex 52.100000 -34.000000 2.600000
   vertex 52.500000 -34.000000 2.900000
   vertex 52.100000 -34.000000 2.900000
  endloop
 endfacet
 facet normal 0.000000 1.000000 0.000000
  outer loop
   vertex 52.100000 34.000000 2.600000
   vertex 52.100000 34.000000 2.900000
   vertex 52.500000 34.000000 2.900000
  endloop
 endfacet
 facet normal 0.000000 1.000000 0.000000
  outer loop
   vertex 52.100000 34.000000 2.600000
   vertex 52.500000 34.000000 2.900000
   vertex 52.500000 34.000000 2.600000
  endloop
 endfacet
 facet normal -1.000000 0.000000 0.000000
  outer loop
   vertex 52.100000 -34.000000 2.600000
   vertex 52.100000 -34.000000 2.900000
   vertex 52.100000 34.000000 2.900000
  endloop
 endfacet
 facet normal -1.000000 0.000000 0.000000
  outer loop
   vertex 52.100000 -34.000000 2.600000
   vertex 52.100000 34.000000 2.900000
   vertex 52.100000 34.000000 2.600000
  endloop
 endfacet
 facet normal 1.000000 0.000000 0.000000
  outer loop
   vertex 52.500000 -34.000000 2.600000
   vertex 52.500000 34.000000 2.600000
   vertex 52.500000 34.000000 2.900000
  endloop
 endfacet
 facet normal 1.000000 0.000000 0.000000
  outer loop
   vertex 52.500000 -34.000000 2.600000
   vertex 52.500000 34.000000 2.900000
   vertex 52.500000 -34.000000 2.900000
  endloop
 endfacet
 facet normal 0.000000 0.000000 -1.000000
  outer loop
   vertex -0.200000 -33.600000 2.600000
   vertex -0.200000 33.600000 2.600000
   vertex 0.200000 33.600000 2.600000
  endloop
 endfacet
 facet normal 0.000000 0.000000 -1.000000
  outer loop
   vertex -0.200000 -33.600000 2.600000
   vertex 0.200000 33.600000 2.600000
   vertex 0.200000 -33.600000 2.600000
  endloop
 endfacet
 facet normal 0.000000 0.000000 1.000000
  outer loop
   vertex -0.200000 -33.600000 2.900000
   vertex 0.200000 -33.600000 2.900000
   vertex 0.200000 33.600000 2.900000
  endloop
 endfacet
 facet normal 0.000000 0.000000 1.000000
  outer loop
   vertex -0.200000 -33.600000 2.900000
   vertex 0.200000 33.600000 2.900000
   vertex -0.200000 33.600000 2.900000
  endloop
 endfacet
 facet normal 0.000000 -1.000000 0.000000
  outer loop
   vertex -0.200000 -33.600000 2.600000
   vertex 0.200000 -33.600000 2.600000
   vertex 0.200000 -33.600000 2.900000
  endloop
 endfacet
 facet normal 0.000000 -1.000000 0.000000
  outer loop
   vertex -0.200000 -33.600000 2.600000
   vertex 0.200000 -33.600000 2.900000
   vertex -0.200000 -33.600000 2.900000
  endloop
 endfacet
 facet normal 0.000000 1.000000 0.000000
  outer loop
   vertex -0.200000 33.600000 2.600000
   vertex -0.200000 33.600000 2.900000
   vertex 0.200000 33.600000 2.900000
  endloop
 endfacet
 facet normal 0.000000 1.000000 0.000000
  outer loop
   vertex -0.200000 33.600000 2.600000
   vertex 0.200000 33.600000 2.900000
   vertex 0.200000 33.600000 2.600000
  endloop
 endfacet
 facet normal -1.000000 0.000000 0.000000
  outer loop
   vertex -0.200000 -33.600000 2.600000
   vertex -0.200000 -33.600000 2.900000
   vertex -0.200000 33.600000 2.900000
  endloop
 endfacet
 facet normal -1.000000 0.000000 0.000000
  outer loop
   vertex -0.200000 -33.600000 2.600000
   vertex -0.200000 33.600000 2.900000
   vertex -0.200000 33.600000 2.600000
  endloop
 endfacet
 facet normal 1.000000 0.000000 0.000000
  outer loop
   vertex 0.200000 -33.600000 2.600000
   vertex 0.200000 33.600000 2.600000
   vertex 0.200000 33.600000 2.900000
  endloop
 endfacet
 facet normal 1.000000 0.000000 0.000000
  outer loop
   vertex 0.200000 -33.600000 2.600000
   vertex 0.200000 33.600000 2.900000
   vertex 0.200000 -33.600000 2.900000
  endloop
 endfacet
 facet normal 0.000000 0.000000 -1.000000
  outer loop
   vertex -36.200000 -20.160000 2.600000
   vertex -36.200000 20.160000 2.600000
   vertex -35.800000 20.160000 2.600000
  endloop
 endfacet
 facet normal 0.000000 0.000000 -1.000000
  outer loop
   vertex -36.200000 -20.160000 2.600000
   vertex -35.800000 20.160000 2.600000
   vertex -35.800000 -20.160000 2.600000
  endloop
 endfacet
 facet normal 0.000000 0.000000 1.000000
  outer loop
   vertex -36.200000 -20.160000 2.900000
   vertex -35.800000 -20.160000 2.900000
   vertex -35.800000 20.160000 2.900000
  endloop
 endfacet
 facet normal 0.000000 0.000000 1.000000
  outer loop
   vertex -36.200000 -20.160000 2.900000
   vertex -35.800000 20.160000 2.900000
   vertex -36.200000 20.160000 2.900000
  endloop
 endfacet
 facet normal 0.000000 -1.000000 0.000000
  outer loop
   vertex -36.200000 -20.160000 2.600000
   vertex -35.800000 -20.160000 2.600000
   vertex -35.800000 -20.160000 2.900000
  endloop
 endfacet
 facet normal 0.000000 -1.000000 0.000000
  outer loop
   vertex -36.200000 -20.160000 2.600000
   vertex -35.800000 -20.160000 2.900000
   vertex -36.200000 -20.160000 2.900000
  endloop
 endfacet
 facet normal 0.000000 1.000000 0.000000
  outer loop
   vertex -36.200000 20.160000 2.600000
   vertex -36.200000 20.160000 2.900000
   vertex -35.800000 20.160000 2.900000
  endloop
 endfacet
 facet normal 0.000000 1.000000 0.000000
  outer loop
   vertex -36.200000 20.160000 2.600000
   vertex -35.800000 20.160000 2.900000
   vertex -35.800000 20.160000 2.600000
  endloop
 endfacet
 facet normal -1.000000 0.000000 0.000000
  outer loop
   vertex -36.200000 -20.160000 2.600000
   vertex -36.200000 -20.160000 2.900000
   vertex -36.200000 20.160000 2.900000
  endloop
 endfacet
 facet normal -1.000000 0.000000 0.000000
  outer loop
   vertex -36.200000 -20.160000 2.600000
   vertex -36.200000 20.160000 2.900000
   vertex -36.200000 20.160000 2.600000
  endloop
 endfacet
 facet normal 1.000000 0.000000 0.000000
  outer loop
   vertex -35.800000 -20.160000 2.600000
   vertex -35.800000 20.160000 2.600000
   vertex -35.800000 20.160000 2.900000
  endloop
 endfacet
 facet normal 1.000000 0.000000 0.000000
  outer loop
   vertex -35.800000 -20.160000 2.600000
   vertex -35.800000 20.160000 2.900000
   vertex -35.800000 -20.160000 2.900000
  endloop
 endfacet
 facet normal 0.000000 0.000000 -1.000000
  outer loop
   vertex -52.300000 -20.160000 2.600000
   vertex -52.300000 -19.760000 2.600000
   vertex -36.200000 -19.760000 2.600000
  endloop
 endfacet
 facet normal 0.000000 0.000000 -1.000000
  outer loop
   vertex -52.300000 -20.160000 2.600000
   vertex -36.200000 -19.760000 2.600000
   vertex -36.200000 -20.160000 2.600000
  endloop
 endfacet
 facet normal 0.000000 0.000000 1.000000
  outer loop
   vertex -52.300000 -20.160000 2.900000
   vertex -36.200000 -20.160000 2.900000
   vertex -36.200000 -19.760000 2.900000
  endloop
 endfacet
 facet normal 0.000000 0.000000 1.000000
  outer loop
   vertex -52.300000 -20.160000 2.900000
   vertex -36.200000 -19.760000 2.900000
   vertex -52.300000 -19.760000 2.900000
  endloop
 endfacet
 facet normal 0.000000 -1.000000 0.000000
  outer loop
   vertex -52.300000 -20.160000 2.600000
   vertex -36.200000 -20.160000 2.600000
   vertex -36.200000 -20.160000 2.900000
  endloop
 endfacet
 facet normal 0.000000 -1.000000 0.000000
  outer loop
   vertex -52.300000 -20.160000 2.600000
   vertex -36.200000 -20.160000 2.900000
   vertex -52.300000 -20.160000 2.900000
  endloop
 endfacet
 facet normal 0.000000 1.000000 0.000000
  outer loop
   vertex -52.300000 -19.760000 2.600000
   vertex -52.300000 -19.760000 2.900000
   vertex -36.200000 -19.760000 2.900000
  endloop
 endfacet
 facet normal 0.000000 1.000000 0.000000
  outer loop
   vertex -52.300000 -19.760000 2.600000
   vertex -36.200000 -19.760000 2.900000
   vertex -36.200000 -19.760000 2.600000
  endloop
 endfacet
 facet normal -1.000000 0.000000 0.000000
  outer loop
   vertex -52.300000 -20.160000 2.600000
   vertex -52.300000 -20.160000 2.900000
   vertex -52.300000 -19.760000 2.900000
  endloop
 endfacet
 facet normal -1.000000 0.000000 0.000000
  outer loop
   vertex -52.300000 -20.160000 2.600000
   vertex -52.300000 -19.760000 2.900000
   vertex -52.300000 -19.760000 2.600000
  endloop
 endfacet
 facet normal 1.000000 0.000000 0.000000
  outer loop
   vertex -36.200000 -20.160000 2.600000
   vertex -36.200000 -19.760000 2.600000
   vertex -36.200000 -19.760000 2.900000
  endloop
 endfacet
 facet normal 1.000000 0.000000 0.000000
  outer loop
   vertex -36.200000 -20.160000 2.600000
   vertex -36.200000 -19.760000 2.900000
   vertex -36.200000 -20.160000 2.900000
  endloop
 endfacet
 facet normal 0.000000 0.000000 -1.000000
  outer loop
   vertex -52.300000 19.760000 2.600000
   vertex -52.300000 20.160000 2.600000
   vertex -36.200000 20.160000 2.600000
  endloop
 endfacet
 facet normal 0.000000 0.000000 -1.000000
  outer loop
   vertex -52.300000 19.760000 2.600000
   vertex -36.200000 20.160000 2.600000
   vertex -36.200000 19.760000 2.600000
  endloop
 endfacet
 facet normal 0.000000 0.000000 1.000000
  outer loop
   vertex -52.300000 19.760000 2.900000
   vertex -36.200000 19.760000 2.900000
   vertex -36.200000 20.160000 2.900000
  endloop
 endfacet
 facet normal 0.000000 0.000000 1.000000
  outer loop
   vertex -52.300000 19.760000 2.900000
   vertex -36.200000 20.160000 2.900000
   vertex -52.300000 20.160000 2.900000
  endloop
 endfacet
 facet normal 0.000000 -1.000000 0.000000
  outer loop
   vertex -52.300000 19.760000 2.600000
   vertex -36.200000 19.760000 2.600000
   vertex -36.200000 19.760000 2.900000
  endloop
 endfacet
 facet normal 0.000000 -1.000000 0.000000
  outer loop
   vertex -52.300000 19.760000 2.600000
   vertex -36.200000 19.760000 2.900000
   vertex -52.300000 19.760000 2.900000
  endloop
 endfacet
 facet normal 0.000000 1.000000 0.000000
  outer loop
   vertex -52.300000 20.160000 2.600000
   vertex -52.300000 20.160000 2.900000
   vertex -36.200000 20.160000 2.900000
  endloop
 endfacet
 facet normal 0.000000 1.000000 0.000000
  outer loop
   vertex -52.300000 20.160000 2.600000
   vertex -36.200000 20.160000 2.900000
   vertex -36.200000 20.160000 2.600000
  endloop
 endfacet
 facet normal -1.000000 0.000000 0.000000
  outer loop
   vertex -52.300000 19.760000 2.600000
   vertex -52.300000 19.760000 2.900000
   vertex -52.300000 20.160000 2.900000
  endloop
 endfacet
 facet normal -1.000000 0.000000 0.000000
  outer loop
   vertex -52.300000 19.760000 2.600000
   vertex -52.300000 20.160000 2.900000
   vertex -52.300000 20.160000 2.600000
  endloop
 endfacet
 facet normal 1.000000 0.000000 0.000000
  outer loop
   vertex -36.200000 19.760000 2.600000
   vertex -36.200000 20.160000 2.600000
   vertex -36.200000 20.160000 2.900000
  endloop
 endfacet
 facet normal 1.000000 0.000000 0.000000
  outer loop
   vertex -36.200000 19.760000 2.600000
   vertex -36.200000 20.160000 2.900000
   vertex -36.200000 19.760000 2.900000
  endloop
 endfacet
 facet normal 0.000000 0.000000 -1.000000
  outer loop
   vertex -47.200000 -9.160000 2.600000
   vertex -47.200000 9.160000 2.600000
   vertex -46.800000 9.160000 2.600000
  endloop
 endfacet
 facet normal 0.000000 0.000000 -1.000000
  outer loop
   vertex -47.200000 -9.160000 2.600000
   vertex -46.800000 9.160000 2.600000
   vertex -46.800000 -9.160000 2.600000
  endloop
 endfacet
 facet normal 0.000000 0.000000 1.000000
  outer loop
   vertex -47.200000 -9.160000 2.900000
   vertex -46.800000 -9.160000 2.900000
   vertex -46.800000 9.160000 2.900000
  endloop
 endfacet
 facet normal 0.000000 0.000000 1.000000
  outer loop
   vertex -47.200000 -9.160000 2.900000
   vertex -46.800000 9.160000 2.900000
   vertex -47.200000 9.160000 2.900000
  endloop
 endfacet
 facet normal 0.000000 -1.000000 0.000000
  outer loop
   vertex -47.200000 -9.160000 2.600000
   vertex -46.800000 -9.160000 2.600000
   vertex -46.800000 -9.160000 2.900000
  endloop
 endfacet
 facet normal 0.000000 -1.000000 0.000000
  outer loop
   vertex -47.200000 -9.160000 2.600000
   vertex -46.800000 -9.160000 2.900000
   vertex -47.200000 -9.160000 2.900000
  endloop
 endfacet
 facet normal 0.000000 1.000000 0.000000
  outer loop
   vertex -47.200000 9.160000 2.600000
   vertex -47.200000 9.160000 2.900000
   vertex -46.800000 9.160000 2.900000
  endloop
 endfacet
 facet normal 0.000000 1.000000 0.000000
  outer loop
   vertex -47.200000 9.160000 2.600000
   vertex -46.800000 9.160000 2.900000
   vertex -46.800000 9.160000 2.600000
  endloop
 endfacet
 facet normal -1.000000 0.000000 0.000000
  outer loop
   vertex -47.200000 -9.160000 2.600000
   vertex -47.200000 -9.160000 2.900000
   vertex -47.200000 9.160000 2.900000
  endloop
 endfacet
 facet normal -1.000000 0.000000 0.000000
  outer loop
   vertex -47.200000 -9.160000 2.600000
   vertex -47.200000 9.160000 2.900000
   vertex -47.200000 9.160000 2.600000
  endloop
 endfacet
 facet normal 1.000000 0.000000 0.000000
  outer loop
   vertex -46.800000 -9.160000 2.600000
   vertex -46.800000 9.160000 2.600000
   vertex -46.800000 9.160000 2.900000
  endloop
 endfacet
 facet normal 1.000000 0.000000 0.000000
  outer loop
   vertex -46.800000 -9.160000 2.600000
   vertex -46.800000 9.160000 2.900000
   vertex -46.800000 -9.160000 2.900000
  endloop
 endfacet
 facet normal 0.000000 0.000000 -1.000000
  outer loop
   vertex -52.300000 -9.160000 2.600000
   vertex -52.300000 -8.760000 2.600000
   vertex -47.200000 -8.760000 2.600000
  endloop
 endfacet
 facet normal 0.000000 0.000000 -1.000000
  outer loop
   vertex -52.300000 -9.160000 2.600000
   vertex -47.200000 -8.760000 2.600000
   vertex -47.200000 -9.160000 2.600000
  endloop
 endfacet
 facet normal 0.000000 0.000000 1.000000
  outer loop
   vertex -52.300000 -9.160000 2.900000
   vertex -47.200000 -9.160000 2.900000
   vertex -47.200000 -8.760000 2.900000
  endloop
 endfacet
 facet normal 0.000000 0.000000 1.000000
  outer loop
   vertex -52.300000 -9.160000 2.900000
   vertex -47.200000 -8.760000 2.900000
   vertex -52.300000 -8.760000 2.900000
  endloop
 endfacet
 facet normal 0.000000 -1.000000 0.000000
  outer loop
   vertex -52.300000 -9.160000 2.600000
   vertex -47.200000 -9.160000 2.600000
   vertex -47.200000 -9.160000 2.900000
  endloop
 endfacet
 facet normal 0.000000 -1.000000 0.000000
  outer loop
   vertex -52.300000 -9.160000 2.600000
   vertex -47.200000 -9.160000 2.900000
   vertex -52.300000 -9.160000 2.900000
  endloop
 endfacet
 facet normal 0.000000 1.000000 0.000000
  outer loop
   vertex -52.300000 -8.760000 2.600000
   vertex -52.300000 -8.760000 2.900000
   vertex -47.200000 -8.760000 2.900000
  endloop
 endfacet
 facet normal 0.000000 1.000000 0.000000
  outer loop
   vertex -52.300000 -8.760000 2.600000
   vertex -47.200000 -8.760000 2.900000
   vertex -47.200000 -8.760000 2.600000
  endloop
 endfacet
 facet normal -1.000000 0.000000 0.000000
  outer loop
   vertex -52.300000 -9.160000 2.600000
   vertex -52.300000 -9.160000 2.900000
   vertex -52.300000 -8.760000 2.900000
  endloop
 endfacet
 facet normal -1.000000 0.000000 0.000000
  outer loop
   vertex -52.300000 -9.160000 2.600000
   vertex -52.300000 -8.760000 2.900000
   vertex -52.300000 -8.760000 2.600000
  endloop
 endfacet
 facet normal 1.000000 0.000000 0.000000
  outer loop
   vertex -47.200000 -9.160000 2.600000
   vertex -47.200000 -8.760000 2.600000
   vertex -47.200000 -8.760000 2.900000
  endloop
 endfacet
 facet normal 1.000000 0.000000 0.000000
  outer loop
   vertex -47.200000 -9.160000 2.600000
   vertex -47.200000 -8.760000 2.900000
   vertex -47.200000 -9.160000 2.900000
  endloop
 endfacet
 facet normal 0.000000 0.000000 -1.000000
  outer loop
   vertex -52.300000 8.760000 2.600000
   vertex -52.300000 9.160000 2.600000
   vertex -47.200000 9.160000 2.600000
  endloop
 endfacet
 facet normal 0.000000 0.000000 -1.000000
  outer loop
   vertex -52.300000 8.760000 2.600000
   vertex -47.200000 9.160000 2.600000
   vertex -47.200000 8.760000 2.600000
  endloop
 endfacet
 facet normal 0.000000 0.000000 1.000000
  outer loop
   vertex -52.300000 8.760000 2.900000
   vertex -47.200000 8.760000 2.900000
   vertex -47.200000 9.160000 2.900000
  endloop
 endfacet
 facet normal 0.000000 0.000000 1.000000
  outer loop
   vertex -52.300000 8.760000 2.900000
   vertex -47.200000 9.160000 2.900000
   vertex -52.300000 9.160000 2.900000
  endloop
 endfacet
 facet normal 0.000000 -1.000000 0.000000
  outer loop
   vertex -52.300000 8.760000 2.600000
   vertex -47.200000 8.760000 2.600000
   vertex -47.200000 8.760000 2.900000
  endloop
 endfacet
 facet normal 0.000000 -1.000000 0.000000
  outer loop
   vertex -52.300000 8.760000 2.600000
   vertex -47.200000 8.760000 2.900000
   vertex -52.300000 8.760000 2.900000
  endloop
 endfacet
 facet normal 0.000000 1.000000 0.000000
  outer loop
   vertex -52.300000 9.160000 2.600000
   vertex -52.300000 9.160000 2.900000
   vertex -47.200000 9.160000 2.900000
  endloop
 endfacet
 facet normal 0.000000 1.000000 0.000000
  outer loop
   vertex -52.300000 9.160000 2.600000
   vertex -47.200000 9.160000 2.900000
   vertex -47.200000 9.160000 2.600000
  endloop
 endfacet
 facet normal -1.000000 0.000000 0.000000
  outer loop
   vertex -52.300000 8.760000 2.600000
   vertex -52.300000 8.760000 2.900000
   vertex -52.300000 9.160000 2.900000
  endloop
 endfacet
 facet normal -1.000000 0.000000 0.000000
  outer loop
   vertex -52.300000 8.760000 2.600000
   vertex -52.300000 9.160000 2.900000
   vertex -52.300000 9.160000 2.600000
  endloop
 endfacet
 facet normal 1.000000 0.000000 0.000000
  outer loop
   vertex -47.200000 8.760000 2.600000
   vertex -47.200000 9.160000 2.600000
   vertex -47.200000 9.160000 2.900000
  endloop
 endfacet
 facet normal 1.000000 0.000000 0.000000
  outer loop
   vertex -47.200000 8.760000 2.600000
   vertex -47.200000 9.160000 2.900000
   vertex -47.200000 8.760000 2.900000
  endloop
 endfacet
 facet normal 0.000000 0.000000 -1.000000
  outer loop
   vertex -42.000000 -0.500000 2.600000
   vertex -42.000000 0.500000 2.600000
   vertex -41.000000 0.500000 2.600000
  endloop
 endfacet
 facet normal 0.000000 0.000000 -1.000000
  outer loop
   vertex -42.000000 -0.500000 2.600000
   vertex -41.000000 0.500000 2.600000
   vertex -41.000000 -0.500000 2.600000
  endloop
 endfacet
 facet normal 0.000000 0.000000 1.000000
  outer loop
   vertex -42.000000 -0.500000 3.000000
   vertex -41.000000 -0.500000 3.000000
   vertex -41.000000 0.500000 3.000000
  endloop
 endfacet
 facet normal 0.000000 0.000000 1.000000
  outer loop
   vertex -42.000000 -0.500000 3.000000
   vertex -41.000000 0.500000 3.000000
   vertex -42.000000 0.500000 3.000000
  endloop
 endfacet
 facet normal 0.000000 -1.000000 0.000000
  outer loop
   vertex -42.000000 -0.500000 2.600000
   vertex -41.000000 -0.500000 2.600000
   vertex -41.000000 -0.500000 3.000000
  endloop
 endfacet
 facet normal 0.000000 -1.000000 0.000000
  outer loop
   vertex -42.000000 -0.500000 2.600000
   vertex -41.000000 -0.500000 3.000000
   vertex -42.000000 -0.500000 3.000000
  endloop
 endfacet
 facet normal 0.000000 1.000000 0.000000
  outer loop
   vertex -42.000000 0.500000 2.600000
   vertex -42.000000 0.500000 3.000000
   vertex -41.000000 0.500000 3.000000
  endloop
 endfacet
 facet normal 0.000000 1.000000 0.000000
  outer loop
   vertex -42.000000 0.500000 2.600000
   vertex -41.000000 0.500000 3.000000
   vertex -41.000000 0.500000 2.600000
  endloop
 endfacet
 facet normal -1.000000 0.000000 0.000000
  outer loop
   vertex -42.000000 -0.500000 2.600000
   vertex -42.000000 -0.500000 3.000000
   vertex -42.000000 0.500000 3.000000
  endloop
 endfacet
 facet normal -1.000000 0.000000 0.000000
  outer loop
   vertex -42.000000 -0.500000 2.600000
   vertex -42.000000 0.500000 3.000000
   vertex -42.000000 0.500000 2.600000
  endloop
 endfacet
 facet normal 1.000000 0.000000 0.000000
  outer loop
   vertex -41.000000 -0.500000 2.600000
   vertex -41.000000 0.500000 2.600000
   vertex -41.000000 0.500000 3.000000
  endloop
 endfacet
 facet normal 1.000000 0.000000 0.000000
  outer loop
   vertex -41.000000 -0.500000 2.600000
   vertex -41.000000 0.500000 3.000000
   vertex -41.000000 -0.500000 3.000000
  endloop
 endfacet
 facet normal 0.000000 0.000000 -1.000000
  outer loop
   vertex 35.800000 -20.160000 2.600000
   vertex 35.800000 20.160000 2.600000
   vertex 36.200000 20.160000 2.600000
  endloop
 endfacet
 facet normal 0.000000 0.000000 -1.000000
  outer loop
   vertex 35.800000 -20.160000 2.600000
   vertex 36.200000 20.160000 2.600000
   vertex 36.200000 -20.160000 2.600000
  endloop
 endfacet
 facet normal 0.000000 0.000000 1.000000
  outer loop
   vertex 35.800000 -20.160000 2.900000
   vertex 36.200000 -20.160000 2.900000
   vertex 36.200000 20.160000 2.900000
  endloop
 endfacet
 facet normal 0.000000 0.000000 1.000000
  outer loop
   vertex 35.800000 -20.160000 2.900000
   vertex 36.200000 20.160000 2.900000
   vertex 35.800000 20.160000 2.900000
  endloop
 endfacet
 facet normal 0.000000 -1.000000 0.000000
  outer loop
   vertex 35.800000 -20.160000 2.600000
   vertex 36.200000 -20.160000 2.600000
   vertex 36.200000 -20.160000 2.900000
  endloop
 endfacet
 facet normal 0.000000 -1.000000 0.000000
  outer loop
   vertex 35.800000 -20.160000 2.600000
   vertex 36.200000 -20.160000 2.900000
   vertex 35.800000 -20.160000 2.900000
  endloop
 endfacet
 facet normal 0.000000 1.000000 0.000000
  outer loop
   vertex 35.800000 20.160000 2.600000
   vertex 35.800000 20.160000 2.900000
   vertex 36.200000 20.160000 2.900000
  endloop
 endfacet
 facet normal 0.000000 1.000000 0.000000
  outer loop
   vertex 35.800000 20.160000 2.600000
   vertex 36.200000 20.160000 2.900000
   vertex 36.200000 20.160000 2.600000
  endloop
 endfacet
 facet normal -1.000000 0.000000 0.000000
  outer loop
   vertex 35.800000 -20.160000 2.600000
   vertex 35.800000 -20.160000 2.900000
   vertex 35.800000 20.160000 2.900000
  endloop
 endfacet
 facet normal -1.000000 0.000000 0.000000
  outer loop
   vertex 35.800000 -20.160000 2.600000
   vertex 35.800000 20.160000 2.900000
   vertex 35.800000 20.160000 2.600000
  endloop
 endfacet
 facet normal 1.000000 0.000000 0.000000
  outer loop
   vertex 36.200000 -20.160000 2.600000
   vertex 36.200000 20.160000 2.600000
   vertex 36.200000 20.160000 2.900000
  endloop
 endfacet
 facet normal 1.000000 0.000000 0.000000
  outer loop
   vertex 36.200000 -20.160000 2.600000
   vertex 36.200000 20.160000 2.900000
   vertex 36.200000 -20.160000 2.900000
  endloop
 endfacet
 facet normal 0.000000 0.000000 -1.000000
  outer loop
   vertex 36.200000 -20.160000 2.600000
   vertex 36.200000 -19.760000 2.600000
   vertex 52.300000 -19.760000 2.600000
  endloop
 endfacet
 facet normal 0.000000 0.000000 -1.000000
  outer loop
   vertex 36.200000 -20.160000 2.600000
   vertex 52.300000 -19.760000 2.600000
   vertex 52.300000 -20.160000 2.600000
  endloop
 endfacet
 facet normal 0.000000 0.000000 1.000000
  outer loop
   vertex 36.200000 -20.160000 2.900000
   vertex 52.300000 -20.160000 2.900000
   vertex 52.300000 -19.760000 2.900000
  endloop
 endfacet
 facet normal 0.000000 0.000000 1.000000
  outer loop
   vertex 36.200000 -20.160000 2.900000
   vertex 52.300000 -19.760000 2.900000
   vertex 36.200000 -19.760000 2.900000
  endloop
 endfacet
 facet normal 0.000000 -1.000000 0.000000
  outer loop
   vertex 36.200000 -20.160000 2.600000
   vertex 52.300000 -20.160000 2.600000
   vertex 52.300000 -20.160000 2.900000
  endloop
 endfacet
 facet normal 0.000000 -1.000000 0.000000
  outer loop
   vertex 36.200000 -20.160000 2.600000
   vertex 52.300000 -20.160000 2.900000
   vertex 36.200000 -20.160000 2.900000
  endloop
 endfacet
 facet normal 0.000000 1.000000 0.000000
  outer loop
   vertex 36.200000 -19.760000 2.600000
   vertex 36.200000 -19.760000 2.900000
   vertex 52.300000 -19.760000 2.900000
  endloop
 endfacet
 facet normal 0.000000 1.000000 0.000000
  outer loop
   vertex 36.200000 -19.760000 2.600000
   vertex 52.300000 -19.760000 2.900000
   vertex 52.300000 -19.760000 2.600000
  endloop
 endfacet
 facet normal -1.000000 0.000000 0.000000
  outer loop
   vertex 36.200000 -20.160000 2.600000
   vertex 36.200000 -20.160000 2.900000
   vertex 36.200000 -19.760000 2.900000
  endloop
 endfacet
 facet normal -1.000000 0.000000 0.000000
  outer loop
   vertex 36.200000 -20.160000 2.600000
   vertex 36.200000 -19.760000 2.900000
   vertex 36.200000 -19.760000 2.600000
  endloop
 endfacet
 facet normal 1.000000 0.000000 0.000000
  outer loop
   vertex 52.300000 -20.160000 2.600000
   vertex 52.300000 -19.760000 2.600000
   vertex 52.300000 -19.760000 2.900000
  endloop
 endfacet
 facet normal 1.000000 0.000000 0.000000
  outer loop
   vertex 52.300000 -20.160000 2.600000
   vertex 52.300000 -19.760000 2.900000
   vertex 52.300000 -20.160000 2.900000
  endloop
 endfacet
 facet normal 0.000000 0.000000 -1.000000
  outer loop
   vertex 36.200000 19.760000 2.600000
   vertex 36.200000 20.160000 2.600000
   vertex 52.300000 20.160000 2.600000
  endloop
 endfacet
 facet normal 0.000000 0.000000 -1.000000
  outer loop
   vertex 36.200000 19.760000 2.600000
   vertex 52.300000 20.160000 2.600000
   vertex 52.300000 19.760000 2.600000
  endloop
 endfacet
 facet normal 0.000000 0.000000 1.000000
  outer loop
   vertex 36.200000 19.760000 2.900000
   vertex 52.300000 19.760000 2.900000
   vertex 52.300000 20.160000 2.900000
  endloop
 endfacet
 facet normal 0.000000 0.000000 1.000000
  outer loop
   vertex 36.200000 19.760000 2.900000
   vertex 52.300000 20.160000 2.900000
   vertex 36.200000 20.160000 2.900000
  endloop
 endfacet
 facet normal 0.000000 -1.000000 0.000000
  outer loop
   vertex 36.200000 19.760000 2.600000
   vertex 52.300000 19.760000 2.600000
   vertex 52.300000 19.760000 2.900000
  endloop
 endfacet
 facet normal 0.000000 -1.000000 0.000000
  outer loop
   vertex 36.200000 19.760000 2.600000
   vertex 52.300000 19.760000 2.900000
   vertex 36.200000 19.760000 2.900000
  endloop
 endfacet
 facet normal 0.000000 1.000000 0.000000
  outer loop
   vertex 36.200000 20.160000 2.600000
   vertex 36.200000 20.160000 2.900000
   vertex 52.300000 20.160000 2.900000
  endloop
 endfacet
 facet normal 0.000000 1.000000 0.000000
  outer loop
   vertex 36.200000 20.160000 2.600000
   vertex 52.300000 20.160000 2.900000
   vertex 52.300000 20.160000 2.600000
  endloop
 endfacet
 facet normal -1.000000 0.000000 0.000000
  outer loop
   vertex 36.200000 19.760000 2.600000
   vertex 36.200000 19.760000 2.900000
   vertex 36.200000 20.160000 2.900000
  endloop
 endfacet
 facet normal -1.000000 0.000000 0.000000
  outer loop
   vertex 36.200000 19.760000 2.600000
   vertex 36.200000 20.160000 2.900000
   vertex 36.200000 20.160000 2.600000
  endloop
 endfacet
 facet normal 1.000000 0.000000 0.000000
  outer loop
   vertex 52.300000 19.760000 2.600000
   vertex 52.300000 20.160000 2.600000
   vertex 52.300000 20.160000 2.900000
  endloop
 endfacet
 facet normal 1.000000 0.000000 0.000000
  outer loop
   vertex 52.300000 19.760000 2.600000
   vertex 52.300000 20.160000 2.900000
   vertex 52.300000 19.760000 2.900000
  endloop
 endfacet
 facet normal 0.000000 0.000000 -1.000000
  outer loop
   vertex 46.800000 -9.160000 2.600000
   vertex 46.800000 9.160000 2.600000
   vertex 47.200000 9.160000 2.600000
  endloop
 endfacet
 facet normal 0.000000 0.000000 -1.000000
  outer loop
   vertex 46.800000 -9.160000 2.600000
   vertex 47.200000 9.160000 2.600000
   vertex 47.200000 -9.160000 2.600000
  endloop
 endfacet
 facet normal 0.000000 0.000000 1.000000
  outer loop
   vertex 46.800000 -9.160000 2.900000
   vertex 47.200000 -9.160000 2.900000
   vertex 47.200000 9.160000 2.900000
  endloop
 endfacet
 facet normal 0.000000 0.000000 1.000000
  outer loop
   vertex 46.800000 -9.160000 2.900000
   vertex 47.200000 9.160000 2.900000
   vertex 46.800000 9.160000 2.900000
  endloop
 endfacet
 facet normal 0.000000 -1.000000 0.000000
  outer loop
   vertex 46.800000 -9.160000 2.600000
   vertex 47.200000 -9.160000 2.600000
   vertex 47.200000 -9.160000 2.900000
  endloop
 endfacet
 facet normal 0.000000 -1.000000 0.000000
  outer loop
   vertex 46.800000 -9.160000 2.600000
   vertex 47.200000 -9.160000 2.900000
   vertex 46.800000 -9.160000 2.900000
  endloop
 endfacet
 facet normal 0.000000 1.000000 0.000000
  outer loop
   vertex 46.800000 9.160000 2.600000
   vertex 46.800000 9.160000 2.900000
   vertex 47.200000 9.160000 2.900000
  endloop
 endfacet
 facet normal 0.000000 1.000000 0.000000
  outer loop
   vertex 46.800000 9.160000 2.600000
   vertex 47.200000 9.160000 2.900000
   vertex 47.200000 9.160000 2.600000
  endloop
 endfacet
 facet normal -1.000000 0.000000 0.000000
  outer loop
   vertex 46.800000 -9.160000 2.600000
   vertex 46.800000 -9.160000 2.900000
   vertex 46.800000 9.160000 2.900000
  endloop
 endfacet
 facet normal -1.000000 0.000000 0.000000
  outer loop
   vertex 46.800000 -9.160000 2.600000
   vertex 46.800000 9.160000 2.900000
   vertex 46.800000 9.160000 2.600000
  endloop
 endfacet
 facet normal 1.000000 0.000000 0.000000
  outer loop
   vertex 47.200000 -9.160000 2.600000
   vertex 47.200000 9.160000 2.600000
   vertex 47.200000 9.160000 2.900000
  endloop
 endfacet
 facet normal 1.000000 0.000000 0.000000
  outer loop
   vertex 47.200000 -9.160000 2.600000
   vertex 47.200000 9.160000 2.900000
   vertex 47.200000 -9.160000 2.900000
  endloop
 endfacet
 facet normal 0.000000 0.000000 -1.000000
  outer loop
   vertex 47.200000 -9.160000 2.600000
   vertex 47.200000 -8.760000 2.600000
   vertex 52.300000 -8.760000 2.600000
  endloop
 endfacet
 facet normal 0.000000 0.000000 -1.000000
  outer loop
   vertex 47.200000 -9.160000 2.600000
   vertex 52.300000 -8.760000 2.600000
   vertex 52.300000 -9.160000 2.600000
  endloop
 endfacet
 facet normal 0.000000 0.000000 1.000000
  outer loop
   vertex 47.200000 -9.160000 2.900000
   vertex 52.300000 -9.160000 2.900000
   vertex 52.300000 -8.760000 2.900000
  endloop
 endfacet
 facet normal 0.000000 0.000000 1.000000
  outer loop
   vertex 47.200000 -9.160000 2.900000
   vertex 52.300000 -8.760000 2.900000
   vertex 47.200000 -8.760000 2.900000
  endloop
 endfacet
 facet normal 0.000000 -1.000000 0.000000
  outer loop
   vertex 47.200000 -9.160000 2.600000
   vertex 52.300000 -9.160000 2.600000
   vertex 52.300000 -9.160000 2.900000
  endloop
 endfacet
 facet normal 0.000000 -1.000000 0.000000
  outer loop
   vertex 47.200000 -9.160000 2.600000
   vertex 52.300000 -9.160000 2.900000
   vertex 47.200000 -9.160000 2.900000
  endloop
 endfacet
 facet normal 0.000000 1.000000 0.000000
  outer loop
   vertex 47.200000 -8.760000 2.600000
   vertex 47.200000 -8.760000 2.900000
   vertex 52.300000 -8.760000 2.900000
  endloop
 endfacet
 facet normal 0.000000 1.000000 0.000000
  outer loop
   vertex 47.200000 -8.760000 2.600000
   vertex 52.300000 -8.760000 2.900000
   vertex 52.300000 -8.760000 2.600000
  endloop
 endfacet
 facet normal -1.000000 0.000000 0.000000
  outer loop
   vertex 47.200000 -9.160000 2.600000
   vertex 47.200000 -9.160000 2.900000
   vertex 47.200000 -8.760000 2.900000
  endloop
 endfacet
 facet normal -1.000000 0.000000 0.000000
  outer loop
   vertex 47.200000 -9.160000 2.600000
   vertex 47.200000 -8.760000 2.900000
   vertex 47.200000 -8.760000 2.600000
  endloop
 endfacet
 facet normal 1.000000 0.000000 0.000000
  outer loop
   vertex 52.300000 -9.160000 2.600000
   vertex 52.300000 -8.760000 2.600000
   vertex 52.300000 -8.760000 2.900000
  endloop
 endfacet
 facet normal 1.000000 0.000000 0.000000
  outer loop
   vertex 52.300000 -9.160000 2.600000
   vertex 52.300000 -8.760000 2.900000
   vertex 52.300000 -9.160000 2.900000
  endloop
 endfacet
 facet normal 0.000000 0.000000 -1.000000
  outer loop
   vertex 47.200000 8.760000 2.600000
   vertex 47.200000 9.160000 2.600000
   vertex 52.300000 9.160000 2.600000
  endloop
 endfacet
 facet normal 0.000000 0.000000 -1.000000
  outer loop
   vertex 47.200000 8.760000 2.600000
   vertex 52.300000 9.160000 2.600000
   vertex 52.300000 8.760000 2.600000
  endloop
 endfacet
 facet normal 0.000000 0.000000 1.000000
  outer loop
   vertex 47.200000 8.760000 2.900000
   vertex 52.300000 8.760000 2.900000
   vertex 52.300000 9.160000 2.900000
  endloop
 endfacet
 facet normal 0.000000 0.000000 1.000000
  outer loop
   vertex 47.200000 8.760000 2.900000
   vertex 52.300000 9.160000 2.900000
   vertex 47.200000 9.160000 2.900000
  endloop
 endfacet
 facet normal 0.000000 -1.000000 0.000000
  outer loop
   vertex 47.200000 8.760000 2.600000
   vertex 52.300000 8.760000 2.600000
   vertex 52.300000 8.760000 2.900000
  endloop
 endfacet
 facet normal 0.000000 -1.000000 0.000000
  outer loop
   vertex 47.200000 8.760000 2.600000
   vertex 52.300000 8.760000 2.900000
   vertex 47.200000 8.760000 2.900000
  endloop
 endfacet
 facet normal 0.000000 1.000000 0.000000
  outer loop
   vertex 47.200000 9.160000 2.600000
   vertex 47.200000 9.160000 2.900000
   vertex 52.300000 9.160000 2.900000
  endloop
 endfacet
 facet normal 0.000000 1.000000 0.000000
  outer loop
   vertex 47.200000 9.160000 2.600000
   vertex 52.300000 9.160000 2.900000
   vertex 52.300000 9.160000 2.600000
  endloop
 endfacet
 facet normal -1.000000 0.000000 0.000000
  outer loop
   vertex 47.200000 8.760000 2.600000
   vertex 47.200000 8.760000 2.900000
   vertex 47.200000 9.160000 2.900000
  endloop
 endfacet
 facet normal -1.000000 0.000000 0.000000
  outer loop
   vertex 47.200000 8.760000 2.600000
   vertex 47.200000 9.160000 2.900000
   vertex 47.200000 9.160000 2.600000
  endloop
 endfacet
 facet normal 1.000000 0.000000 0.000000
  outer loop
   vertex 52.300000 8.760000 2.600000
   vertex 52.300000 9.160000 2.600000
   vertex 52.300000 9.160000 2.900000
  endloop
 endfacet
 facet normal 1.000000 0.000000 0.000000
  outer loop
   vertex 52.300000 8.760000 2.600000
   vertex 52.300000 9.160000 2.900000
   vertex 52.300000 8.760000 2.900000
  endloop
 endfacet
 facet normal 0.000000 0.000000 -1.000000
  outer loop
   vertex 41.000000 -0.500000 2.600000
   vertex 41.000000 0.500000 2.600000
   vertex 42.000000 0.500000 2.600000
  endloop
 endfacet
 facet normal 0.000000 0.000000 -1.000000
  outer loop
   vertex 41.000000 -0.500000 2.600000
   vertex 42.000000 0.500000 2.600000
   vertex 42.000000 -0.500000 2.600000
  endloop
 endfacet
 facet normal 0.000000 0.000000 1.000000
  outer loop
   vertex 41.000000 -0.500000 3.000000
   vertex 42.000000 -0.500000 3.000000
   vertex 42.000000 0.500000 3.000000
  endloop
 endfacet
 facet normal 0.000000 0.000000 1.000000
  outer loop
   vertex 41.000000 -0.500000 3.000000
   vertex 42.000000 0.500000 3.000000
   vertex 41.000000 0.500000 3.000000
  endloop
 endfacet
 facet normal 0.000000 -1.000000 0.000000
  outer loop
   vertex 41.000000 -0.500000 2.600000
   vertex 42.000000 -0.500000 2.600000
   vertex 42.000000 -0.500000 3.000000
  endloop
 endfacet
 facet normal 0.000000 -1.000000 0.000000
  outer loop
   vertex 41.000000 -0.500000 2.600000
   vertex 42.000000 -0.500000 3.000000
   vertex 41.000000 -0.500000 3.000000
  endloop
 endfacet
 facet normal 0.000000 1.000000 0.000000
  outer loop
   vertex 41.000000 0.500000 2.600000
   vertex 41.000000 0.500000 3.000000
   vertex 42.000000 0.500000 3.000000
  endloop
 endfacet
 facet normal 0.000000 1.000000 0.000000
  outer loop
   vertex 41.000000 0.500000 2.600000
   vertex 42.000000 0.500000 3.000000
   vertex 42.000000 0.500000 2.600000
  endloop
 endfacet
 facet normal -1.000000 0.000000 0.000000
  outer loop
   vertex 41.000000 -0.500000 2.600000
   vertex 41.000000 -0.500000 3.000000
   vertex 41.000000 0.500000 3.000000
  endloop
 endfacet
 facet normal -1.000000 0.000000 0.000000
  outer loop
   vertex 41.000000 -0.500000 2.600000
   vertex 41.000000 0.500000 3.000000
   vertex 41.000000 0.500000 2.600000
  endloop
 endfacet
 facet normal 1.000000 0.000000 0.000000
  outer loop
   vertex 42.000000 -0.500000 2.600000
   vertex 42.000000 0.500000 2.600000
   vertex 42.000000 0.500000 3.000000
  endloop
 endfacet
 facet normal 1.000000 0.000000 0.000000
  outer loop
   vertex 42.000000 -0.500000 2.600000
   vertex 42.000000 0.500000 3.000000
   vertex 42.000000 -0.500000 3.000000
  endloop
 endfacet
 facet normal 0.000000 0.000000 -1.000000
  outer loop
   vertex 10.000000 -1.000000 2.600000
   vertex 10.000000 1.000000 2.600000
   vertex 12.000000 1.000000 2.600000
  endloop
 endfacet
 facet normal 0.000000 0.000000 -1.000000
  outer loop
   vertex 10.000000 -1.000000 2.600000
   vertex 12.000000 1.000000 2.600000
   vertex 12.000000 -1.000000 2.600000
  endloop
 endfacet
 facet normal 0.000000 0.000000 1.000000
  outer loop
   vertex 10.000000 -1.000000 2.900000
   vertex 12.000000 -1.000000 2.900000
   vertex 12.000000 1.000000 2.900000
  endloop
 endfacet
 facet normal 0.000000 0.000000 1.000000
  outer loop
   vertex 10.000000 -1.000000 2.900000
   vertex 12.000000 1.000000 2.900000
   vertex 10.000000 1.000000 2.900000
  endloop
 endfacet
 facet normal 0.000000 -1.000000 0.000000
  outer loop
   vertex 10.000000 -1.000000 2.600000
   vertex 12.000000 -1.000000 2.600000
   vertex 12.000000 -1.000000 2.900000
  endloop
 endfacet
 facet normal 0.000000 -1.000000 0.000000
  outer loop
   vertex 10.000000 -1.000000 2.600000
   vertex 12.000000 -1.000000 2.900000
   vertex 10.000000 -1.000000 2.900000
  endloop
 endfacet
 facet normal 0.000000 1.000000 0.000000
  outer loop
   vertex 10.000000 1.000000 2.600000
   vertex 10.000000 1.000000 2.900000
   vertex 12.000000 1.000000 2.900000
  endloop
 endfacet
 facet normal 0.000000 1.000000 0.000000
  outer loop
   vertex 10.000000 1.000000 2.600000
   vertex 12.000000 1.000000 2.900000
   vertex 12.000000 1.000000 2.600000
  endloop
 endfacet
 facet normal -1.000000 0.000000 0.000000
  outer loop
   vertex 10.000000 -1.000000 2.600000
   vertex 10.000000 -1.000000 2.900000
   vertex 10.000000 1.000000 2.900000
  endloop
 endfacet
 facet normal -1.000000 0.000000 0.000000
  outer loop
   vertex 10.000000 -1.000000 2.600000
   vertex 10.000000 1.000000 2.900000
   vertex 10.000000 1.000000 2.600000
  endloop
 endfacet
 facet normal 1.000000 0.000000 0.000000
  outer loop
   vertex 12.000000 -1.000000 2.600000
   vertex 12.000000 1.000000 2.600000
   vertex 12.000000 1.000000 2.900000
  endloop
 endfacet
 facet normal 1.000000 0.000000 0.000000
  outer loop
   vertex 12.000000 -1.000000 2.600000
   vertex 12.000000 1.000000 2.900000
   vertex 12.000000 -1.000000 2.900000
  endloop
 endfacet
 facet normal 0.000000 0.000000 -1.000000
  outer loop
   vertex 9.625184 1.847009 2.600000
   vertex 9.625184 3.847009 2.600000
   vertex 11.625184 3.847009 2.600000
  endloop
 endfacet
 facet normal 0.000000 0.000000 -1.000000
  outer loop
   vertex 9.625184 1.847009 2.600000
   vertex 11.625184 3.847009 2.600000
   vertex 11.625184 1.847009 2.600000
  endloop
 endfacet
 facet normal 0.000000 0.000000 1.000000
  outer loop
   vertex 9.625184 1.847009 2.900000
   vertex 11.625184 1.847009 2.900000
   vertex 11.625184 3.847009 2.900000
  endloop
 endfacet
 facet normal 0.000000 0.000000 1.000000
  outer loop
   vertex 9.625184 1.847009 2.900000
   vertex 11.625184 3.847009 2.900000
   vertex 9.625184 3.847009 2.900000
  endloop
 endfacet
 facet normal 0.000000 -1.000000 0.000000
  outer loop
   vertex 9.625184 1.847009 2.600000
   vertex 11.625184 1.847009 2.600000
   vertex 11.625184 1.847009 2.900000
  endloop
 endfacet
 facet normal 0.000000 -1.000000 0.000000
  outer loop
   vertex 9.625184 1.847009 2.600000
   vertex 11.625184 1.847009 2.900000
   vertex 9.625184 1.847009 2.900000
  endloop
 endfacet
 facet normal 0.000000 1.000000 0.000000
  outer loop
   vertex 9.625184 3.847009 2.600000
   vertex 9.625184 3.847009 2.900000
   vertex 11.625184 3.847009 2.900000
  endloop
 endfacet
 facet normal 0.000000 1.000000 0.000000
  outer loop
   vertex 9.625184 3.847009 2.600000
   vertex 11.625184 3.847009 2.900000
   vertex 11.625184 3.847009 2.600000
  endloop
 endfacet
 facet normal -1.000000 0.000000 0.000000
  outer loop
   vertex 9.625184 1.847009 2.600000
   vertex 9.625184 1.847009 2.900000
   vertex 9.625184 3.847009 2.900000
  endloop
 endfacet
 facet normal -1.000000 0.000000 0.000000
  outer loop
   vertex 9.625184 1.847009 2.600000
   vertex 9.625184 3.847009 2.900000
   vertex 9.625184 3.847009 2.600000
  endloop
 endfacet
 facet normal 1.000000 0.000000 0.000000
  outer loop
   vertex 11.625184 1.847009 2.600000
   vertex 11.625184 3.847009 2.600000
   vertex 11.625184 3.847009 2.900000
  endloop
 endfacet
 facet normal 1.000000 0.000000 0.000000
  outer loop
   vertex 11.625184 1.847009 2.600000
   vertex 11.625184 3.847009 2.900000
   vertex 11.625184 1.847009 2.900000
  endloop
 endfacet
 facet normal 0.000000 0.000000 -1.000000
  outer loop
   vertex 8.526279 4.500000 2.600000
   vertex 8.526279 6.500000 2.600000
   vertex 10.526279 6.500000 2.600000
  endloop
 endfacet
 facet normal 0.000000 0.000000 -1.000000
  outer loop
   vertex 8.526279 4.500000 2.600000
   vertex 10.526279 6.500000 2.600000
   vertex 10.526279 4.500000 2.600000
  endloop
 endfacet
 facet normal 0.000000 0.000000 1.000000
  outer loop
   vertex 8.526279 4.500000 2.900000
   vertex 10.526279 4.500000 2.900000
   vertex 10.526279 6.500000 2.900000
  endloop
 endfacet
 facet normal 0.000000 0.000000 1.000000
  outer loop
   vertex 8.526279 4.500000 2.900000
   vertex 10.526279 6.500000 2.900000
   vertex 8.526279 6.500000 2.900000
  endloop
 endfacet
 facet normal 0.000000 -1.000000 0.000000
  outer loop
   vertex 8.526279 4.500000 2.600000
   vertex 10.526279 4.500000 2.600000
   vertex 10.526279 4.500000 2.900000
  endloop
 endfacet
 facet normal 0.000000 -1.000000 0.000000
  outer loop
   vertex 8.526279 4.500000 2.600000
   vertex 10.526279 4.500000 2.900000
   vertex 8.526279 4.500000 2.900000
  endloop
 endfacet
 facet normal 0.000000 1.000000 0.000000
  outer loop
   vertex 8.526279 6.500000 2.600000
   vertex 8.526279 6.500000 2.900000
   vertex 10.526279 6.500000 2.900000
  endloop
 endfacet
 facet normal 0.000000 1.000000 0.000000
  outer loop
   vertex 8.526279 6.500000 2.600000
   vertex 10.526279 6.500000 2.900000
   vertex 10.526279 6.500000 2.600000
  endloop
 endfacet
 facet normal -1.000000 0.000000 0.000000
  outer loop
   vertex 8.526279 4.500000 2.600000
   vertex 8.526279 4.500000 2.900000
   vertex 8.526279 6.500000 2.900000
  endloop
 endfacet
 facet normal -1.000000 0.000000 0.000000
  outer loop
   vertex 8.526279 4.500000 2.600000
   vertex 8.526279 6.500000 2.900000
   vertex 8.526279 6.500000 2.600000
  endloop
 endfacet
 facet normal 1.000000 0.000000 0.000000
  outer loop
   vertex 10.526279 4.500000 2.600000
   vertex 10.526279 6.500000 2.600000
   vertex 10.526279 6.500000 2.900000
  endloop
 endfacet
 facet normal 1.000000 0.000000 0.000000
  outer loop
   vertex 10.526279 4.500000 2.600000
   vertex 10.526279 6.500000 2.900000
   vertex 10.526279 4.500000 2.900000
  endloop
 endfacet
 facet normal 0.000000 0.000000 -1.000000
  outer loop
   vertex 6.778175 6.778175 2.600000
   vertex 6.778175 8.778175 2.600000
   vertex 8.778175 8.778175 2.600000
  endloop
 endfacet
 facet normal 0.000000 0.000000 -1.000000
  outer loop
   vertex 6.778175 6.778175 2.600000
   vertex 8.778175 8.778175 2.600000
   vertex 8.778175 6.778175 2.600000
  endloop
 endfacet
 facet normal 0.000000 0.000000 1.000000
  outer loop
   vertex 6.778175 6.778175 2.900000
   vertex 8.778175 6.778175 2.900000
   vertex 8.778175 8.778175 2.900000
  endloop
 endfacet
 facet normal 0.000000 0.000000 1.000000
  outer loop
   vertex 6.778175 6.778175 2.900000
   vertex 8.778175 8.778175 2.900000
   vertex 6.778175 8.778175 2.900000
  endloop
 endfacet
 facet normal 0.000000 -1.000000 0.000000
  outer loop
   vertex 6.778175 6.778175 2.600000
   vertex 8.778175 6.778175 2.600000
   vertex 8.778175 6.778175 2.900000
  endloop
 endfacet
 facet normal 0.000000 -1.000000 0.000000
  outer loop
   vertex 6.778175 6.778175 2.600000
   vertex 8.778175 6.778175 2.900000
   vertex 6.778175 6.778175 2.900000
  endloop
 endfacet
 facet normal 0.000000 1.000000 0.000000
  outer loop
   vertex 6.778175 8.778175 2.600000
   vertex 6.778175 8.778175 2.900000
   vertex 8.778175 8.778175 2.900000
  endloop
 endfacet
 facet normal 0.000000 1.000000 0.000000
  outer loop
   vertex 6.778175 8.778175 2.600000
   vertex 8.778175 8.778175 2.900000
   vertex 8.778175 8.778175 2.600000
  endloop
 endfacet
 facet normal -1.000000 0.000000 0.000000
  outer loop
   vertex 6.778175 6.778175 2.600000
   vertex 6.778175 6.778175 2.900000
   vertex 6.778175 8.778175 2.900000
  endloop
 endfacet
 facet normal -1.000000 0.000000 0.000000
  outer loop
   vertex 6.778175 6.778175 2.600000
   vertex 6.778175 8.778175 2.900000
   vertex 6.778175 8.778175 2.600000
  endloop
 endfacet
 facet normal 1.000000 0.000000 0.000000
  outer loop
   vertex 8.778175 6.778175 2.600000
   vertex 8.778175 8.778175 2.600000
   vertex 8.778175 8.778175 2.900000
  endloop
 endfacet
 facet normal 1.000000 0.000000 0.000000
  outer loop
   vertex 8.778175 6.778175 2.600000
   vertex 8.778175 8.778175 2.900000
   vertex 8.778175 6.778175 2.900000
  endloop
 endfacet
 facet normal 0.000000 0.000000 -1.000000
  outer loop
   vertex 4.500000 8.526279 2.600000
   vertex 4.500000 10.526279 2.600000
   vertex 6.500000 10.526279 2.600000
  endloop
 endfacet
 facet normal 0.000000 0.000000 -1.000000
  outer loop
   vertex 4.500000 8.526279 2.600000
   vertex 6.500000 10.526279 2.600000
   vertex 6.500000 8.526279 2.600000
  endloop
 endfacet
 facet normal 0.000000 0.000000 1.000000
  outer loop
   vertex 4.500000 8.526279 2.900000
   vertex 6.500000 8.526279 2.900000
   vertex 6.500000 10.526279 2.900000
  endloop
 endfacet
 facet normal 0.000000 0.000000 1.000000
  outer loop
   vertex 4.500000 8.526279 2.900000
   vertex 6.500000 10.526279 2.900000
   vertex 4.500000 10.526279 2.900000
  endloop
 endfacet
 facet normal 0.000000 -1.000000 0.000000
  outer loop
   vertex 4.500000 8.526279 2.600000
   vertex 6.500000 8.526279 2.600000
   vertex 6.500000 8.526279 2.900000
  endloop
 endfacet
 facet normal 0.000000 -1.000000 0.000000
  outer loop
   vertex 4.500000 8.526279 2.600000
   vertex 6.500000 8.526279 2.900000
   vertex 4.500000 8.526279 2.900000
  endloop
 endfacet
 facet normal 0.000000 1.000000 0.000000
  outer loop
   vertex 4.500000 10.526279 2.600000
   vertex 4.500000 10.526279 2.900000
   vertex 6.500000 10.526279 2.900000
  endloop
 endfacet
 facet normal 0.000000 1.000000 0.000000
  outer loop
   vertex 4.500000 10.526279 2.600000
   vertex 6.500000 10.526279 2.900000
   vertex 6.500000 10.526279 2.600000
  endloop
 endfacet
 facet normal -1.000000 0.000000 0.000000
  outer loop
   vertex 4.500000 8.526279 2.600000
   vertex 4.500000 8.526279 2.900000
   vertex 4.500000 10.526279 2.900000
  endloop
 endfacet
 facet normal -1.000000 0.000000 0.000000
  outer loop
   vertex 4.500000 8.526279 2.600000
   vertex 4.500000 10.526279 2.900000
   vertex 4.500000 10.526279 2.600000
  endloop
 endfacet
 facet normal 1.000000 0.000000 0.000000
  outer loop
   vertex 6.500000 8.526279 2.600000
   vertex 6.500000 10.526279 2.600000
   vertex 6.500000 10.526279 2.900000
  endloop
 endfacet
 facet normal 1.000000 0.000000 0.000000
  outer loop
   vertex 6.500000 8.526279 2.600000
   vertex 6.500000 10.526279 2.900000
   vertex 6.500000 8.526279 2.900000
  endloop
 endfacet
 facet normal 0.000000 0.000000 -1.000000
  outer loop
   vertex 1.847009 9.625184 2.600000
   vertex 1.847009 11.625184 2.600000
   vertex 3.847009 11.625184 2.600000
  endloop
 endfacet
 facet normal 0.000000 0.000000 -1.000000
  outer loop
   vertex 1.847009 9.625184 2.600000
   vertex 3.847009 11.625184 2.600000
   vertex 3.847009 9.625184 2.600000
  endloop
 endfacet
 facet normal 0.000000 0.000000 1.000000
  outer loop
   vertex 1.847009 9.625184 2.900000
   vertex 3.847009 9.625184 2.900000
   vertex 3.847009 11.625184 2.900000
  endloop
 endfacet
 facet normal 0.000000 0.000000 1.000000
  outer loop
   vertex 1.847009 9.625184 2.900000
   vertex 3.847009 11.625184 2.900000
   vertex 1.847009 11.625184 2.900000
  endloop
 endfacet
 facet normal 0.000000 -1.000000 0.000000
  outer loop
   vertex 1.847009 9.625184 2.600000
   vertex 3.847009 9.625184 2.600000
   vertex 3.847009 9.625184 2.900000
  endloop
 endfacet
 facet normal 0.000000 -1.000000 0.000000
  outer loop
   vertex 1.847009 9.625184 2.600000
   vertex 3.847009 9.625184 2.900000
   vertex 1.847009 9.625184 2.900000
  endloop
 endfacet
 facet normal 0.000000 1.000000 0.000000
  outer loop
   vertex 1.847009 11.625184 2.600000
   vertex 1.847009 11.625184 2.900000
   vertex 3.847009 11.625184 2.900000
  endloop
 endfacet
 facet normal 0.000000 1.000000 0.000000
  outer loop
   vertex 1.847009 11.625184 2.600000
   vertex 3.847009 11.625184 2.900000
   vertex 3.847009 11.625184 2.600000
  endloop
 endfacet
 facet normal -1.000000 0.000000 0.000000
  outer loop
   vertex 1.847009 9.625184 2.600000
   vertex 1.847009 9.625184 2.900000
   vertex 1.847009 11.625184 2.900000
  endloop
 endfacet
 facet normal -1.000000 0.000000 0.000000
  outer loop
   vertex 1.847009 9.625184 2.600000
   vertex 1.847009 11.625184 2.900000
   vertex 1.847009 11.625184 2.600000
  endloop
 endfacet
 facet normal 1.000000 0.000000 0.000000
  outer loop
   vertex 3.847009 9.625184 2.600000
   vertex 3.847009 11.625184 2.600000
   vertex 3.847009 11.625184 2.900000
  endloop
 endfacet
 facet normal 1.000000 0.000000 0.000000
  outer loop
   vertex 3.847009 9.625184 2.600000
   vertex 3.847009 11.625184 2.900000
   vertex 3.847009 9.625184 2.900000
  endloop
 endfacet
 facet normal 0.000000 0.000000 -1.000000
  outer loop
   vertex -1.000000 10.000000 2.600000
   vertex -1.000000 12.000000 2.600000
   vertex 1.000000 12.000000 2.600000
  endloop
 endfacet
 facet normal 0.000000 0.000000 -1.000000
  outer loop
   vertex -1.000000 10.000000 2.600000
   vertex 1.000000 12.000000 2.600000
   vertex 1.000000 10.000000 2.600000
  endloop
 endfacet
 facet normal 0.000000 0.000000 1.000000
  outer loop
   vertex -1.000000 10.000000 2.900000
   vertex 1.000000 10.000000 2.900000
   vertex 1.000000 12.000000 2.900000
  endloop
 endfacet
 facet normal 0.000000 0.000000 1.000000
  outer loop
   vertex -1.000000 10.000000 2.900000
   vertex 1.000000 12.000000 2.900000
   vertex -1.000000 12.000000 2.900000
  endloop
 endfacet
 facet normal 0.000000 -1.000000 0.000000
  outer loop
   vertex -1.000000 10.000000 2.600000
   vertex 1.000000 10.000000 2.600000
   vertex 1.000000 10.000000 2.900000
  endloop
 endfacet
 facet normal 0.000000 -1.000000 0.000000
  outer loop
   vertex -1.000000 10.000000 2.600000
   vertex 1.000000 10.000000 2.900000
   vertex -1.000000 10.000000 2.900000
  endloop
 endfacet
 facet normal 0.000000 1.000000 0.000000
  outer loop
   vertex -1.000000 12.000000 2.600000
   vertex -1.000000 12.000000 2.900000
   vertex 1.000000 12.000000 2.900000
  endloop
 endfacet
 facet normal 0.000000 1.000000 0.000000
  outer loop
   vertex -1.000000 12.000000 2.600000
   vertex 1.000000 12.000000 2.900000
   vertex 1.000000 12.000000 2.600000
  endloop
 endfacet
 facet normal -1.000000 0.000000 0.000000
  outer loop
   vertex -1.000000 10.000000 2.600000
   vertex -1.000000 10.000000 2.900000
   vertex -1.000000 12.000000 2.900000
  endloop
 endfacet
 facet normal -1.000000 0.000000 0.000000
  outer loop
   vertex -1.000000 10.000000 2.600000
   vertex -1.000000 12.000000 2.900000
   vertex -1.000000 12.000000 2.600000
  endloop
 endfacet
 facet normal 1.000000 0.000000 0.000000
  outer loop
   vertex 1.000000 10.000000 2.600000
   vertex 1.000000 12.000000 2.600000
   vertex 1.000000 12.000000 2.900000
  endloop
 endfacet
 facet normal 1.000000 0.000000 0.000000
  outer loop
   vertex 1.000000 10.000000 2.600000
   vertex 1.000000 12.000000 2.900000
   vertex 1.000000 10.000000 2.900000
  endloop
 endfacet
 facet normal 0.000000 0.000000 -1.000000
  outer loop
   vertex -3.847009 9.625184 2.600000
   vertex -3.847009 11.625184 2.600000
   vertex -1.847009 11.625184 2.600000
  endloop
 endfacet
 facet normal 0.000000 0.000000 -1.000000
  outer loop
   vertex -3.847009 9.625184 2.600000
   vertex -1.847009 11.625184 2.600000
   vertex -1.847009 9.625184 2.600000
  endloop
 endfacet
 facet normal 0.000000 0.000000 1.000000
  outer loop
   vertex -3.847009 9.625184 2.900000
   vertex -1.847009 9.625184 2.900000
   vertex -1.847009 11.625184 2.900000
  endloop
 endfacet
 facet normal 0.000000 0.000000 1.000000
  outer loop
   vertex -3.847009 9.625184 2.900000
   vertex -1.847009 11.625184 2.900000
   vertex -3.847009 11.625184 2.900000
  endloop
 endfacet
 facet normal 0.000000 -1.000000 0.000000
  outer loop
   vertex -3.847009 9.625184 2.600000
   vertex -1.847009 9.625184 2.600000
   vertex -1.847009 9.625184 2.900000
  endloop
 endfacet
 facet normal 0.000000 -1.000000 0.000000
  outer loop
   vertex -3.847009 9.625184 2.600000
   vertex -1.847009 9.625184 2.900000
   vertex -3.847009 9.625184 2.900000
  endloop
 endfacet
 facet normal 0.000000 1.000000 0.000000
  outer loop
   vertex -3.847009 11.625184 2.600000
   vertex -3.847009 11.625184 2.900000
   vertex -1.847009 11.625184 2.900000
  endloop
 endfacet
 facet normal 0.000000 1.000000 0.000000
  outer loop
   vertex -3.847009 11.625184 2.600000
   vertex -1.847009 11.625184 2.900000
   vertex -1.847009 11.625184 2.600000
  endloop
 endfacet
 facet normal -1.000000 0.000000 0.000000
  outer loop
   vertex -3.847009 9.625184 2.600000
   vertex -3.847009 9.625184 2.900000
   vertex -3.847009 11.625184 2.900000
  endloop
 endfacet
 facet normal -1.000000 0.000000 0.000000
  outer loop
   vertex -3.847009 9.625184 2.600000
   vertex -3.847009 11.625184 2.900000
   vertex -3.847009 11.625184 2.600000
  endloop
 endfacet
 facet normal 1.000000 0.000000 0.000000
  outer loop
   vertex -1.847009 9.625184 2.600000
   vertex -1.847009 11.625184 2.600000
   vertex -1.847009 11.625184 2.900000
  endloop
 endfacet
 facet normal 1.000000 0.000000 0.000000
  outer loop
   vertex -1.847009 9.625184 2.600000
   vertex -1.847009 11.625184 2.900000
   vertex -1.847009 9.625184 2.900000
  endloop
 endfacet
 facet normal 0.000000 0.000000 -1.000000
  outer loop
   vertex -6.500000 8.526279 2.600000
   vertex -6.500000 10.526279 2.600000
   vertex -4.500000 10.526279 2.600000
  endloop
 endfacet
 facet normal 0.000000 0.000000 -1.000000
  outer loop
   vertex -6.500000 8.526279 2.600000
   vertex -4.500000 10.526279 2.600000
   vertex -4.500000 8.526279 2.600000
  endloop
 endfacet
 facet normal 0.000000 0.000000 1.000000
  outer loop
   vertex -6.500000 8.526279 2.900000
   vertex -4.500000 8.526279 2.900000
   vertex -4.500000 10.526279 2.900000
  endloop
 endfacet
 facet normal 0.000000 0.000000 1.000000
  outer loop
   vertex -6.500000 8.526279 2.900000
   vertex -4.500000 10.526279 2.900000
   vertex -6.500000 10.526279 2.900000
  endloop
 endfacet
 facet normal 0.000000 -1.000000 0.000000
  outer loop
   vertex -6.500000 8.526279 2.600000
   vertex -4.500000 8.526279 2.600000
   vertex -4.500000 8.526279 2.900000
  endloop
 endfacet
 facet normal 0.000000 -1.000000 0.000000
  outer loop
   vertex -6.500000 8.526279 2.600000
   vertex -4.500000 8.526279 2.900000
   vertex -6.500000 8.526279 2.900000
  endloop
 endfacet
 facet normal 0.000000 1.000000 0.000000
  outer loop
   vertex -6.500000 10.526279 2.600000
   vertex -6.500000 10.526279 2.900000
   vertex -4.500000 10.526279 2.900000
  endloop
 endfacet
 facet normal 0.000000 1.000000 0.000000
  outer loop
   vertex -6.500000 10.526279 2.600000
   vertex -4.500000 10.526279 2.900000
   vertex -4.500000 10.526279 2.600000
  endloop
 endfacet
 facet normal -1.000000 0.000000 0.000000
  outer loop
   vertex -6.500000 8.526279 2.600000
   vertex -6.500000 8.526279 2.900000
   vertex -6.500000 10.526279 2.900000
  endloop
 endfacet
 facet normal -1.000000 0.000000 0.000000
  outer loop
   vertex -6.500000 8.526279 2.600000
   vertex -6.500000 10.526279 2.900000
   vertex -6.500000 10.526279 2.600000
  endloop
 endfacet
 facet normal 1.000000 0.000000 0.000000
  outer loop
   vertex -4.500000 8.526279 2.600000
   vertex -4.500000 10.526279 2.600000
   vertex -4.500000 10.526279 2.900000
  endloop
 endfacet
 facet normal 1.000000 0.000000 0.000000
  outer loop
   vertex -4.500000 8.526279 2.600000
   vertex -4.500000 10.526279 2.900000
   vertex -4.500000 8.526279 2.900000
  endloop
 endfacet
 facet normal 0.000000 0.000000 -1.000000
  outer loop
   vertex -8.778175 6.778175 2.600000
   vertex -8.778175 8.778175 2.600000
   vertex -6.778175 8.778175 2.600000
  endloop
 endfacet
 facet normal 0.000000 0.000000 -1.000000
  outer loop
   vertex -8.778175 6.778175 2.600000
   vertex -6.778175 8.778175 2.600000
   vertex -6.778175 6.778175 2.600000
  endloop
 endfacet
 facet normal 0.000000 0.000000 1.000000
  outer loop
   vertex -8.778175 6.778175 2.900000
   vertex -6.778175 6.778175 2.900000
   vertex -6.778175 8.778175 2.900000
  endloop
 endfacet
 facet normal 0.000000 0.000000 1.000000
  outer loop
   vertex -8.778175 6.778175 2.900000
   vertex -6.778175 8.778175 2.900000
   vertex -8.778175 8.778175 2.900000
  endloop
 endfacet
 facet normal 0.000000 -1.000000 0.000000
  outer loop
   vertex -8.778175 6.778175 2.600000
   vertex -6.778175 6.778175 2.600000
   vertex -6.778175 6.778175 2.900000
  endloop
 endfacet
 facet normal 0.000000 -1.000000 0.000000
  outer loop
   vertex -8.778175 6.778175 2.600000
   vertex -6.778175 6.778175 2.900000
   vertex -8.778175 6.778175 2.900000
  endloop
 endfacet
 facet normal 0.000000 1.000000 0.000000
  outer loop
   vertex -8.778175 8.778175 2.600000
   vertex -8.778175 8.778175 2.900000
   vertex -6.778175 8.778175 2.900000
  endloop
 endfacet
 facet normal 0.000000 1.000000 0.000000
  outer loop
   vertex -8.778175 8.778175 2.600000
   vertex -6.778175 8.778175 2.900000
   vertex -6.778175 8.778175 2.600000
  endloop
 endfacet
 facet normal -1.000000 0.000000 0.000000
  outer loop
   vertex -8.778175 6.778175 2.600000
   vertex -8.778175 6.778175 2.900000
   vertex -8.778175 8.778175 2.900000
  endloop
 endfacet
 facet normal -1.000000 0.000000 0.000000
  outer loop
   vertex -8.778175 6.778175 2.600000
   vertex -8.778175 8.778175 2.900000
   vertex -8.778175 8.778175 2.600000
  endloop
 endfacet
 facet normal 1.000000 0.000000 0.000000
  outer loop
   vertex -6.778175 6.778175 2.600000
   vertex -6.778175 8.778175 2.600000
   vertex -6.778175 8.778175 2.900000
  endloop
 endfacet
 facet normal 1.000000 0.000000 0.000000
  outer loop
   vertex -6.778175 6.778175 2.600000
   vertex -6.778175 8.778175 2.900000
   vertex -6.778175 6.778175 2.900000
  endloop
 endfacet
 facet normal 0.000000 0.000000 -1.000000
  outer loop
   vertex -10.526279 4.500000 2.600000
   vertex -10.526279 6.500000 2.600000
   vertex -8.526279 6.500000 2.600000
  endloop
 endfacet
 facet normal 0.000000 0.000000 -1.000000
  outer loop
   vertex -10.526279 4.500000 2.600000
   vertex -8.526279 6.500000 2.600000
   vertex -8.526279 4.500000 2.600000
  endloop
 endfacet
 facet normal 0.000000 0.000000 1.000000
  outer loop
   vertex -10.526279 4.500000 2.900000
   vertex -8.526279 4.500000 2.900000
   vertex -8.526279 6.500000 2.900000
  endloop
 endfacet
 facet normal 0.000000 0.000000 1.000000
  outer loop
   vertex -10.526279 4.500000 2.900000
   vertex -8.526279 6.500000 2.900000
   vertex -10.526279 6.500000 2.900000
  endloop
 endfacet
 facet normal 0.000000 -1.000000 0.000000
  outer loop
   vertex -10.526279 4.500000 2.600000
   vertex -8.526279 4.500000 2.600000
   vertex -8.526279 4.500000 2.900000
  endloop
 endfacet
 facet normal 0.000000 -1.000000 0.000000
  outer loop
   vertex -10.526279 4.500000 2.600000
   vertex -8.526279 4.500000 2.900000
   vertex -10.526279 4.500000 2.900000
  endloop
 endfacet
 facet normal 0.000000 1.000000 0.000000
  outer loop
   vertex -10.526279 6.500000 2.600000
   vertex -10.526279 6.500000 2.900000
   vertex -8.526279 6.500000 2.900000
  endloop
 endfacet
 facet normal 0.000000 1.000000 0.000000
  outer loop
   vertex -10.526279 6.500000 2.600000
   vertex -8.526279 6.500000 2.900000
   vertex -8.526279 6.500000 2.600000
  endloop
 endfacet
 facet normal -1.000000 0.000000 0.000000
  outer loop
   vertex -10.526279 4.500000 2.600000
   vertex -10.526279 4.500000 2.900000
   vertex -10.526279 6.500000 2.900000
  endloop
 endfacet
 facet normal -1.000000 0.000000 0.000000
  outer loop
   vertex -10.526279 4.500000 2.600000
   vertex -10.526279 6.500000 2.900000
   vertex -10.526279 6.500000 2.600000
  endloop
 endfacet
 facet normal 1.000000 0.000000 0.000000
  outer loop
   vertex -8.526279 4.500000 2.600000
   vertex -8.526279 6.500000 2.600000
   vertex -8.526279 6.500000 2.900000
  endloop
 endfacet
 facet normal 1.000000 0.000000 0.000000
  outer loop
   vertex -8.526279 4.500000 2.600000
   vertex -8.526279 6.500000 2.900000
   vertex -8.526279 4.500000 2.900000
  endloop
 endfacet
 facet normal 0.000000 0.000000 -1.000000
  outer loop
   vertex -11.625184 1.847009 2.600000
   vertex -11.625184 3.847009 2.600000
   vertex -9.625184 3.847009 2.600000
  endloop
 endfacet
 facet normal 0.000000 0.000000 -1.000000
  outer loop
   vertex -11.625184 1.847009 2.600000
   vertex -9.625184 3.847009 2.600000
   vertex -9.625184 1.847009 2.600000
  endloop
 endfacet
 facet normal 0.000000 0.000000 1.000000
  outer loop
   vertex -11.625184 1.847009 2.900000
   vertex -9.625184 1.847009 2.900000
   vertex -9.625184 3.847009 2.900000
  endloop
 endfacet
 facet normal 0.000000 0.000000 1.000000
  outer loop
   vertex -11.625184 1.847009 2.900000
   vertex -9.625184 3.847009 2.900000
   vertex -11.625184 3.847009 2.900000
  endloop
 endfacet
 facet normal 0.000000 -1.000000 0.000000
  outer loop
   vertex -11.625184 1.847009 2.600000
   vertex -9.625184 1.847009 2.600000
   vertex -9.625184 1.847009 2.900000
  endloop
 endfacet
 facet normal 0.000000 -1.000000 0.000000
  outer loop
   vertex -11.625184 1.847009 2.600000
   vertex -9.625184 1.847009 2.900000
   vertex -11.625184 1.847009 2.900000
  endloop
 endfacet
 facet normal 0.000000 1.000000 0.000000
  outer loop
   vertex -11.625184 3.847009 2.600000
   vertex -11.625184 3.847009 2.900000
   vertex -9.625184 3.847009 2.900000
  endloop
 endfacet
 facet normal 0.000000 1.000000 0.000000
  outer loop
   vertex -11.625184 3.847009 2.600000
   vertex -9.625184 3.847009 2.900000
   vertex -9.625184 3.847009 2.600000
  endloop
 endfacet
 facet normal -1.000000 0.000000 0.000000
  outer loop
   vertex -11.625184 1.847009 2.600000
   vertex -11.625184 1.847009 2.900000
   vertex -11.625184 3.847009 2.900000
  endloop
 endfacet
 facet normal -1.000000 0.000000 0.000000
  outer loop
   vertex -11.625184 1.847009 2.600000
   vertex -11.625184 3.847009 2.900000
   vertex -11.625184 3.847009 2.600000
  endloop
 endfacet
 facet normal 1.000000 0.000000 0.000000
  outer loop
   vertex -9.625184 1.847009 2.600000
   vertex -9.625184 3.847009 2.600000
   vertex -9.625184 3.847009 2.900000
  endloop
 endfacet
 facet normal 1.000000 0.000000 0.000000
  outer loop
   vertex -9.625184 1.847009 2.600000
   vertex -9.625184 3.847009 2.900000
   vertex -9.625184 1.847009 2.900000
  endloop
 endfacet
 facet normal 0.000000 0.000000 -1.000000
  outer loop
   vertex -12.000000 -1.000000 2.600000
   vertex -12.000000 1.000000 2.600000
   vertex -10.000000 1.000000 2.600000
  endloop
 endfacet
 facet normal 0.000000 0.000000 -1.000000
  outer loop
   vertex -12.000000 -1.000000 2.600000
   vertex -10.000000 1.000000 2.600000
   vertex -10.000000 -1.000000 2.600000
  endloop
 endfacet
 facet normal 0.000000 0.000000 1.000000
  outer loop
   vertex -12.000000 -1.000000 2.900000
   vertex -10.000000 -1.000000 2.900000
   vertex -10.000000 1.000000 2.900000
  endloop
 endfacet
 facet normal 0.000000 0.000000 1.000000
  outer loop
   vertex -12.000000 -1.000000 2.900000
   vertex -10.000000 1.000000 2.900000
   vertex -12.000000 1.000000 2.900000
  endloop
 endfacet
 facet normal 0.000000 -1.000000 0.000000
  outer loop
   vertex -12.000000 -1.000000 2.600000
   vertex -10.000000 -1.000000 2.600000
   vertex -10.000000 -1.000000 2.900000
  endloop
 endfacet
 facet normal 0.000000 -1.000000 0.000000
  outer loop
   vertex -12.000000 -1.000000 2.600000
   vertex -10.000000 -1.000000 2.900000
   vertex -12.000000 -1.000000 2.900000
  endloop
 endfacet
 facet normal 0.000000 1.000000 0.000000
  outer loop
   vertex -12.000000 1.000000 2.600000
   vertex -12.000000 1.000000 2.900000
   vertex -10.000000 1.000000 2.900000
  endloop
 endfacet
 facet normal 0.000000 1.000000 0.000000
  outer loop
   vertex -12.000000 1.000000 2.600000
   vertex -10.000000 1.000000 2.900000
   vertex -10.000000 1.000000 2.600000
  endloop
 endfacet
 facet normal -1.000000 0.000000 0.000000
  outer loop
   vertex -12.000000 -1.000000 2.600000
   vertex -12.000000 -1.000000 2.900000
   vertex -12.000000 1.000000 2.900000
  endloop
 endfacet
 facet normal -1.000000 0.000000 0.000000
  outer loop
   vertex -12.000000 -1.000000 2.600000
   vertex -12.000000 1.000000 2.900000
   vertex -12.000000 1.000000 2.600000
  endloop
 endfacet
 facet normal 1.000000 0.000000 0.000000
  outer loop
   vertex -10.000000 -1.000000 2.600000
   vertex -10.000000 1.000000 2.600000
   vertex -10.000000 1.000000 2.900000
  endloop
 endfacet
 facet normal 1.000000 0.000000 0.000000
  outer loop
   vertex -10.000000 -1.000000 2.600000
   vertex -10.000000 1.000000 2.900000
   vertex -10.000000 -1.000000 2.900000
  endloop
 endfacet
 facet normal 0.000000 0.000000 -1.000000
  outer loop
   vertex -11.625184 -3.847009 2.600000
   vertex -11.625184 -1.847009 2.600000
   vertex -9.625184 -1.847009 2.600000
  endloop
 endfacet
 facet normal 0.000000 0.000000 -1.000000
  outer loop
   vertex -11.625184 -3.847009 2.600000
   vertex -9.625184 -1.847009 2.600000
   vertex -9.625184 -3.847009 2.600000
  endloop
 endfacet
 facet normal 0.000000 0.000000 1.000000
  outer loop
   vertex -11.625184 -3.847009 2.900000
   vertex -9.625184 -3.847009 2.900000
   vertex -9.625184 -1.847009 2.900000
  endloop
 endfacet
 facet normal 0.000000 0.000000 1.000000
  outer loop
   vertex -11.625184 -3.847009 2.900000
   vertex -9.625184 -1.847009 2.900000
   vertex -11.625184 -1.847009 2.900000
  endloop
 endfacet
 facet normal 0.000000 -1.000000 0.000000
  outer loop
   vertex -11.625184 -3.847009 2.600000
   vertex -9.625184 -3.847009 2.600000
   vertex -9.625184 -3.847009 2.900000
  endloop
 endfacet
 facet normal 0.000000 -1.000000 0.000000
  outer loop
   vertex -11.625184 -3.847009 2.600000
   vertex -9.625184 -3.847009 2.900000
   vertex -11.625184 -3.847009 2.900000
  endloop
 endfacet
 facet normal 0.000000 1.000000 0.000000
  outer loop
   vertex -11.625184 -1.847009 2.600000
   vertex -11.625184 -1.847009 2.900000
   vertex -9.625184 -1.847009 2.900000
  endloop
 endfacet
 facet normal 0.000000 1.000000 0.000000
  outer loop
   vertex -11.625184 -1.847009 2.600000
   vertex -9.625184 -1.847009 2.900000
   vertex -9.625184 -1.847009 2.600000
  endloop
 endfacet
 facet normal -1.000000 0.000000 0.000000
  outer loop
   vertex -11.625184 -3.847009 2.600000
   vertex -11.625184 -3.847009 2.900000
   vertex -11.625184 -1.847009 2.900000
  endloop
 endfacet
 facet normal -1.000000 0.000000 0.000000
  outer loop
   vertex -11.625184 -3.847009 2.600000
   vertex -11.625184 -1.847009 2.900000
   vertex -11.625184 -1.847009 2.600000
  endloop
 endfacet
 facet normal 1.000000 0.000000 0.000000
  outer loop
   vertex -9.625184 -3.847009 2.600000
   vertex -9.625184 -1.847009 2.600000
   vertex -9.625184 -1.847009 2.900000
  endloop
 endfacet
 facet normal 1.000000 0.000000 0.000000
  outer loop
   vertex -9.625184 -3.847009 2.600000
   vertex -9.625184 -1.847009 2.900000
   vertex -9.625184 -3.847009 2.900000
  endloop
 endfacet
 facet normal 0.000000 0.000000 -1.000000
  outer loop
   vertex -10.526279 -6.500000 2.600000
   vertex -10.526279 -4.500000 2.600000
   vertex -8.526279 -4.500000 2.600000
  endloop
 endfacet
 facet normal 0.000000 0.000000 -1.000000
  outer loop
   vertex -10.526279 -6.500000 2.600000
   vertex -8.526279 -4.500000 2.600000
   vertex -8.526279 -6.500000 2.600000
  endloop
 endfacet
 facet normal 0.000000 0.000000 1.000000
  outer loop
   vertex -10.526279 -6.500000 2.900000
   vertex -8.526279 -6.500000 2.900000
   vertex -8.526279 -4.500000 2.900000
  endloop
 endfacet
 facet normal 0.000000 0.000000 1.000000
  outer loop
   vertex -10.526279 -6.500000 2.900000
   vertex -8.526279 -4.500000 2.900000
   vertex -10.526279 -4.500000 2.900000
  endloop
 endfacet
 facet normal 0.000000 -1.000000 0.000000
  outer loop
   vertex -10.526279 -6.500000 2.600000
   vertex -8.526279 -6.500000 2.600000
   vertex -8.526279 -6.500000 2.900000
  endloop
 endfacet
 facet normal 0.000000 -1.000000 0.000000
  outer loop
   vertex -10.526279 -6.500000 2.600000
   vertex -8.526279 -6.500000 2.900000
   vertex -10.526279 -6.500000 2.900000
  endloop
 endfacet
 facet normal 0.000000 1.000000 0.000000
  outer loop
   vertex -10.526279 -4.500000 2.600000
   vertex -10.526279 -4.500000 2.900000
   vertex -8.526279 -4.500000 2.900000
  endloop
 endfacet
 facet normal 0.000000 1.000000 0.000000
  outer loop
   vertex -10.526279 -4.500000 2.600000
   vertex -8.526279 -4.500000 2.900000
   vertex -8.526279 -4.500000 2.600000
  endloop
 endfacet
 facet normal -1.000000 0.000000 0.000000
  outer loop
   vertex -10.526279 -6.500000 2.600000
   vertex -10.526279 -6.500000 2.900000
   vertex -10.526279 -4.500000 2.900000
  endloop
 endfacet
 facet normal -1.000000 0.000000 0.000000
  outer loop
   vertex -10.526279 -6.500000 2.600000
   vertex -10.526279 -4.500000 2.900000
   vertex -10.526279 -4.500000 2.600000
  endloop
 endfacet
 facet normal 1.000000 0.000000 0.000000
  outer loop
   vertex -8.526279 -6.500000 2.600000
   vertex -8.526279 -4.500000 2.600000
   vertex -8.526279 -4.500000 2.900000
  endloop
 endfacet
 facet normal 1.000000 0.000000 0.000000
  outer loop
   vertex -8.526279 -6.500000 2.600000
   vertex -8.526279 -4.500000 2.900000
   vertex -8.526279 -6.500000 2.900000
  endloop
 endfacet
 facet normal 0.000000 0.000000 -1.000000
  outer loop
   vertex -8.778175 -8.778175 2.600000
   vertex -8.778175 -6.778175 2.600000
   vertex -6.778175 -6.778175 2.600000
  endloop
 endfacet
 facet normal 0.000000 0.000000 -1.000000
  outer loop
   vertex -8.778175 -8.778175 2.600000
   vertex -6.778175 -6.778175 2.600000
   vertex -6.778175 -8.778175 2.600000
  endloop
 endfacet
 facet normal 0.000000 0.000000 1.000000
  outer loop
   vertex -8.778175 -8.778175 2.900000
   vertex -6.778175 -8.778175 2.900000
   vertex -6.778175 -6.778175 2.900000
  endloop
 endfacet
 facet normal 0.000000 0.000000 1.000000
  outer loop
   vertex -8.778175 -8.778175 2.900000
   vertex -6.778175 -6.778175 2.900000
   vertex -8.778175 -6.778175 2.900000
  endloop
 endfacet
 facet normal 0.000000 -1.000000 0.000000
  outer loop
   vertex -8.778175 -8.778175 2.600000
   vertex -6.778175 -8.778175 2.600000
   vertex -6.778175 -8.778175 2.900000
  endloop
 endfacet
 facet normal 0.000000 -1.000000 0.000000
  outer loop
   vertex -8.778175 -8.778175 2.600000
   vertex -6.778175 -8.778175 2.900000
   vertex -8.778175 -8.778175 2.900000
  endloop
 endfacet
 facet normal 0.000000 1.000000 0.000000
  outer loop
   vertex -8.778175 -6.778175 2.600000
   vertex -8.778175 -6.778175 2.900000
   vertex -6.778175 -6.778175 2.900000
  endloop
 endfacet
 facet normal 0.000000 1.000000 0.000000
  outer loop
   vertex -8.778175 -6.778175 2.600000
   vertex -6.778175 -6.778175 2.900000
   vertex -6.778175 -6.778175 2.600000
  endloop
 endfacet
 facet normal -1.000000 0.000000 0.000000
  outer loop
   vertex -8.778175 -8.778175 2.600000
   vertex -8.778175 -8.778175 2.900000
   vertex -8.778175 -6.778175 2.900000
  endloop
 endfacet
 facet normal -1.000000 0.000000 0.000000
  outer loop
   vertex -8.778175 -8.778175 2.600000
   vertex -8.778175 -6.778175 2.900000
   vertex -8.778175 -6.778175 2.600000
  endloop
 endfacet
 facet normal 1.000000 0.000000 0.000000
  outer loop
   vertex -6.778175 -8.778175 2.600000
   vertex -6.778175 -6.778175 2.600000
   vertex -6.778175 -6.778175 2.900000
  endloop
 endfacet
 facet normal 1.000000 0.000000 0.000000
  outer loop
   vertex -6.778175 -8.778175 2.600000
   vertex -6.778175 -6.778175 2.900000
   vertex -6.778175 -8.778175 2.900000
  endloop
 endfacet
 facet normal 0.000000 0.000000 -1.000000
  outer loop
   vertex -6.500000 -10.526279 2.600000
   vertex -6.500000 -8.526279 2.600000
   vertex -4.500000 -8.526279 2.600000
  endloop
 endfacet
 facet normal 0.000000 0.000000 -1.000000
  outer loop
   vertex -6.500000 -10.526279 2.600000
   vertex -4.500000 -8.526279 2.600000
   vertex -4.500000 -10.526279 2.600000
  endloop
 endfacet
 facet normal 0.000000 0.000000 1.000000
  outer loop
   vertex -6.500000 -10.526279 2.900000
   vertex -4.500000 -10.526279 2.900000
   vertex -4.500000 -8.526279 2.900000
  endloop
 endfacet
 facet normal 0.000000 0.000000 1.000000
  outer loop
   vertex -6.500000 -10.526279 2.900000
   vertex -4.500000 -8.526279 2.900000
   vertex -6.500000 -8.526279 2.900000
  endloop
 endfacet
 facet normal 0.000000 -1.000000 0.000000
  outer loop
   vertex -6.500000 -10.526279 2.600000
   vertex -4.500000 -10.526279 2.600000
   vertex -4.500000 -10.526279 2.900000
  endloop
 endfacet
 facet normal 0.000000 -1.000000 0.000000
  outer loop
   vertex -6.500000 -10.526279 2.600000
   vertex -4.500000 -10.526279 2.900000
   vertex -6.500000 -10.526279 2.900000
  endloop
 endfacet
 facet normal 0.000000 1.000000 0.000000
  outer loop
   vertex -6.500000 -8.526279 2.600000
   vertex -6.500000 -8.526279 2.900000
   vertex -4.500000 -8.526279 2.900000
  endloop
 endfacet
 facet normal 0.000000 1.000000 0.000000
  outer loop
   vertex -6.500000 -8.526279 2.600000
   vertex -4.500000 -8.526279 2.900000
   vertex -4.500000 -8.526279 2.600000
  endloop
 endfacet
 facet normal -1.000000 0.000000 0.000000
  outer loop
   vertex -6.500000 -10.526279 2.600000
   vertex -6.500000 -10.526279 2.900000
   vertex -6.500000 -8.526279 2.900000
  endloop
 endfacet
 facet normal -1.000000 0.000000 0.000000
  outer loop
   vertex -6.500000 -10.526279 2.600000
   vertex -6.500000 -8.526279 2.900000
   vertex -6.500000 -8.526279 2.600000
  endloop
 endfacet
 facet normal 1.000000 0.000000 0.000000
  outer loop
   vertex -4.500000 -10.526279 2.600000
   vertex -4.500000 -8.526279 2.600000
   vertex -4.500000 -8.526279 2.900000
  endloop
 endfacet
 facet normal 1.000000 0.000000 0.000000
  outer loop
   vertex -4.500000 -10.526279 2.600000
   vertex -4.500000 -8.526279 2.900000
   vertex -4.500000 -10.526279 2.900000
  endloop
 endfacet
 facet normal 0.000000 0.000000 -1.000000
  outer loop
   vertex -3.847009 -11.625184 2.600000
   vertex -3.847009 -9.625184 2.600000
   vertex -1.847009 -9.625184 2.600000
  endloop
 endfacet
 facet normal 0.000000 0.000000 -1.000000
  outer loop
   vertex -3.847009 -11.625184 2.600000
   vertex -1.847009 -9.625184 2.600000
   vertex -1.847009 -11.625184 2.600000
  endloop
 endfacet
 facet normal 0.000000 0.000000 1.000000
  outer loop
   vertex -3.847009 -11.625184 2.900000
   vertex -1.847009 -11.625184 2.900000
   vertex -1.847009 -9.625184 2.900000
  endloop
 endfacet
 facet normal 0.000000 0.000000 1.000000
  outer loop
   vertex -3.847009 -11.625184 2.900000
   vertex -1.847009 -9.625184 2.900000
   vertex -3.847009 -9.625184 2.900000
  endloop
 endfacet
 facet normal 0.000000 -1.000000 0.000000
  outer loop
   vertex -3.847009 -11.625184 2.600000
   vertex -1.847009 -11.625184 2.600000
   vertex -1.847009 -11.625184 2.900000
  endloop
 endfacet
 facet normal 0.000000 -1.000000 0.000000
  outer loop
   vertex -3.847009 -11.625184 2.600000
   vertex -1.847009 -11.625184 2.900000
   vertex -3.847009 -11.625184 2.900000
  endloop
 endfacet
 facet normal 0.000000 1.000000 0.000000
  outer loop
   vertex -3.847009 -9.625184 2.600000
   vertex -3.847009 -9.625184 2.900000
   vertex -1.847009 -9.625184 2.900000
  endloop
 endfacet
 facet normal 0.000000 1.000000 0.000000
  outer loop
   vertex -3.847009 -9.625184 2.600000
   vertex -1.847009 -9.625184 2.900000
   vertex -1.847009 -9.625184 2.600000
  endloop
 endfacet
 facet normal -1.000000 0.000000 0.000000
  outer loop
   vertex -3.847009 -11.625184 2.600000
   vertex -3.847009 -11.625184 2.900000
   vertex -3.847009 -9.625184 2.900000
  endloop
 endfacet
 facet normal -1.000000 0.000000 0.000000
  outer loop
   vertex -3.847009 -11.625184 2.600000
   vertex -3.847009 -9.625184 2.900000
   vertex -3.847009 -9.625184 2.600000
  endloop
 endfacet
 facet normal 1.000000 0.000000 0.000000
  outer loop
   vertex -1.847009 -11.625184 2.600000
   vertex -1.847009 -9.625184 2.600000
   vertex -1.847009 -9.625184 2.900000
  endloop
 endfacet
 facet normal 1.000000 0.000000 0.000000
  outer loop
   vertex -1.847009 -11.625184 2.600000
   vertex -1.847009 -9.625184 2.900000
   vertex -1.847009 -11.625184 2.900000
  endloop
 endfacet
 facet normal 0.000000 0.000000 -1.000000
  outer loop
   vertex -1.000000 -12.000000 2.600000
   vertex -1.000000 -10.000000 2.600000
   vertex 1.000000 -10.000000 2.600000
  endloop
 endfacet
 facet normal 0.000000 0.000000 -1.000000
  outer loop
   vertex -1.000000 -12.000000 2.600000
   vertex 1.000000 -10.000000 2.600000
   vertex 1.000000 -12.000000 2.600000
  endloop
 endfacet
 facet normal 0.000000 0.000000 1.000000
  outer loop
   vertex -1.000000 -12.000000 2.900000
   vertex 1.000000 -12.000000 2.900000
   vertex 1.000000 -10.000000 2.900000
  endloop
 endfacet
 facet normal 0.000000 0.000000 1.000000
  outer loop
   vertex -1.000000 -12.000000 2.900000
   vertex 1.000000 -10.000000 2.900000
   vertex -1.000000 -10.000000 2.900000
  endloop
 endfacet
 facet normal 0.000000 -1.000000 0.000000
  outer loop
   vertex -1.000000 -12.000000 2.600000
   vertex 1.000000 -12.000000 2.600000
   vertex 1.000000 -12.000000 2.900000
  endloop
 endfacet
 facet normal 0.000000 -1.000000 0.000000
  outer loop
   vertex -1.000000 -12.000000 2.600000
   vertex 1.000000 -12.000000 2.900000
   vertex -1.000000 -12.000000 2.900000
  endloop
 endfacet
 facet normal 0.000000 1.000000 0.000000
  outer loop
   vertex -1.000000 -10.000000 2.600000
   vertex -1.000000 -10.000000 2.900000
   vertex 1.000000 -10.000000 2.900000
  endloop
 endfacet
 facet normal 0.000000 1.000000 0.000000
  outer loop
   vertex -1.000000 -10.000000 2.600000
   vertex 1.000000 -10.000000 2.900000
   vertex 1.000000 -10.000000 2.600000
  endloop
 endfacet
 facet normal -1.000000 0.000000 0.000000
  outer loop
   vertex -1.000000 -12.000000 2.600000
   vertex -1.000000 -12.000000 2.900000
   vertex -1.000000 -10.000000 2.900000
  endloop
 endfacet
 facet normal -1.000000 0.000000 0.000000
  outer loop
   vertex -1.000000 -12.000000 2.600000
   vertex -1.000000 -10.000000 2.900000
   vertex -1.000000 -10.000000 2.600000
  endloop
 endfacet
 facet normal 1.000000 0.000000 0.000000
  outer loop
   vertex 1.000000 -12.000000 2.600000
   vertex 1.000000 -10.000000 2.600000
   vertex 1.000000 -10.000000 2.900000
  endloop
 endfacet
 facet normal 1.000000 0.000000 0.000000
  outer loop
   vertex 1.000000 -12.000000 2.600000
   vertex 1.000000 -10.000000 2.900000
   vertex 1.000000 -12.000000 2.900000
  endloop
 endfacet
 facet normal 0.000000 0.000000 -1.000000
  outer loop
   vertex 1.847009 -11.625184 2.600000
   vertex 1.847009 -9.625184 2.600000
   vertex 3.847009 -9.625184 2.600000
  endloop
 endfacet
 facet normal 0.000000 0.000000 -1.000000
  outer loop
   vertex 1.847009 -11.625184 2.600000
   vertex 3.847009 -9.625184 2.600000
   vertex 3.847009 -11.625184 2.600000
  endloop
 endfacet
 facet normal 0.000000 0.000000 1.000000
  outer loop
   vertex 1.847009 -11.625184 2.900000
   vertex 3.847009 -11.625184 2.900000
   vertex 3.847009 -9.625184 2.900000
  endloop
 endfacet
 facet normal 0.000000 0.000000 1.000000
  outer loop
   vertex 1.847009 -11.625184 2.900000
   vertex 3.847009 -9.625184 2.900000
   vertex 1.847009 -9.625184 2.900000
  endloop
 endfacet
 facet normal 0.000000 -1.000000 0.000000
  outer loop
   vertex 1.847009 -11.625184 2.600000
   vertex 3.847009 -11.625184 2.600000
   vertex 3.847009 -11.625184 2.900000
  endloop
 endfacet
 facet normal 0.000000 -1.000000 0.000000
  outer loop
   vertex 1.847009 -11.625184 2.600000
   vertex 3.847009 -11.625184 2.900000
   vertex 1.847009 -11.625184 2.900000
  endloop
 endfacet
 facet normal 0.000000 1.000000 0.000000
  outer loop
   vertex 1.847009 -9.625184 2.600000
   vertex 1.847009 -9.625184 2.900000
   vertex 3.847009 -9.625184 2.900000
  endloop
 endfacet
 facet normal 0.000000 1.000000 0.000000
  outer loop
   vertex 1.847009 -9.625184 2.600000
   vertex 3.847009 -9.625184 2.900000
   vertex 3.847009 -9.625184 2.600000
  endloop
 endfacet
 facet normal -1.000000 0.000000 0.000000
  outer loop
   vertex 1.847009 -11.625184 2.600000
   vertex 1.847009 -11.625184 2.900000
   vertex 1.847009 -9.625184 2.900000
  endloop
 endfacet
 facet normal -1.000000 0.000000 0.000000
  outer loop
   vertex 1.847009 -11.625184 2.600000
   vertex 1.847009 -9.625184 2.900000
   vertex 1.847009 -9.625184 2.600000
  endloop
 endfacet
 facet normal 1.000000 0.000000 0.000000
  outer loop
   vertex 3.847009 -11.625184 2.600000
   vertex 3.847009 -9.625184 2.600000
   vertex 3.847009 -9.625184 2.900000
  endloop
 endfacet
 facet normal 1.000000 0.000000 0.000000
  outer loop
   vertex 3.847009 -11.625184 2.600000
   vertex 3.847009 -9.625184 2.900000
   vertex 3.847009 -11.625184 2.900000
  endloop
 endfacet
 facet normal 0.000000 0.000000 -1.000000
  outer loop
   vertex 4.500000 -10.526279 2.600000
   vertex 4.500000 -8.526279 2.600000
   vertex 6.500000 -8.526279 2.600000
  endloop
 endfacet
 facet normal 0.000000 0.000000 -1.000000
  outer loop
   vertex 4.500000 -10.526279 2.600000
   vertex 6.500000 -8.526279 2.600000
   vertex 6.500000 -10.526279 2.600000
  endloop
 endfacet
 facet normal 0.000000 0.000000 1.000000
  outer loop
   vertex 4.500000 -10.526279 2.900000
   vertex 6.500000 -10.526279 2.900000
   vertex 6.500000 -8.526279 2.900000
  endloop
 endfacet
 facet normal 0.000000 0.000000 1.000000
  outer loop
   vertex 4.500000 -10.526279 2.900000
   vertex 6.500000 -8.526279 2.900000
   vertex 4.500000 -8.526279 2.900000
  endloop
 endfacet
 facet normal 0.000000 -1.000000 0.000000
  outer loop
   vertex 4.500000 -10.526279 2.600000
   vertex 6.500000 -10.526279 2.600000
   vertex 6.500000 -10.526279 2.900000
  endloop
 endfacet
 facet normal 0.000000 -1.000000 0.000000
  outer loop
   vertex 4.500000 -10.526279 2.600000
   vertex 6.500000 -10.526279 2.900000
   vertex 4.500000 -10.526279 2.900000
  endloop
 endfacet
 facet normal 0.000000 1.000000 0.000000
  outer loop
   vertex 4.500000 -8.526279 2.600000
   vertex 4.500000 -8.526279 2.900000
   vertex 6.500000 -8.526279 2.900000
  endloop
 endfacet
 facet normal 0.000000 1.000000 0.000000
  outer loop
   vertex 4.500000 -8.526279 2.600000
   vertex 6.500000 -8.526279 2.900000
   vertex 6.500000 -8.526279 2.600000
  endloop
 endfacet
 facet normal -1.000000 0.000000 0.000000
  outer loop
   vertex 4.500000 -10.526279 2.600000
   vertex 4.500000 -10.526279 2.900000
   vertex 4.500000 -8.526279 2.900000
  endloop
 endfacet
 facet normal -1.000000 0.000000 0.000000
  outer loop
   vertex 4.500000 -10.526279 2.600000
   vertex 4.500000 -8.526279 2.900000
   vertex 4.500000 -8.526279 2.600000
  endloop
 endfacet
 facet normal 1.000000 0.000000 0.000000
  outer loop
   vertex 6.500000 -10.526279 2.600000
   vertex 6.500000 -8.526279 2.600000
   vertex 6.500000 -8.526279 2.900000
  endloop
 endfacet
 facet normal 1.000000 0.000000 0.000000
  outer loop
   vertex 6.500000 -10.526279 2.600000
   vertex 6.500000 -8.526279 2.900000
   vertex 6.500000 -10.526279 2.900000
  endloop
 endfacet
 facet normal 0.000000 0.000000 -1.000000
  outer loop
   vertex 6.778175 -8.778175 2.600000
   vertex 6.778175 -6.778175 2.600000
   vertex 8.778175 -6.778175 2.600000
  endloop
 endfacet
 facet normal 0.000000 0.000000 -1.000000
  outer loop
   vertex 6.778175 -8.778175 2.600000
   vertex 8.778175 -6.778175 2.600000
   vertex 8.778175 -8.778175 2.600000
  endloop
 endfacet
 facet normal 0.000000 0.000000 1.000000
  outer loop
   vertex 6.778175 -8.778175 2.900000
   vertex 8.778175 -8.778175 2.900000
   vertex 8.778175 -6.778175 2.900000
  endloop
 endfacet
 facet normal 0.000000 0.000000 1.000000
  outer loop
   vertex 6.778175 -8.778175 2.900000
   vertex 8.778175 -6.778175 2.900000
   vertex 6.778175 -6.778175 2.900000
  endloop
 endfacet
 facet normal 0.000000 -1.000000 0.000000
  outer loop
   vertex 6.778175 -8.778175 2.600000
   vertex 8.778175 -8.778175 2.600000
   vertex 8.778175 -8.778175 2.900000
  endloop
 endfacet
 facet normal 0.000000 -1.000000 0.000000
  outer loop
   vertex 6.778175 -8.778175 2.600000
   vertex 8.778175 -8.778175 2.900000
   vertex 6.778175 -8.778175 2.900000
  endloop
 endfacet
 facet normal 0.000000 1.000000 0.000000
  outer loop
   vertex 6.778175 -6.778175 2.600000
   vertex 6.778175 -6.778175 2.900000
   vertex 8.778175 -6.778175 2.900000
  endloop
 endfacet
 facet normal 0.000000 1.000000 0.000000
  outer loop
   vertex 6.778175 -6.778175 2.600000
   vertex 8.778175 -6.778175 2.900000
   vertex 8.778175 -6.778175 2.600000
  endloop
 endfacet
 facet normal -1.000000 0.000000 0.000000
  outer loop
   vertex 6.778175 -8.778175 2.600000
   vertex 6.778175 -8.778175 2.900000
   vertex 6.778175 -6.778175 2.900000
  endloop
 endfacet
 facet normal -1.000000 0.000000 0.000000
  outer loop
   vertex 6.778175 -8.778175 2.600000
   vertex 6.778175 -6.778175 2.900000
   vertex 6.778175 -6.778175 2.600000
  endloop
 endfacet
 facet normal 1.000000 0.000000 0.000000
  outer loop
   vertex 8.778175 -8.778175 2.600000
   vertex 8.778175 -6.778175 2.600000
   vertex 8.778175 -6.778175 2.900000
  endloop
 endfacet
 facet normal 1.000000 0.000000 0.000000
  outer loop
   vertex 8.778175 -8.778175 2.600000
   vertex 8.778175 -6.778175 2.900000
   vertex 8.778175 -8.778175 2.900000
  endloop
 endfacet
 facet normal 0.000000 0.000000 -1.000000
  outer loop
   vertex 8.526279 -6.500000 2.600000
   vertex 8.526279 -4.500000 2.600000
   vertex 10.526279 -4.500000 2.600000
  endloop
 endfacet
 facet normal 0.000000 0.000000 -1.000000
  outer loop
   vertex 8.526279 -6.500000 2.600000
   vertex 10.526279 -4.500000 2.600000
   vertex 10.526279 -6.500000 2.600000
  endloop
 endfacet
 facet normal 0.000000 0.000000 1.000000
  outer loop
   vertex 8.526279 -6.500000 2.900000
   vertex 10.526279 -6.500000 2.900000
   vertex 10.526279 -4.500000 2.900000
  endloop
 endfacet
 facet normal 0.000000 0.000000 1.000000
  outer loop
   vertex 8.526279 -6.500000 2.900000
   vertex 10.526279 -4.500000 2.900000
   vertex 8.526279 -4.500000 2.900000
  endloop
 endfacet
 facet normal 0.000000 -1.000000 0.000000
  outer loop
   vertex 8.526279 -6.500000 2.600000
   vertex 10.526279 -6.500000 2.600000
   vertex 10.526279 -6.500000 2.900000
  endloop
 endfacet
 facet normal 0.000000 -1.000000 0.000000
  outer loop
   vertex 8.526279 -6.500000 2.600000
   vertex 10.526279 -6.500000 2.900000
   vertex 8.526279 -6.500000 2.900000
  endloop
 endfacet
 facet normal 0.000000 1.000000 0.000000
  outer loop
   vertex 8.526279 -4.500000 2.600000
   vertex 8.526279 -4.500000 2.900000
   vertex 10.526279 -4.500000 2.900000
  endloop
 endfacet
 facet normal 0.000000 1.000000 0.000000
  outer loop
   vertex 8.526279 -4.500000 2.600000
   vertex 10.526279 -4.500000 2.900000
   vertex 10.526279 -4.500000 2.600000
  endloop
 endfacet
 facet normal -1.000000 0.000000 0.000000
  outer loop
   vertex 8.526279 -6.500000 2.600000
   vertex 8.526279 -6.500000 2.900000
   vertex 8.526279 -4.500000 2.900000
  endloop
 endfacet
 facet normal -1.000000 0.000000 0.000000
  outer loop
   vertex 8.526279 -6.500000 2.600000
   vertex 8.526279 -4.500000 2.900000
   vertex 8.526279 -4.500000 2.600000
  endloop
 endfacet
 facet normal 1.000000 0.000000 0.000000
  outer loop
   vertex 10.526279 -6.500000 2.600000
   vertex 10.526279 -4.500000 2.600000
   vertex 10.526279 -4.500000 2.900000
  endloop
 endfacet
 facet normal 1.000000 0.000000 0.000000
  outer loop
   vertex 10.526279 -6.500000 2.600000
   vertex 10.526279 -4.500000 2.900000
   vertex 10.526279 -6.500000 2.900000
  endloop
 endfacet
 facet normal 0.000000 0.000000 -1.000000
  outer loop
   vertex 9.625184 -3.847009 2.600000
   vertex 9.625184 -1.847009 2.600000
   vertex 11.625184 -1.847009 2.600000
  endloop
 endfacet
 facet normal 0.000000 0.000000 -1.000000
  outer loop
   vertex 9.625184 -3.847009 2.600000
   vertex 11.625184 -1.847009 2.600000
   vertex 11.625184 -3.847009 2.600000
  endloop
 endfacet
 facet normal 0.000000 0.000000 1.000000
  outer loop
   vertex 9.625184 -3.847009 2.900000
   vertex 11.625184 -3.847009 2.900000
   vertex 11.625184 -1.847009 2.900000
  endloop
 endfacet
 facet normal 0.000000 0.000000 1.000000
  outer loop
   vertex 9.625184 -3.847009 2.900000
   vertex 11.625184 -1.847009 2.900000
   vertex 9.625184 -1.847009 2.900000
  endloop
 endfacet
 facet normal 0.000000 -1.000000 0.000000
  outer loop
   vertex 9.625184 -3.847009 2.600000
   vertex 11.625184 -3.847009 2.600000
   vertex 11.625184 -3.847009 2.900000
  endloop
 endfacet
 facet normal 0.000000 -1.000000 0.000000
  outer loop
   vertex 9.625184 -3.847009 2.600000
   vertex 11.625184 -3.847009 2.900000
   vertex 9.625184 -3.847009 2.900000
  endloop
 endfacet
 facet normal 0.000000 1.000000 0.000000
  outer loop
   vertex 9.625184 -1.847009 2.600000
   vertex 9.625184 -1.847009 2.900000
   vertex 11.625184 -1.847009 2.900000
  endloop
 endfacet
 facet normal 0.000000 1.000000 0.000000
  outer loop
   vertex 9.625184 -1.847009 2.600000
   vertex 11.625184 -1.847009 2.900000
   vertex 11.625184 -1.847009 2.600000
  endloop
 endfacet
 facet normal -1.000000 0.000000 0.000000
  outer loop
   vertex 9.625184 -3.847009 2.600000
   vertex 9.625184 -3.847009 2.900000
   vertex 9.625184 -1.847009 2.900000
  endloop
 endfacet
 facet normal -1.000000 0.000000 0.000000
  outer loop
   vertex 9.625184 -3.847009 2.600000
   vertex 9.625184 -1.847009 2.900000
   vertex 9.625184 -1.847009 2.600000
  endloop
 endfacet
 facet normal 1.000000 0.000000 0.000000
  outer loop
   vertex 11.625184 -3.847009 2.600000
   vertex 11.625184 -1.847009 2.600000
   vertex 11.625184 -1.847009 2.900000
  endloop
 endfacet
 facet normal 1.000000 0.000000 0.000000
  outer loop
   vertex 11.625184 -3.847009 2.600000
   vertex 11.625184 -1.847009 2.900000
   vertex 11.625184 -3.847009 2.900000
  endloop
 endfacet
 facet normal 0.000000 0.000000 -1.000000
  outer loop
   vertex -52.800000 -3.960000 5.200000
   vertex -52.800000 -3.360000 5.200000
   vertex -52.200000 -3.360000 5.200000
  endloop
 endfacet
 facet normal 0.000000 0.000000 -1.000000
  outer loop
   vertex -52.800000 -3.960000 5.200000
   vertex -52.200000 -3.360000 5.200000
   vertex -52.200000 -3.960000 5.200000
  endloop
 endfacet
 facet normal 0.000000 0.000000 1.000000
  outer loop
   vertex -52.800000 -3.960000 7.200000
   vertex -52.200000 -3.960000 7.200000
   vertex -52.200000 -3.360000 7.200000
  endloop
 endfacet
 facet normal 0.000000 0.000000 1.000000
  outer loop
   vertex -52.800000 -3.960000 7.200000
   vertex -52.200000 -3.360000 7.200000
   vertex -52.800000 -3.360000 7.200000
  endloop
 endfacet
 facet normal 0.000000 -1.000000 0.000000
  outer loop
   vertex -52.800000 -3.960000 5.200000
   vertex -52.200000 -3.960000 5.200000
   vertex -52.200000 -3.960000 7.200000
  endloop
 endfacet
 facet normal 0.000000 -1.000000 0.000000
  outer loop
   vertex -52.800000 -3.960000 5.200000
   vertex -52.200000 -3.960000 7.200000
   vertex -52.800000 -3.960000 7.200000
  endloop
 endfacet
 facet normal 0.000000 1.000000 0.000000
  outer loop
   vertex -52.800000 -3.360000 5.200000
   vertex -52.800000 -3.360000 7.200000
   vertex -52.200000 -3.360000 7.200000
  endloop
 endfacet
 facet normal 0.000000 1.000000 0.000000
  outer loop
   vertex -52.800000 -3.360000 5.200000
   vertex -52.200000 -3.360000 7.200000
   vertex -52.200000 -3.360000 5.200000
  endloop
 endfacet
 facet normal -1.000000 0.000000 0.000000
  outer loop
   vertex -52.800000 -3.960000 5.200000
   vertex -52.800000 -3.960000 7.200000
   vertex -52.800000 -3.360000 7.200000
  endloop
 endfacet
 facet normal -1.000000 0.000000 0.000000
  outer loop
   vertex -52.800000 -3.960000 5.200000
   vertex -52.800000 -3.360000 7.200000
   vertex -52.800000 -3.360000 5.200000
  endloop
 endfacet
 facet normal 1.000000 0.000000 0.000000
  outer loop
   vertex -52.200000 -3.960000 5.200000
   vertex -52.200000 -3.360000 5.200000
   vertex -52.200000 -3.360000 7.200000
  endloop
 endfacet
 facet normal 1.000000 0.000000 0.000000
  outer loop
   vertex -52.200000 -3.960000 5.200000
   vertex -52.200000 -3.360000 7.200000
   vertex -52.200000 -3.960000 7.200000
  endloop
 endfacet
 facet normal 0.000000 0.000000 -1.000000
  outer loop
   vertex -52.800000 3.360000 5.200000
   vertex -52.800000 3.960000 5.200000
   vertex -52.200000 3.960000 5.200000
  endloop
 endfacet
 facet normal 0.000000 0.000000 -1.000000
  outer loop
   vertex -52.800000 3.360000 5.200000
   vertex -52.200000 3.960000 5.200000
   vertex -52.200000 3.360000 5.200000
  endloop
 endfacet
 facet normal 0.000000 0.000000 1.000000
  outer loop
   vertex -52.800000 3.360000 7.200000
   vertex -52.200000 3.360000 7.200000
   vertex -52.200000 3.960000 7.200000
  endloop
 endfacet
 facet normal 0.000000 0.000000 1.000000
  outer loop
   vertex -52.800000 3.360000 7.200000
   vertex -52.200000 3.960000 7.200000
   vertex -52.800000 3.960000 7.200000
  endloop
 endfacet
 facet normal 0.000000 -1.000000 0.000000
  outer loop
   vertex -52.800000 3.360000 5.200000
   vertex -52.200000 3.360000 5.200000
   vertex -52.200000 3.360000 7.200000
  endloop
 endfacet
 facet normal 0.000000 -1.000000 0.000000
  outer loop
   vertex -52.800000 3.360000 5.200000
   vertex -52.200000 3.360000 7.200000
   vertex -52.800000 3.360000 7.200000
  endloop
 endfacet
 facet normal 0.000000 1.000000 0.000000
  outer loop
   vertex -52.800000 3.960000 5.200000
   vertex -52.800000 3.960000 7.200000
   vertex -52.200000 3.960000 7.200000
  endloop
 endfacet
 facet normal 0.000000 1.000000 0.000000
  outer loop
   vertex -52.800000 3.960000 5.200000
   vertex -52.200000 3.960000 7.200000
   vertex -52.200000 3.960000 5.200000
  endloop
 endfacet
 facet normal -1.000000 0.000000 0.000000
  outer loop
   vertex -52.800000 3.360000 5.200000
   vertex -52.800000 3.360000 7.200000
   vertex -52.800000 3.960000 7.200000
  endloop
 endfacet
 facet normal -1.000000 0.000000 0.000000
  outer loop
   vertex -52.800000 3.360000 5.200000
   vertex -52.800000 3.960000 7.200000
   vertex -52.800000 3.960000 5.200000
  endloop
 endfacet
 facet normal 1.000000 0.000000 0.000000
  outer loop
   vertex -52.200000 3.360000 5.200000
   vertex -52.200000 3.960000 5.200000
   vertex -52.200000 3.960000 7.200000
  endloop
 endfacet
 facet normal 1.000000 0.000000 0.000000
  outer loop
   vertex -52.200000 3.360000 5.200000
   vertex -52.200000 3.960000 7.200000
   vertex -52.200000 3.360000 7.200000
  endloop
 endfacet
 facet normal 0.000000 0.000000 -1.000000
  outer loop
   vertex -52.800000 -3.960000 4.600000
   vertex -52.800000 3.960000 4.600000
   vertex -52.200000 3.960000 4.600000
  endloop
 endfacet
 facet normal 0.000000 0.000000 -1.000000
  outer loop
   vertex -52.800000 -3.960000 4.600000
   vertex -52.200000 3.960000 4.600000
   vertex -52.200000 -3.960000 4.600000
  endloop
 endfacet
 facet normal 0.000000 0.000000 1.000000
  outer loop
   vertex -52.800000 -3.960000 5.200000
   vertex -52.200000 -3.960000 5.200000
   vertex -52.200000 3.960000 5.200000
  endloop
 endfacet
 facet normal 0.000000 0.000000 1.000000
  outer loop
   vertex -52.800000 -3.960000 5.200000
   vertex -52.200000 3.960000 5.200000
   vertex -52.800000 3.960000 5.200000
  endloop
 endfacet
 facet normal 0.000000 -1.000000 0.000000
  outer loop
   vertex -52.800000 -3.960000 4.600000
   vertex -52.200000 -3.960000 4.600000
   vertex -52.200000 -3.960000 5.200000
  endloop
 endfacet
 facet normal 0.000000 -1.000000 0.000000
  outer loop
   vertex -52.800000 -3.960000 4.600000
   vertex -52.200000 -3.960000 5.200000
   vertex -52.800000 -3.960000 5.200000
  endloop
 endfacet
 facet normal 0.000000 1.000000 0.000000
  outer loop
   vertex -52.800000 3.960000 4.600000
   vertex -52.800000 3.960000 5.200000
   vertex -52.200000 3.960000 5.200000
  endloop
 endfacet
 facet normal 0.000000 1.000000 0.000000
  outer loop
   vertex -52.800000 3.960000 4.600000
   vertex -52.200000 3.960000 5.200000
   vertex -52.200000 3.960000 4.600000
  endloop
 endfacet
 facet normal -1.000000 0.000000 0.000000
  outer loop
   vertex -52.800000 -3.960000 4.600000
   vertex -52.800000 -3.960000 5.200000
   vertex -52.800000 3.960000 5.200000
  endloop
 endfacet
 facet normal -1.000000 0.000000 0.000000
  outer loop
   vertex -52.800000 -3.960000 4.600000
   vertex -52.800000 3.960000 5.200000
   vertex -52.800000 3.960000 4.600000
  endloop
 endfacet
 facet normal 1.000000 0.000000 0.000000
  outer loop
   vertex -52.200000 -3.960000 4.600000
   vertex -52.200000 3.960000 4.600000
   vertex -52.200000 3.960000 5.200000
  endloop
 endfacet
 facet normal 1.000000 0.000000 0.000000
  outer loop
   vertex -52.200000 -3.960000 4.600000
   vertex -52.200000 3.960000 5.200000
   vertex -52.200000 -3.960000 5.200000
  endloop
 endfacet
 facet normal 0.000000 0.000000 -1.000000
  outer loop
   vertex -54.650000 -3.660000 2.600000
   vertex -54.650000 3.660000 2.600000
   vertex -54.350000 3.660000 2.600000
  endloop
 endfacet
 facet normal 0.000000 0.000000 -1.000000
  outer loop
   vertex -54.650000 -3.660000 2.600000
   vertex -54.350000 3.660000 2.600000
   vertex -54.350000 -3.660000 2.600000
  endloop
 endfacet
 facet normal 0.000000 0.000000 1.000000
  outer loop
   vertex -54.650000 -3.660000 6.600000
   vertex -54.350000 -3.660000 6.600000
   vertex -54.350000 3.660000 6.600000
  endloop
 endfacet
 facet normal 0.000000 0.000000 1.000000
  outer loop
   vertex -54.650000 -3.660000 6.600000
   vertex -54.350000 3.660000 6.600000
   vertex -54.650000 3.660000 6.600000
  endloop
 endfacet
 facet normal 0.000000 -1.000000 0.000000
  outer loop
   vertex -54.650000 -3.660000 2.600000
   vertex -54.350000 -3.660000 2.600000
   vertex -54.350000 -3.660000 6.600000
  endloop
 endfacet
 facet normal 0.000000 -1.000000 0.000000
  outer loop
   vertex -54.650000 -3.660000 2.600000
   vertex -54.350000 -3.660000 6.600000
   vertex -54.650000 -3.660000 6.600000
  endloop
 endfacet
 facet normal 0.000000 1.000000 0.000000
  outer loop
   vertex -54.650000 3.660000 2.600000
   vertex -54.650000 3.660000 6.600000
   vertex -54.350000 3.660000 6.600000
  endloop
 endfacet
 facet normal 0.000000 1.000000 0.000000
  outer loop
   vertex -54.650000 3.660000 2.600000
   vertex -54.350000 3.660000 6.600000
   vertex -54.350000 3.660000 2.600000
  endloop
 endfacet
 facet normal -1.000000 0.000000 0.000000
  outer loop
   vertex -54.650000 -3.660000 2.600000
   vertex -54.650000 -3.660000 6.600000
   vertex -54.650000 3.660000 6.600000
  endloop
 endfacet
 facet normal -1.000000 0.000000 0.000000
  outer loop
   vertex -54.650000 -3.660000 2.600000
   vertex -54.650000 3.660000 6.600000
   vertex -54.650000 3.660000 2.600000
  endloop
 endfacet
 facet normal 1.000000 0.000000 0.000000
  outer loop
   vertex -54.350000 -3.660000 2.600000
   vertex -54.350000 3.660000 2.600000
   vertex -54.350000 3.660000 6.600000
  endloop
 endfacet
 facet normal 1.000000 0.000000 0.000000
  outer loop
   vertex -54.350000 -3.660000 2.600000
   vertex -54.350000 3.660000 6.600000
   vertex -54.350000 -3.660000 6.600000
  endloop
 endfacet
 facet normal 0.000000 0.000000 -1.000000
  outer loop
   vertex -54.500000 -3.660000 6.600000
   vertex -54.500000 3.660000 6.600000
   vertex -52.500000 3.660000 6.600000
  endloop
 endfacet
 facet normal 0.000000 0.000000 -1.000000
  outer loop
   vertex -54.500000 -3.660000 6.600000
   vertex -52.500000 3.660000 6.600000
   vertex -52.500000 -3.660000 6.600000
  endloop
 endfacet
 facet normal 0.000000 0.000000 1.000000
  outer loop
   vertex -54.500000 -3.660000 6.900000
   vertex -52.500000 -3.660000 6.900000
   vertex -52.500000 3.660000 6.900000
  endloop
 endfacet
 facet normal 0.000000 0.000000 1.000000
  outer loop
   vertex -54.500000 -3.660000 6.900000
   vertex -52.500000 3.660000 6.900000
   vertex -54.500000 3.660000 6.900000
  endloop
 endfacet
 facet normal 0.000000 -1.000000 0.000000
  outer loop
   vertex -54.500000 -3.660000 6.600000
   vertex -52.500000 -3.660000 6.600000
   vertex -52.500000 -3.660000 6.900000
  endloop
 endfacet
 facet normal 0.000000 -1.000000 0.000000
  outer loop
   vertex -54.500000 -3.660000 6.600000
   vertex -52.500000 -3.660000 6.900000
   vertex -54.500000 -3.660000 6.900000
  endloop
 endfacet
 facet normal 0.000000 1.000000 0.000000
  outer loop
   vertex -54.500000 3.660000 6.600000
   vertex -54.500000 3.660000 6.900000
   vertex -52.500000 3.660000 6.900000
  endloop
 endfacet
 facet normal 0.000000 1.000000 0.000000
  outer loop
   vertex -54.500000 3.660000 6.600000
   vertex -52.500000 3.660000 6.900000
   vertex -52.500000 3.660000 6.600000
  endloop
 endfacet
 facet normal -1.000000 0.000000 0.000000
  outer loop
   vertex -54.500000 -3.660000 6.600000
   vertex -54.500000 -3.660000 6.900000
   vertex -54.500000 3.660000 6.900000
  endloop
 endfacet
 facet normal -1.000000 0.000000 0.000000
  outer loop
   vertex -54.500000 -3.660000 6.600000
   vertex -54.500000 3.660000 6.900000
   vertex -54.500000 3.660000 6.600000
  endloop
 endfacet
 facet normal 1.000000 0.000000 0.000000
  outer loop
   vertex -52.500000 -3.660000 6.600000
   vertex -52.500000 3.660000 6.600000
   vertex -52.500000 3.660000 6.900000
  endloop
 endfacet
 facet normal 1.000000 0.000000 0.000000
  outer loop
   vertex -52.500000 -3.660000 6.600000
   vertex -52.500000 3.660000 6.900000
   vertex -52.500000 -3.660000 6.900000
  endloop
 endfacet
 facet normal 0.000000 0.000000 -1.000000
  outer loop
   vertex 52.200000 -3.960000 5.200000
   vertex 52.200000 -3.360000 5.200000
   vertex 52.800000 -3.360000 5.200000
  endloop
 endfacet
 facet normal 0.000000 0.000000 -1.000000
  outer loop
   vertex 52.200000 -3.960000 5.200000
   vertex 52.800000 -3.360000 5.200000
   vertex 52.800000 -3.960000 5.200000
  endloop
 endfacet
 facet normal 0.000000 0.000000 1.000000
  outer loop
   vertex 52.200000 -3.960000 7.200000
   vertex 52.800000 -3.960000 7.200000
   vertex 52.800000 -3.360000 7.200000
  endloop
 endfacet
 facet normal 0.000000 0.000000 1.000000
  outer loop
   vertex 52.200000 -3.960000 7.200000
   vertex 52.800000 -3.360000 7.200000
   vertex 52.200000 -3.360000 7.200000
  endloop
 endfacet
 facet normal 0.000000 -1.000000 0.000000
  outer loop
   vertex 52.200000 -3.960000 5.200000
   vertex 52.800000 -3.960000 5.200000
   vertex 52.800000 -3.960000 7.200000
  endloop
 endfacet
 facet normal 0.000000 -1.000000 0.000000
  outer loop
   vertex 52.200000 -3.960000 5.200000
   vertex 52.800000 -3.960000 7.200000
   vertex 52.200000 -3.960000 7.200000
  endloop
 endfacet
 facet normal 0.000000 1.000000 0.000000
  outer loop
   vertex 52.200000 -3.360000 5.200000
   vertex 52.200000 -3.360000 7.200000
   vertex 52.800000 -3.360000 7.200000
  endloop
 endfacet
 facet normal 0.000000 1.000000 0.000000
  outer loop
   vertex 52.200000 -3.360000 5.200000
   vertex 52.800000 -3.360000 7.200000
   vertex 52.800000 -3.360000 5.200000
  endloop
 endfacet
 facet normal -1.000000 0.000000 0.000000
  outer loop
   vertex 52.200000 -3.960000 5.200000
   vertex 52.200000 -3.960000 7.200000
   vertex 52.200000 -3.360000 7.200000
  endloop
 endfacet
 facet normal -1.000000 0.000000 0.000000
  outer loop
   vertex 52.200000 -3.960000 5.200000
   vertex 52.200000 -3.360000 7.200000
   vertex 52.200000 -3.360000 5.200000
  endloop
 endfacet
 facet normal 1.000000 0.000000 0.000000
  outer loop
   vertex 52.800000 -3.960000 5.200000
   vertex 52.800000 -3.360000 5.200000
   vertex 52.800000 -3.360000 7.200000
  endloop
 endfacet
 facet normal 1.000000 0.000000 0.000000
  outer loop
   vertex 52.800000 -3.960000 5.200000
   vertex 52.800000 -3.360000 7.200000
   vertex 52.800000 -3.960000 7.200000
  endloop
 endfacet
 facet normal 0.000000 0.000000 -1.000000
  outer loop
   vertex 52.200000 3.360000 5.200000
   vertex 52.200000 3.960000 5.200000
   vertex 52.800000 3.960000 5.200000
  endloop
 endfacet
 facet normal 0.000000 0.000000 -1.000000
  outer loop
   vertex 52.200000 3.360000 5.200000
   vertex 52.800000 3.960000 5.200000
   vertex 52.800000 3.360000 5.200000
  endloop
 endfacet
 facet normal 0.000000 0.000000 1.000000
  outer loop
   vertex 52.200000 3.360000 7.200000
   vertex 52.800000 3.360000 7.200000
   vertex 52.800000 3.960000 7.200000
  endloop
 endfacet
 facet normal 0.000000 0.000000 1.000000
  outer loop
   vertex 52.200000 3.360000 7.200000
   vertex 52.800000 3.960000 7.200000
   vertex 52.200000 3.960000 7.200000
  endloop
 endfacet
 facet normal 0.000000 -1.000000 0.000000
  outer loop
   vertex 52.200000 3.360000 5.200000
   vertex 52.800000 3.360000 5.200000
   vertex 52.800000 3.360000 7.200000
  endloop
 endfacet
 facet normal 0.000000 -1.000000 0.000000
  outer loop
   vertex 52.200000 3.360000 5.200000
   vertex 52.800000 3.360000 7.200000
   vertex 52.200000 3.360000 7.200000
  endloop
 endfacet
 facet normal 0.000000 1.000000 0.000000
  outer loop
   vertex 52.200000 3.960000 5.200000
   vertex 52.200000 3.960000 7.200000
   vertex 52.800000 3.960000 7.200000
  endloop
 endfacet
 facet normal 0.000000 1.000000 0.000000
  outer loop
   vertex 52.200000 3.960000 5.200000
   vertex 52.800000 3.960000 7.200000
   vertex 52.800000 3.960000 5.200000
  endloop
 endfacet
 facet normal -1.000000 0.000000 0.000000
  outer loop
   vertex 52.200000 3.360000 5.200000
   vertex 52.200000 3.360000 7.200000
   vertex 52.200000 3.960000 7.200000
  endloop
 endfacet
 facet normal -1.000000 0.000000 0.000000
  outer loop
   vertex 52.200000 3.360000 5.200000
   vertex 52.200000 3.960000 7.200000
   vertex 52.200000 3.960000 5.200000
  endloop
 endfacet
 facet normal 1.000000 0.000000 0.000000
  outer loop
   vertex 52.800000 3.360000 5.200000
   vertex 52.800000 3.960000 5.200000
   vertex 52.800000 3.960000 7.200000
  endloop
 endfacet
 facet normal 1.000000 0.000000 0.000000
  outer loop
   vertex 52.800000 3.360000 5.200000
   vertex 52.800000 3.960000 7.200000
   vertex 52.800000 3.360000 7.200000
  endloop
 endfacet
 facet normal 0.000000 0.000000 -1.000000
  outer loop
   vertex 52.200000 -3.960000 4.600000
   vertex 52.200000 3.960000 4.600000
   vertex 52.800000 3.960000 4.600000
  endloop
 endfacet
 facet normal 0.000000 0.000000 -1.000000
  outer loop
   vertex 52.200000 -3.960000 4.600000
   vertex 52.800000 3.960000 4.600000
   vertex 52.800000 -3.960000 4.600000
  endloop
 endfacet
 facet normal 0.000000 0.000000 1.000000
  outer loop
   vertex 52.200000 -3.960000 5.200000
   vertex 52.800000 -3.960000 5.200000
   vertex 52.800000 3.960000 5.200000
  endloop
 endfacet
 facet normal 0.000000 0.000000 1.000000
  outer loop
   vertex 52.200000 -3.960000 5.200000
   vertex 52.800000 3.960000 5.200000
   vertex 52.200000 3.960000 5.200000
  endloop
 endfacet
 facet normal 0.000000 -1.000000 0.000000
  outer loop
   vertex 52.200000 -3.960000 4.600000
   vertex 52.800000 -3.960000 4.600000
   vertex 52.800000 -3.960000 5.200000
  endloop
 endfacet
 facet normal 0.000000 -1.000000 0.000000
  outer loop
   vertex 52.200000 -3.960000 4.600000
   vertex 52.800000 -3.960000 5.200000
   vertex 52.200000 -3.960000 5.200000
  endloop
 endfacet
 facet normal 0.000000 1.000000 0.000000
  outer loop
   vertex 52.200000 3.960000 4.600000
   vertex 52.200000 3.960000 5.200000
   vertex 52.800000 3.960000 5.200000
  endloop
 endfacet
 facet normal 0.000000 1.000000 0.000000
  outer loop
   vertex 52.200000 3.960000 4.600000
   vertex 52.800000 3.960000 5.200000
   vertex 52.800000 3.960000 4.600000
  endloop
 endfacet
 facet normal -1.000000 0.000000 0.000000
  outer loop
   vertex 52.200000 -3.960000 4.600000
   vertex 52.200000 -3.960000 5.200000
   vertex 52.200000 3.960000 5.200000
  endloop
 endfacet
 facet normal -1.000000 0.000000 0.000000
  outer loop
   vertex 52.200000 -3.960000 4.600000
   vertex 52.200000 3.960000 5.200000
   vertex 52.200000 3.960000 4.600000
  endloop
 endfacet
 facet normal 1.000000 0.000000 0.000000
  outer loop
   vertex 52.800000 -3.960000 4.600000
   vertex 52.800000 3.960000 4.600000
   vertex 52.800000 3.960000 5.200000
  endloop
 endfacet
 facet normal 1.000000 0.000000 0.000000
  outer loop
   vertex 52.800000 -3.960000 4.600000
   vertex 52.800000 3.960000 5.200000
   vertex 52.800000 -3.960000 5.200000
  endloop
 endfacet
 facet normal 0.000000 0.000000 -1.000000
  outer loop
   vertex 54.350000 -3.660000 2.600000
   vertex 54.350000 3.660000 2.600000
   vertex 54.650000 3.660000 2.600000
  endloop
 endfacet
 facet normal 0.000000 0.000000 -1.000000
  outer loop
   vertex 54.350000 -3.660000 2.600000
   vertex 54.650000 3.660000 2.600000
   vertex 54.650000 -3.660000 2.600000
  endloop
 endfacet
 facet normal 0.000000 0.000000 1.000000
  outer loop
   vertex 54.350000 -3.660000 6.600000
   vertex 54.650000 -3.660000 6.600000
   vertex 54.650000 3.660000 6.600000
  endloop
 endfacet
 facet normal 0.000000 0.000000 1.000000
  outer loop
   vertex 54.350000 -3.660000 6.600000
   vertex 54.650000 3.660000 6.600000
   vertex 54.350000 3.660000 6.600000
  endloop
 endfacet
 facet normal 0.000000 -1.000000 0.000000
  outer loop
   vertex 54.350000 -3.660000 2.600000
   vertex 54.650000 -3.660000 2.600000
   vertex 54.650000 -3.660000 6.600000
  endloop
 endfacet
 facet normal 0.000000 -1.000000 0.000000
  outer loop
   vertex 54.350000 -3.660000 2.600000
   vertex 54.650000 -3.660000 6.600000
   vertex 54.350000 -3.660000 6.600000
  endloop
 endfacet
 facet normal 0.000000 1.000000 0.000000
  outer loop
   vertex 54.350000 3.660000 2.600000
   vertex 54.350000 3.660000 6.600000
   vertex 54.650000 3.660000 6.600000
  endloop
 endfacet
 facet normal 0.000000 1.000000 0.000000
  outer loop
   vertex 54.350000 3.660000 2.600000
   vertex 54.650000 3.660000 6.600000
   vertex 54.650000 3.660000 2.600000
  endloop
 endfacet
 facet normal -1.000000 0.000000 0.000000
  outer loop
   vertex 54.350000 -3.660000 2.600000
   vertex 54.350000 -3.660000 6.600000
   vertex 54.350000 3.660000 6.600000
  endloop
 endfacet
 facet normal -1.000000 0.000000 0.000000
  outer loop
   vertex 54.350000 -3.660000 2.600000
   vertex 54.350000 3.660000 6.600000
   vertex 54.350000 3.660000 2.600000
  endloop
 endfacet
 facet normal 1.000000 0.000000 0.000000
  outer loop
   vertex 54.650000 -3.660000 2.600000
   vertex 54.650000 3.660000 2.600000
   vertex 54.650000 3.660000 6.600000
  endloop
 endfacet
 facet normal 1.000000 0.000000 0.000000
  outer loop
   vertex 54.650000 -3.660000 2.600000
   vertex 54.650000 3.660000 6.600000
   vertex 54.650000 -3.660000 6.600000
  endloop
 endfacet
 facet normal 0.000000 0.000000 -1.000000
  outer loop
   vertex 52.500000 -3.660000 6.600000
   vertex 52.500000 3.660000 6.600000
   vertex 54.500000 3.660000 6.600000
  endloop
 endfacet
 facet normal 0.000000 0.000000 -1.000000
  outer loop
   vertex 52.500000 -3.660000 6.600000
   vertex 54.500000 3.660000 6.600000
   vertex 54.500000 -3.660000 6.600000
  endloop
 endfacet
 facet normal 0.000000 0.000000 1.000000
  outer loop
   vertex 52.500000 -3.660000 6.900000
   vertex 54.500000 -3.660000 6.900000
   vertex 54.500000 3.660000 6.900000
  endloop
 endfacet
 facet normal 0.000000 0.000000 1.000000
  outer loop
   vertex 52.500000 -3.660000 6.900000
   vertex 54.500000 3.660000 6.900000
   vertex 52.500000 3.660000 6.900000
  endloop
 endfacet
 facet normal 0.000000 -1.000000 0.000000
  outer loop
   vertex 52.500000 -3.660000 6.600000
   vertex 54.500000 -3.660000 6.600000
   vertex 54.500000 -3.660000 6.900000
  endloop
 endfacet
 facet normal 0.000000 -1.000000 0.000000
  outer loop
   vertex 52.500000 -3.660000 6.600000
   vertex 54.500000 -3.660000 6.900000
   vertex 52.500000 -3.660000 6.900000
  endloop
 endfacet
 facet normal 0.000000 1.000000 0.000000
  outer loop
   vertex 52.500000 3.660000 6.600000
   vertex 52.500000 3.660000 6.900000
   vertex 54.500000 3.660000 6.900000
  endloop
 endfacet
 facet normal 0.000000 1.000000 0.000000
  outer loop
   vertex 52.500000 3.660000 6.600000
   vertex 54.500000 3.660000 6.900000
   vertex 54.500000 3.660000 6.600000
  endloop
 endfacet
 facet normal -1.000000 0.000000 0.000000
  outer loop
   vertex 52.500000 -3.660000 6.600000
   vertex 52.500000 -3.660000 6.900000
   vertex 52.500000 3.660000 6.900000
  endloop
 endfacet
 facet normal -1.000000 0.000000 0.000000
  outer loop
   vertex 52.500000 -3.660000 6.600000
   vertex 52.500000 3.660000 6.900000
   vertex 52.500000 3.660000 6.600000
  endloop
 endfacet
 facet normal 1.000000 0.000000 0.000000
  outer loop
   vertex 54.500000 -3.660000 6.600000
   vertex 54.500000 3.660000 6.600000
   vertex 54.500000 3.660000 6.900000
  endloop
 endfacet
 facet normal 1.000000 0.000000 0.000000
  outer loop
   vertex 54.500000 -3.660000 6.600000
   vertex 54.500000 3.660000 6.900000
   vertex 54.500000 -3.660000 6.900000
  endloop
 endfacet
 facet normal 0.000000 0.000000 -1.000000
  outer loop
   vertex -55.000000 -41.500000 0.000000
   vertex -55.000000 -36.500000 0.000000
   vertex 55.000000 -36.500000 0.000000
  endloop
 endfacet
 facet normal 0.000000 0.000000 -1.000000
  outer loop
   vertex -55.000000 -41.500000 0.000000
   vertex 55.000000 -36.500000 0.000000
   vertex 55.000000 -41.500000 0.000000
  endloop
 endfacet
 facet normal 0.000000 0.000000 1.000000
  outer loop
   vertex -55.000000 -41.500000 6.000000
   vertex 55.000000 -41.500000 6.000000
   vertex 55.000000 -36.500000 6.000000
  endloop
 endfacet
 facet normal 0.000000 0.000000 1.000000
  outer loop
   vertex -55.000000 -41.500000 6.000000
   vertex 55.000000 -36.500000 6.000000
   vertex -55.000000 -36.500000 6.000000
  endloop
 endfacet
 facet normal 0.000000 -1.000000 0.000000
  outer loop
   vertex -55.000000 -41.500000 0.000000
   vertex 55.000000 -41.500000 0.000000
   vertex 55.000000 -41.500000 6.000000
  endloop
 endfacet
 facet normal 0.000000 -1.000000 0.000000
  outer loop
   vertex -55.000000 -41.500000 0.000000
   vertex 55.000000 -41.500000 6.000000
   vertex -55.000000 -41.500000 6.000000
  endloop
 endfacet
 facet normal 0.000000 1.000000 0.000000
  outer loop
   vertex -55.000000 -36.500000 0.000000
   vertex -55.000000 -36.500000 6.000000
   vertex 55.000000 -36.500000 6.000000
  endloop
 endfacet
 facet normal 0.000000 1.000000 0.000000
  outer loop
   vertex -55.000000 -36.500000 0.000000
   vertex 55.000000 -36.500000 6.000000
   vertex 55.000000 -36.500000 0.000000
  endloop
 endfacet
 facet normal -1.000000 0.000000 0.000000
  outer loop
   vertex -55.000000 -41.500000 0.000000
   vertex -55.000000 -41.500000 6.000000
   vertex -55.000000 -36.500000 6.000000
  endloop
 endfacet
 facet normal -1.000000 0.000000 0.000000
  outer loop
   vertex -55.000000 -41.500000 0.000000
   vertex -55.000000 -36.500000 6.000000
   vertex -55.000000 -36.500000 0.000000
  endloop
 endfacet
 facet normal 1.000000 0.000000 0.000000
  outer loop
   vertex 55.000000 -41.500000 0.000000
   vertex 55.000000 -36.500000 0.000000
   vertex 55.000000 -36.500000 6.000000
  endloop
 endfacet
 facet normal 1.000000 0.000000 0.000000
  outer loop
   vertex 55.000000 -41.500000 0.000000
   vertex 55.000000 -36.500000 6.000000
   vertex 55.000000 -41.500000 6.000000
  endloop
 endfacet
 facet normal 0.000000 0.000000 -1.000000
  outer loop
   vertex -55.000000 -46.500000 0.000000
   vertex -55.000000 -41.500000 0.000000
   vertex 55.000000 -41.500000 0.000000
  endloop
 endfacet
 facet normal 0.000000 0.000000 -1.000000
  outer loop
   vertex -55.000000 -46.500000 0.000000
   vertex 55.000000 -41.500000 0.000000
   vertex 55.000000 -46.500000 0.000000
  endloop
 endfacet
 facet normal 0.000000 0.000000 1.000000
  outer loop
   vertex -55.000000 -46.500000 10.000000
   vertex 55.000000 -46.500000 10.000000
   vertex 55.000000 -41.500000 10.000000
  endloop
 endfacet
 facet normal 0.000000 0.000000 1.000000
  outer loop
   vertex -55.000000 -46.500000 10.000000
   vertex 55.000000 -41.500000 10.000000
   vertex -55.000000 -41.500000 10.000000
  endloop
 endfacet
 facet normal 0.000000 -1.000000 0.000000
  outer loop
   vertex -55.000000 -46.500000 0.000000
   vertex 55.000000 -46.500000 0.000000
   vertex 55.000000 -46.500000 10.000000
  endloop
 endfacet
 facet normal 0.000000 -1.000000 0.000000
  outer loop
   vertex -55.000000 -46.500000 0.000000
   vertex 55.000000 -46.500000 10.000000
   vertex -55.000000 -46.500000 10.000000
  endloop
 endfacet
 facet normal 0.000000 1.000000 0.000000
  outer loop
   vertex -55.000000 -41.500000 0.000000
   vertex -55.000000 -41.500000 10.000000
   vertex 55.000000 -41.500000 10.000000
  endloop
 endfacet
 facet normal 0.000000 1.000000 0.000000
  outer loop
   vertex -55.000000 -41.500000 0.000000
   vertex 55.000000 -41.500000 10.000000
   vertex 55.000000 -41.500000 0.000000
  endloop
 endfacet
 facet normal -1.000000 0.000000 0.000000
  outer loop
   vertex -55.000000 -46.500000 0.000000
   vertex -55.000000 -46.500000 10.000000
   vertex -55.000000 -41.500000 10.000000
  endloop
 endfacet
 facet normal -1.000000 0.000000 0.000000
  outer loop
   vertex -55.000000 -46.500000 0.000000
   vertex -55.000000 -41.500000 10.000000
   vertex -55.000000 -41.500000 0.000000
  endloop
 endfacet
 facet normal 1.000000 0.000000 0.000000
  outer loop
   vertex 55.000000 -46.500000 0.000000
   vertex 55.000000 -41.500000 0.000000
   vertex 55.000000 -41.500000 10.000000
  endloop
 endfacet
 facet normal 1.000000 0.000000 0.000000
  outer loop
   vertex 55.000000 -46.500000 0.000000
   vertex 55.000000 -41.500000 10.000000
   vertex 55.000000 -46.500000 10.000000
  endloop
 endfacet
 facet normal 0.000000 0.000000 -1.000000
  outer loop
   vertex -55.000000 -51.500000 0.000000
   vertex -55.000000 -46.500000 0.000000
   vertex 55.000000 -46.500000 0.000000
  endloop
 endfacet
 facet normal 0.000000 0.000000 -1.000000
  outer loop
   vertex -55.000000 -51.500000 0.000000
   vertex 55.000000 -46.500000 0.000000
   vertex 55.000000 -51.500000 0.000000
  endloop
 endfacet
 facet normal 0.000000 0.000000 1.000000
  outer loop
   vertex -55.000000 -51.500000 14.000000
   vertex 55.000000 -51.500000 14.000000
   vertex 55.000000 -46.500000 14.000000
  endloop
 endfacet
 facet normal 0.000000 0.000000 1.000000
  outer loop
   vertex -55.000000 -51.500000 14.000000
   vertex 55.000000 -46.500000 14.000000
   vertex -55.000000 -46.500000 14.000000
  endloop
 endfacet
 facet normal 0.000000 -1.000000 0.000000
  outer loop
   vertex -55.000000 -51.500000 0.000000
   vertex 55.000000 -51.500000 0.000000
   vertex 55.000000 -51.500000 14.000000
  endloop
 endfacet
 facet normal 0.000000 -1.000000 0.000000
  outer loop
   vertex -55.000000 -51.500000 0.000000
   vertex 55.000000 -51.500000 14.000000
   vertex -55.000000 -51.500000 14.000000
  endloop
 endfacet
 facet normal 0.000000 1.000000 0.000000
  outer loop
   vertex -55.000000 -46.500000 0.000000
   vertex -55.000000 -46.500000 14.000000
   vertex 55.000000 -46.500000 14.000000
  endloop
 endfacet
 facet normal 0.000000 1.000000 0.000000
  outer loop
   vertex -55.000000 -46.500000 0.000000
   vertex 55.000000 -46.500000 14.000000
   vertex 55.000000 -46.500000 0.000000
  endloop
 endfacet
 facet normal -1.000000 0.000000 0.000000
  outer loop
   vertex -55.000000 -51.500000 0.000000
   vertex -55.000000 -51.500000 14.000000
   vertex -55.000000 -46.500000 14.000000
  endloop
 endfacet
 facet normal -1.000000 0.000000 0.000000
  outer loop
   vertex -55.000000 -51.500000 0.000000
   vertex -55.000000 -46.500000 14.000000
   vertex -55.000000 -46.500000 0.000000
  endloop
 endfacet
 facet normal 1.000000 0.000000 0.000000
  outer loop
   vertex 55.000000 -51.500000 0.000000
   vertex 55.000000 -46.500000 0.000000
   vertex 55.000000 -46.500000 14.000000
  endloop
 endfacet
 facet normal 1.000000 0.000000 0.000000
  outer loop
   vertex 55.000000 -51.500000 0.000000
   vertex 55.000000 -46.500000 14.000000
   vertex 55.000000 -51.500000 14.000000
  endloop
 endfacet
 facet normal 0.000000 0.000000 -1.000000
  outer loop
   vertex -55.000000 -56.500000 0.000000
   vertex -55.000000 -51.500000 0.000000
   vertex 55.000000 -51.500000 0.000000
  endloop
 endfacet
 facet normal 0.000000 0.000000 -1.000000
  outer loop
   vertex -55.000000 -56.500000 0.000000
   vertex 55.000000 -51.500000 0.000000
   vertex 55.000000 -56.500000 0.000000
  endloop
 endfacet
 facet normal 0.000000 0.000000 1.000000
  outer loop
   vertex -55.000000 -56.500000 18.000000
   vertex 55.000000 -56.500000 18.000000
   vertex 55.000000 -51.500000 18.000000
  endloop
 endfacet
 facet normal 0.000000 0.000000 1.000000
  outer loop
   vertex -55.000000 -56.500000 18.000000
   vertex 55.000000 -51.500000 18.000000
   vertex -55.000000 -51.500000 18.000000
  endloop
 endfacet
 facet normal 0.000000 -1.000000 0.000000
  outer loop
   vertex -55.000000 -56.500000 0.000000
   vertex 55.000000 -56.500000 0.000000
   vertex 55.000000 -56.500000 18.000000
  endloop
 endfacet
 facet normal 0.000000 -1.000000 0.000000
  outer loop
   vertex -55.000000 -56.500000 0.000000
   vertex 55.000000 -56.500000 18.000000
   vertex -55.000000 -56.500000 18.000000
  endloop
 endfacet
 facet normal 0.000000 1.000000 0.000000
  outer loop
   vertex -55.000000 -51.500000 0.000000
   vertex -55.000000 -51.500000 18.000000
   vertex 55.000000 -51.500000 18.000000
  endloop
 endfacet
 facet normal 0.000000 1.000000 0.000000
  outer loop
   vertex -55.000000 -51.500000 0.000000
   vertex 55.000000 -51.500000 18.000000
   vertex 55.000000 -51.500000 0.000000
  endloop
 endfacet
 facet normal -1.000000 0.000000 0.000000
  outer loop
   vertex -55.000000 -56.500000 0.000000
   vertex -55.000000 -56.500000 18.000000
   vertex -55.000000 -51.500000 18.000000
  endloop
 endfacet
 facet normal -1.000000 0.000000 0.000000
  outer loop
   vertex -55.000000 -56.500000 0.000000
   vertex -55.000000 -51.500000 18.000000
   vertex -55.000000 -51.500000 0.000000
  endloop
 endfacet
 facet normal 1.000000 0.000000 0.000000
  outer loop
   vertex 55.000000 -56.500000 0.000000
   vertex 55.000000 -51.500000 0.000000
   vertex 55.000000 -51.500000 18.000000
  endloop
 endfacet
 facet normal 1.000000 0.000000 0.000000
  outer loop
   vertex 55.000000 -56.500000 0.000000
   vertex 55.000000 -51.500000 18.000000
   vertex 55.000000 -56.500000 18.000000
  endloop
 endfacet
 facet normal 0.000000 0.000000 -1.000000
  outer loop
   vertex -55.000000 36.500000 0.000000
   vertex -55.000000 41.500000 0.000000
   vertex 55.000000 41.500000 0.000000
  endloop
 endfacet
 facet normal 0.000000 0.000000 -1.000000
  outer loop
   vertex -55.000000 36.500000 0.000000
   vertex 55.000000 41.500000 0.000000
   vertex 55.000000 36.500000 0.000000
  endloop
 endfacet
 facet normal 0.000000 0.000000 1.000000
  outer loop
   vertex -55.000000 36.500000 6.000000
   vertex 55.000000 36.500000 6.000000
   vertex 55.000000 41.500000 6.000000
  endloop
 endfacet
 facet normal 0.000000 0.000000 1.000000
  outer loop
   vertex -55.000000 36.500000 6.000000
   vertex 55.000000 41.500000 6.000000
   vertex -55.000000 41.500000 6.000000
  endloop
 endfacet
 facet normal 0.000000 -1.000000 0.000000
  outer loop
   vertex -55.000000 36.500000 0.000000
   vertex 55.000000 36.500000 0.000000
   vertex 55.000000 36.500000 6.000000
  endloop
 endfacet
 facet normal 0.000000 -1.000000 0.000000
  outer loop
   vertex -55.000000 36.500000 0.000000
   vertex 55.000000 36.500000 6.000000
   vertex -55.000000 36.500000 6.000000
  endloop
 endfacet
 facet normal 0.000000 1.000000 0.000000
  outer loop
   vertex -55.000000 41.500000 0.000000
   vertex -55.000000 41.500000 6.000000
   vertex 55.000000 41.500000 6.000000
  endloop
 endfacet
 facet normal 0.000000 1.000000 0.000000
  outer loop
   vertex -55.000000 41.500000 0.000000
   vertex 55.000000 41.500000 6.000000
   vertex 55.000000 41.500000 0.000000
  endloop
 endfacet
 facet normal -1.000000 0.000000 0.000000
  outer loop
   vertex -55.000000 36.500000 0.000000
   vertex -55.000000 36.500000 6.000000
   vertex -55.000000 41.500000 6.000000
  endloop
 endfacet
 facet normal -1.000000 0.000000 0.000000
  outer loop
   vertex -55.000000 36.500000 0.000000
   vertex -55.000000 41.500000 6.000000
   vertex -55.000000 41.500000 0.000000
  endloop
 endfacet
 facet normal 1.000000 0.000000 0.000000
  outer loop
   vertex 55.000000 36.500000 0.000000
   vertex 55.000000 41.500000 0.000000
   vertex 55.000000 41.500000 6.000000
  endloop
 endfacet
 facet normal 1.000000 0.000000 0.000000
  outer loop
   vertex 55.000000 36.500000 0.000000
   vertex 55.000000 41.500000 6.000000
   vertex 55.000000 36.500000 6.000000
  endloop
 endfacet
 facet normal 0.000000 0.000000 -1.000000
  outer loop
   vertex -55.000000 41.500000 0.000000
   vertex -55.000000 46.500000 0.000000
   vertex 55.000000 46.500000 0.000000
  endloop
 endfacet
 facet normal 0.000000 0.000000 -1.000000
  outer loop
   vertex -55.000000 41.500000 0.000000
   vertex 55.000000 46.500000 0.000000
   vertex 55.000000 41.500000 0.000000
  endloop
 endfacet
 facet normal 0.000000 0.000000 1.000000
  outer loop
   vertex -55.000000 41.500000 10.000000
   vertex 55.000000 41.500000 10.000000
   vertex 55.000000 46.500000 10.000000
  endloop
 endfacet
 facet normal 0.000000 0.000000 1.000000
  outer loop
   vertex -55.000000 41.500000 10.000000
   vertex 55.000000 46.500000 10.000000
   vertex -55.000000 46.500000 10.000000
  endloop
 endfacet
 facet normal 0.000000 -1.000000 0.000000
  outer loop
   vertex -55.000000 41.500000 0.000000
   vertex 55.000000 41.500000 0.000000
   vertex 55.000000 41.500000 10.000000
  endloop
 endfacet
 facet normal 0.000000 -1.000000 0.000000
  outer loop
   vertex -55.000000 41.500000 0.000000
   vertex 55.000000 41.500000 10.000000
   vertex -55.000000 41.500000 10.000000
  endloop
 endfacet
 facet normal 0.000000 1.000000 0.000000
  outer loop
   vertex -55.000000 46.500000 0.000000
   vertex -55.000000 46.500000 10.000000
   vertex 55.000000 46.500000 10.000000
  endloop
 endfacet
 facet normal 0.000000 1.000000 0.000000
  outer loop
   vertex -55.000000 46.500000 0.000000
   vertex 55.000000 46.500000 10.000000
   vertex 55.000000 46.500000 0.000000
  endloop
 endfacet
 facet normal -1.000000 0.000000 0.000000
  outer loop
   vertex -55.000000 41.500000 0.000000
   vertex -55.000000 41.500000 10.000000
   vertex -55.000000 46.500000 10.000000
  endloop
 endfacet
 facet normal -1.000000 0.000000 0.000000
  outer loop
   vertex -55.000000 41.500000 0.000000
   vertex -55.000000 46.500000 10.000000
   vertex -55.000000 46.500000 0.000000
  endloop
 endfacet
 facet normal 1.000000 0.000000 0.000000
  outer loop
   vertex 55.000000 41.500000 0.000000
   vertex 55.000000 46.500000 0.000000
   vertex 55.000000 46.500000 10.000000
  endloop
 endfacet
 facet normal 1.000000 0.000000 0.000000
  outer loop
   vertex 55.000000 41.500000 0.000000
   vertex 55.000000 46.500000 10.000000
   vertex 55.000000 41.500000 10.000000
  endloop
 endfacet
 facet normal 0.000000 0.000000 -1.000000
  outer loop
   vertex -55.000000 46.500000 0.000000
   vertex -55.000000 51.500000 0.000000
   vertex 55.000000 51.500000 0.000000
  endloop
 endfacet
 facet normal 0.000000 0.000000 -1.000000
  outer loop
   vertex -55.000000 46.500000 0.000000
   vertex 55.000000 51.500000 0.000000
   vertex 55.000000 46.500000 0.000000
  endloop
 endfacet
 facet normal 0.000000 0.000000 1.000000
  outer loop
   vertex -55.000000 46.500000 14.000000
   vertex 55.000000 46.500000 14.000000
   vertex 55.000000 51.500000 14.000000
  endloop
 endfacet
 facet normal 0.000000 0.000000 1.000000
  outer loop
   vertex -55.000000 46.500000 14.000000
   vertex 55.000000 51.500000 14.000000
   vertex -55.000000 51.500000 14.000000
  endloop
 endfacet
 facet normal 0.000000 -1.000000 0.000000
  outer loop
   vertex -55.000000 46.500000 0.000000
   vertex 55.000000 46.500000 0.000000
   vertex 55.000000 46.500000 14.000000
  endloop
 endfacet
 facet normal 0.000000 -1.000000 0.000000
  outer loop
   vertex -55.000000 46.500000 0.000000
   vertex 55.000000 46.500000 14.000000
   vertex -55.000000 46.500000 14.000000
  endloop
 endfacet
 facet normal 0.000000 1.000000 0.000000
  outer loop
   vertex -55.000000 51.500000 0.000000
   vertex -55.000000 51.500000 14.000000
   vertex 55.000000 51.500000 14.000000
  endloop
 endfacet
 facet normal 0.000000 1.000000 0.000000
  outer loop
   vertex -55.000000 51.500000 0.000000
   vertex 55.000000 51.500000 14.000000
   vertex 55.000000 51.500000 0.000000
  endloop
 endfacet
 facet normal -1.000000 0.000000 0.000000
  outer loop
   vertex -55.000000 46.500000 0.000000
   vertex -55.000000 46.500000 14.000000
   vertex -55.000000 51.500000 14.000000
  endloop
 endfacet
 facet normal -1.000000 0.000000 0.000000
  outer loop
   vertex -55.000000 46.500000 0.000000
   vertex -55.000000 51.500000 14.000000
   vertex -55.000000 51.500000 0.000000
  endloop
 endfacet
 facet normal 1.000000 0.000000 0.000000
  outer loop
   vertex 55.000000 46.500000 0.000000
   vertex 55.000000 51.500000 0.000000
   vertex 55.000000 51.500000 14.000000
  endloop
 endfacet
 facet normal 1.000000 0.000000 0.000000
  outer loop
   vertex 55.000000 46.500000 0.000000
   vertex 55.000000 51.500000 14.000000
   vertex 55.000000 46.500000 14.000000
  endloop
 endfacet
 facet normal 0.000000 0.000000 -1.000000
  outer loop
   vertex -55.000000 51.500000 0.000000
   vertex -55.000000 56.500000 0.000000
   vertex 55.000000 56.500000 0.000000
  endloop
 endfacet
 facet normal 0.000000 0.000000 -1.000000
  outer loop
   vertex -55.000000 51.500000 0.000000
   vertex 55.000000 56.500000 0.000000
   vertex 55.000000 51.500000 0.000000
  endloop
 endfacet
 facet normal 0.000000 0.000000 1.000000
  outer loop
   vertex -55.000000 51.500000 18.000000
   vertex 55.000000 51.500000 18.000000
   vertex 55.000000 56.500000 18.000000
  endloop
 endfacet
 facet normal 0.000000 0.000000 1.000000
  outer loop
   vertex -55.000000 51.500000 18.000000
   vertex 55.000000 56.500000 18.000000
   vertex -55.000000 56.500000 18.000000
  endloop
 endfacet
 facet normal 0.000000 -1.000000 0.000000
  outer loop
   vertex -55.000000 51.500000 0.000000
   vertex 55.000000 51.500000 0.000000
   vertex 55.000000 51.500000 18.000000
  endloop
 endfacet
 facet normal 0.000000 -1.000000 0.000000
  outer loop
   vertex -55.000000 51.500000 0.000000
   vertex 55.000000 51.500000 18.000000
   vertex -55.000000 51.500000 18.000000
  endloop
 endfacet
 facet normal 0.000000 1.000000 0.000000
  outer loop
   vertex -55.000000 56.500000 0.000000
   vertex -55.000000 56.500000 18.000000
   vertex 55.000000 56.500000 18.000000
  endloop
 endfacet
 facet normal 0.000000 1.000000 0.000000
  outer loop
   vertex -55.000000 56.500000 0.000000
   vertex 55.000000 56.500000 18.000000
   vertex 55.000000 56.500000 0.000000
  endloop
 endfacet
 facet normal -1.000000 0.000000 0.000000
  outer loop
   vertex -55.000000 51.500000 0.000000
   vertex -55.000000 51.500000 18.000000
   vertex -55.000000 56.500000 18.000000
  endloop
 endfacet
 facet normal -1.000000 0.000000 0.000000
  outer loop
   vertex -55.000000 51.500000 0.000000
   vertex -55.000000 56.500000 18.000000
   vertex -55.000000 56.500000 0.000000
  endloop
 endfacet
 facet normal 1.000000 0.000000 0.000000
  outer loop
   vertex 55.000000 51.500000 0.000000
   vertex 55.000000 56.500000 0.000000
   vertex 55.000000 56.500000 18.000000
  endloop
 endfacet
 facet normal 1.000000 0.000000 0.000000
  outer loop
   vertex 55.000000 51.500000 0.000000
   vertex 55.000000 56.500000 18.000000
   vertex 55.000000 51.500000 18.000000
  endloop
 endfacet
 facet normal 0.000000 0.000000 -1.000000
  outer loop
   vertex 58.500000 -35.000000 0.000000
   vertex 58.500000 35.000000 0.000000
   vertex 63.500000 35.000000 0.000000
  endloop
 endfacet
 facet normal 0.000000 0.000000 -1.000000
  outer loop
   vertex 58.500000 -35.000000 0.000000
   vertex 63.500000 35.000000 0.000000
   vertex 63.500000 -35.000000 0.000000
  endloop
 endfacet
 facet normal 0.000000 0.000000 1.000000
  outer loop
   vertex 58.500000 -35.000000 6.000000
   vertex 63.500000 -35.000000 6.000000
   vertex 63.500000 35.000000 6.000000
  endloop
 endfacet
 facet normal 0.000000 0.000000 1.000000
  outer loop
   vertex 58.500000 -35.000000 6.000000
   vertex 63.500000 35.000000 6.000000
   vertex 58.500000 35.000000 6.000000
  endloop
 endfacet
 facet normal 0.000000 -1.000000 0.000000
  outer loop
   vertex 58.500000 -35.000000 0.000000
   vertex 63.500000 -35.000000 0.000000
   vertex 63.500000 -35.000000 6.000000
  endloop
 endfacet
 facet normal 0.000000 -1.000000 0.000000
  outer loop
   vertex 58.500000 -35.000000 0.000000
   vertex 63.500000 -35.000000 6.000000
   vertex 58.500000 -35.000000 6.000000
  endloop
 endfacet
 facet normal 0.000000 1.000000 0.000000
  outer loop
   vertex 58.500000 35.000000 0.000000
   vertex 58.500000 35.000000 6.000000
   vertex 63.500000 35.000000 6.000000
  endloop
 endfacet
 facet normal 0.000000 1.000000 0.000000
  outer loop
   vertex 58.500000 35.000000 0.000000
   vertex 63.500000 35.000000 6.000000
   vertex 63.500000 35.000000 0.000000
  endloop
 endfacet
 facet normal -1.000000 0.000000 0.000000
  outer loop
   vertex 58.500000 -35.000000 0.000000
   vertex 58.500000 -35.000000 6.000000
   vertex 58.500000 35.000000 6.000000
  endloop
 endfacet
 facet normal -1.000000 0.000000 0.000000
  outer loop
   vertex 58.500000 -35.000000 0.000000
   vertex 58.500000 35.000000 6.000000
   vertex 58.500000 35.000000 0.000000
  endloop
 endfacet
 facet normal 1.000000 0.000000 0.000000
  outer loop
   vertex 63.500000 -35.000000 0.000000
   vertex 63.500000 35.000000 0.000000
   vertex 63.500000 35.000000 6.000000
  endloop
 endfacet
 facet normal 1.000000 0.000000 0.000000
  outer loop
   vertex 63.500000 -35.000000 0.000000
   vertex 63.500000 35.000000 6.000000
   vertex 63.500000 -35.000000 6.000000
  endloop
 endfacet
 facet normal 0.000000 0.000000 -1.000000
  outer loop
   vertex 63.500000 -35.000000 0.000000
   vertex 63.500000 35.000000 0.000000
   vertex 68.500000 35.000000 0.000000
  endloop
 endfacet
 facet normal 0.000000 0.000000 -1.000000
  outer loop
   vertex 63.500000 -35.000000 0.000000
   vertex 68.500000 35.000000 0.000000
   vertex 68.500000 -35.000000 0.000000
  endloop
 endfacet
 facet normal 0.000000 0.000000 1.000000
  outer loop
   vertex 63.500000 -35.000000 10.000000
   vertex 68.500000 -35.000000 10.000000
   vertex 68.500000 35.000000 10.000000
  endloop
 endfacet
 facet normal 0.000000 0.000000 1.000000
  outer loop
   vertex 63.500000 -35.000000 10.000000
   vertex 68.500000 35.000000 10.000000
   vertex 63.500000 35.000000 10.000000
  endloop
 endfacet
 facet normal 0.000000 -1.000000 0.000000
  outer loop
   vertex 63.500000 -35.000000 0.000000
   vertex 68.500000 -35.000000 0.000000
   vertex 68.500000 -35.000000 10.000000
  endloop
 endfacet
 facet normal 0.000000 -1.000000 0.000000
  outer loop
   vertex 63.500000 -35.000000 0.000000
   vertex 68.500000 -35.000000 10.000000
   vertex 63.500000 -35.000000 10.000000
  endloop
 endfacet
 facet normal 0.000000 1.000000 0.000000
  outer loop
   vertex 63.500000 35.000000 0.000000
   vertex 63.500000 35.000000 10.000000
   vertex 68.500000 35.000000 10.000000
  endloop
 endfacet
 facet normal 0.000000 1.000000 0.000000
  outer loop
   vertex 63.500000 35.000000 0.000000
   vertex 68.500000 35.000000 10.000000
   vertex 68.500000 35.000000 0.000000
  endloop
 endfacet
 facet normal -1.000000 0.000000 0.000000
  outer loop
   vertex 63.500000 -35.000000 0.000000
   vertex 63.500000 -35.000000 10.000000
   vertex 63.500000 35.000000 10.000000
  endloop
 endfacet
 facet normal -1.000000 0.000000 0.000000
  outer loop
   vertex 63.500000 -35.000000 0.000000
   vertex 63.500000 35.000000 10.000000
   vertex 63.500000 35.000000 0.000000
  endloop
 endfacet
 facet normal 1.000000 0.000000 0.000000
  outer loop
   vertex 68.500000 -35.000000 0.000000
   vertex 68.500000 35.000000 0.000000
   vertex 68.500000 35.000000 10.000000
  endloop
 endfacet
 facet normal 1.000000 0.000000 0.000000
  outer loop
   vertex 68.500000 -35.000000 0.000000
   vertex 68.500000 35.000000 10.000000
   vertex 68.500000 -35.000000 10.000000
  endloop
 endfacet
 facet normal 0.000000 0.000000 -1.000000
  outer loop
   vertex 68.500000 -35.000000 0.000000
   vertex 68.500000 35.000000 0.000000
   vertex 73.500000 35.000000 0.000000
  endloop
 endfacet
 facet normal 0.000000 0.000000 -1.000000
  outer loop
   vertex 68.500000 -35.000000 0.000000
   vertex 73.500000 35.000000 0.000000
   vertex 73.500000 -35.000000 0.000000
  endloop
 endfacet
 facet normal 0.000000 0.000000 1.000000
  outer loop
   vertex 68.500000 -35.000000 14.000000
   vertex 73.500000 -35.000000 14.000000
   vertex 73.500000 35.000000 14.000000
  endloop
 endfacet
 facet normal 0.000000 0.000000 1.000000
  outer loop
   vertex 68.500000 -35.000000 14.000000
   vertex 73.500000 35.000000 14.000000
   vertex 68.500000 35.000000 14.000000
  endloop
 endfacet
 facet normal 0.000000 -1.000000 0.000000
  outer loop
   vertex 68.500000 -35.000000 0.000000
   vertex 73.500000 -35.000000 0.000000
   vertex 73.500000 -35.000000 14.000000
  endloop
 endfacet
 facet normal 0.000000 -1.000000 0.000000
  outer loop
   vertex 68.500000 -35.000000 0.000000
   vertex 73.500000 -35.000000 14.000000
   vertex 68.500000 -35.000000 14.000000
  endloop
 endfacet
 facet normal 0.000000 1.000000 0.000000
  outer loop
   vertex 68.500000 35.000000 0.000000
   vertex 68.500000 35.000000 14.000000
   vertex 73.500000 35.000000 14.000000
  endloop
 endfacet
 facet normal 0.000000 1.000000 0.000000
  outer loop
   vertex 68.500000 35.000000 0.000000
   vertex 73.500000 35.000000 14.000000
   vertex 73.500000 35.000000 0.000000
  endloop
 endfacet
 facet normal -1.000000 0.000000 0.000000
  outer loop
   vertex 68.500000 -35.000000 0.000000
   vertex 68.500000 -35.000000 14.000000
   vertex 68.500000 35.000000 14.000000
  endloop
 endfacet
 facet normal -1.000000 0.000000 0.000000
  outer loop
   vertex 68.500000 -35.000000 0.000000
   vertex 68.500000 35.000000 14.000000
   vertex 68.500000 35.000000 0.000000
  endloop
 endfacet
 facet normal 1.000000 0.000000 0.000000
  outer loop
   vertex 73.500000 -35.000000 0.000000
   vertex 73.500000 35.000000 0.000000
   vertex 73.500000 35.000000 14.000000
  endloop
 endfacet
 facet normal 1.000000 0.000000 0.000000
  outer loop
   vertex 73.500000 -35.000000 0.000000
   vertex 73.500000 35.000000 14.000000
   vertex 73.500000 -35.000000 14.000000
  endloop
 endfacet
 facet normal 0.000000 0.000000 -1.000000
  outer loop
   vertex 73.500000 -35.000000 0.000000
   vertex 73.500000 35.000000 0.000000
   vertex 78.500000 35.000000 0.000000
  endloop
 endfacet
 facet normal 0.000000 0.000000 -1.000000
  outer loop
   vertex 73.500000 -35.000000 0.000000
   vertex 78.500000 35.000000 0.000000
   vertex 78.500000 -35.000000 0.000000
  endloop
 endfacet
 facet normal 0.000000 0.000000 1.000000
  outer loop
   vertex 73.500000 -35.000000 18.000000
   vertex 78.500000 -35.000000 18.000000
   vertex 78.500000 35.000000 18.000000
  endloop
 endfacet
 facet normal 0.000000 0.000000 1.000000
  outer loop
   vertex 73.500000 -35.000000 18.000000
   vertex 78.500000 35.000000 18.000000
   vertex 73.500000 35.000000 18.000000
  endloop
 endfacet
 facet normal 0.000000 -1.000000 0.000000
  outer loop
   vertex 73.500000 -35.000000 0.000000
   vertex 78.500000 -35.000000 0.000000
   vertex 78.500000 -35.000000 18.000000
  endloop
 endfacet
 facet normal 0.000000 -1.000000 0.000000
  outer loop
   vertex 73.500000 -35.000000 0.000000
   vertex 78.500000 -35.000000 18.000000
   vertex 73.500000 -35.000000 18.000000
  endloop
 endfacet
 facet normal 0.000000 1.000000 0.000000
  outer loop
   vertex 73.500000 35.000000 0.000000
   vertex 73.500000 35.000000 18.000000
   vertex 78.500000 35.000000 18.000000
  endloop
 endfacet
 facet normal 0.000000 1.000000 0.000000
  outer loop
   vertex 73.500000 35.000000 0.000000
   vertex 78.500000 35.000000 18.000000
   vertex 78.500000 35.000000 0.000000
  endloop
 endfacet
 facet normal -1.000000 0.000000 0.000000
  outer loop
   vertex 73.500000 -35.000000 0.000000
   vertex 73.500000 -35.000000 18.000000
   vertex 73.500000 35.000000 18.000000
  endloop
 endfacet
 facet normal -1.000000 0.000000 0.000000
  outer loop
   vertex 73.500000 -35.000000 0.000000
   vertex 73.500000 35.000000 18.000000
   vertex 73.500000 35.000000 0.000000
  endloop
 endfacet
 facet normal 1.000000 0.000000 0.000000
  outer loop
   vertex 78.500000 -35.000000 0.000000
   vertex 78.500000 35.000000 0.000000
   vertex 78.500000 35.000000 18.000000
  endloop
 endfacet
 facet normal 1.000000 0.000000 0.000000
  outer loop
   vertex 78.500000 -35.000000 0.000000
   vertex 78.500000 35.000000 18.000000
   vertex 78.500000 -35.000000 18.000000
  endloop
 endfacet
 facet normal 0.000000 0.000000 -1.000000
  outer loop
   vertex -63.500000 -35.000000 0.000000
   vertex -63.500000 35.000000 0.000000
   vertex -58.500000 35.000000 0.000000
  endloop
 endfacet
 facet normal 0.000000 0.000000 -1.000000
  outer loop
   vertex -63.500000 -35.000000 0.000000
   vertex -58.500000 35.000000 0.000000
   vertex -58.500000 -35.000000 0.000000
  endloop
 endfacet
 facet normal 0.000000 0.000000 1.000000
  outer loop
   vertex -63.500000 -35.000000 6.000000
   vertex -58.500000 -35.000000 6.000000
   vertex -58.500000 35.000000 6.000000
  endloop
 endfacet
 facet normal 0.000000 0.000000 1.000000
  outer loop
   vertex -63.500000 -35.000000 6.000000
   vertex -58.500000 35.000000 6.000000
   vertex -63.500000 35.000000 6.000000
  endloop
 endfacet
 facet normal 0.000000 -1.000000 0.000000
  outer loop
   vertex -63.500000 -35.000000 0.000000
   vertex -58.500000 -35.000000 0.000000
   vertex -58.500000 -35.000000 6.000000
  endloop
 endfacet
 facet normal 0.000000 -1.000000 0.000000
  outer loop
   vertex -63.500000 -35.000000 0.000000
   vertex -58.500000 -35.000000 6.000000
   vertex -63.500000 -35.000000 6.000000
  endloop
 endfacet
 facet normal 0.000000 1.000000 0.000000
  outer loop
   vertex -63.500000 35.000000 0.000000
   vertex -63.500000 35.000000 6.000000
   vertex -58.500000 35.000000 6.000000
  endloop
 endfacet
 facet normal 0.000000 1.000000 0.000000
  outer loop
   vertex -63.500000 35.000000 0.000000
   vertex -58.500000 35.000000 6.000000
   vertex -58.500000 35.000000 0.000000
  endloop
 endfacet
 facet normal -1.000000 0.000000 0.000000
  outer loop
   vertex -63.500000 -35.000000 0.000000
   vertex -63.500000 -35.000000 6.000000
   vertex -63.500000 35.000000 6.000000
  endloop
 endfacet
 facet normal -1.000000 0.000000 0.000000
  outer loop
   vertex -63.500000 -35.000000 0.000000
   vertex -63.500000 35.000000 6.000000
   vertex -63.500000 35.000000 0.000000
  endloop
 endfacet
 facet normal 1.000000 0.000000 0.000000
  outer loop
   vertex -58.500000 -35.000000 0.000000
   vertex -58.500000 35.000000 0.000000
   vertex -58.500000 35.000000 6.000000
  endloop
 endfacet
 facet normal 1.000000 0.000000 0.000000
  outer loop
   vertex -58.500000 -35.000000 0.000000
   vertex -58.500000 35.000000 6.000000
   vertex -58.500000 -35.000000 6.000000
  endloop
 endfacet
 facet normal 0.000000 0.000000 -1.000000
  outer loop
   vertex -68.500000 -35.000000 0.000000
   vertex -68.500000 35.000000 0.000000
   vertex -63.500000 35.000000 0.000000
  endloop
 endfacet
 facet normal 0.000000 0.000000 -1.000000
  outer loop
   vertex -68.500000 -35.000000 0.000000
   vertex -63.500000 35.000000 0.000000
   vertex -63.500000 -35.000000 0.000000
  endloop
 endfacet
 facet normal 0.000000 0.000000 1.000000
  outer loop
   vertex -68.500000 -35.000000 10.000000
   vertex -63.500000 -35.000000 10.000000
   vertex -63.500000 35.000000 10.000000
  endloop
 endfacet
 facet normal 0.000000 0.000000 1.000000
  outer loop
   vertex -68.500000 -35.000000 10.000000
   vertex -63.500000 35.000000 10.000000
   vertex -68.500000 35.000000 10.000000
  endloop
 endfacet
 facet normal 0.000000 -1.000000 0.000000
  outer loop
   vertex -68.500000 -35.000000 0.000000
   vertex -63.500000 -35.000000 0.000000
   vertex -63.500000 -35.000000 10.000000
  endloop
 endfacet
 facet normal 0.000000 -1.000000 0.000000
  outer loop
   vertex -68.500000 -35.000000 0.000000
   vertex -63.500000 -35.000000 10.000000
   vertex -68.500000 -35.000000 10.000000
  endloop
 endfacet
 facet normal 0.000000 1.000000 0.000000
  outer loop
   vertex -68.500000 35.000000 0.000000
   vertex -68.500000 35.000000 10.000000
   vertex -63.500000 35.000000 10.000000
  endloop
 endfacet
 facet normal 0.000000 1.000000 0.000000
  outer loop
   vertex -68.500000 35.000000 0.000000
   vertex -63.500000 35.000000 10.000000
   vertex -63.500000 35.000000 0.000000
  endloop
 endfacet
 facet normal -1.000000 0.000000 0.000000
  outer loop
   vertex -68.500000 -35.000000 0.000000
   vertex -68.500000 -35.000000 10.000000
   vertex -68.500000 35.000000 10.000000
  endloop
 endfacet
 facet normal -1.000000 0.000000 0.000000
  outer loop
   vertex -68.500000 -35.000000 0.000000
   vertex -68.500000 35.000000 10.000000
   vertex -68.500000 35.000000 0.000000
  endloop
 endfacet
 facet normal 1.000000 0.000000 0.000000
  outer loop
   vertex -63.500000 -35.000000 0.000000
   vertex -63.500000 35.000000 0.000000
   vertex -63.500000 35.000000 10.000000
  endloop
 endfacet
 facet normal 1.000000 0.000000 0.000000
  outer loop
   vertex -63.500000 -35.000000 0.000000
   vertex -63.500000 35.000000 10.000000
   vertex -63.500000 -35.000000 10.000000
  endloop
 endfacet
 facet normal 0.000000 0.000000 -1.000000
  outer loop
   vertex -73.500000 -35.000000 0.000000
   vertex -73.500000 35.000000 0.000000
   vertex -68.500000 35.000000 0.000000
  endloop
 endfacet
 facet normal 0.000000 0.000000 -1.000000
  outer loop
   vertex -73.500000 -35.000000 0.000000
   vertex -68.500000 35.000000 0.000000
   vertex -68.500000 -35.000000 0.000000
  endloop
 endfacet
 facet normal 0.000000 0.000000 1.000000
  outer loop
   vertex -73.500000 -35.000000 14.000000
   vertex -68.500000 -35.000000 14.000000
   vertex -68.500000 35.000000 14.000000
  endloop
 endfacet
 facet normal 0.000000 0.000000 1.000000
  outer loop
   vertex -73.500000 -35.000000 14.000000
   vertex -68.500000 35.000000 14.000000
   vertex -73.500000 35.000000 14.000000
  endloop
 endfacet
 facet normal 0.000000 -1.000000 0.000000
  outer loop
   vertex -73.500000 -35.000000 0.000000
   vertex -68.500000 -35.000000 0.000000
   vertex -68.500000 -35.000000 14.000000
  endloop
 endfacet
 facet normal 0.000000 -1.000000 0.000000
  outer loop
   vertex -73.500000 -35.000000 0.000000
   vertex -68.500000 -35.000000 14.000000
   vertex -73.500000 -35.000000 14.000000
  endloop
 endfacet
 facet normal 0.000000 1.000000 0.000000
  outer loop
   vertex -73.500000 35.000000 0.000000
   vertex -73.500000 35.000000 14.000000
   vertex -68.500000 35.000000 14.000000
  endloop
 endfacet
 facet normal 0.000000 1.000000 0.000000
  outer loop
   vertex -73.500000 35.000000 0.000000
   vertex -68.500000 35.000000 14.000000
   vertex -68.500000 35.000000 0.000000
  endloop
 endfacet
 facet normal -1.000000 0.000000 0.000000
  outer loop
   vertex -73.500000 -35.000000 0.000000
   vertex -73.500000 -35.000000 14.000000
   vertex -73.500000 35.000000 14.000000
  endloop
 endfacet
 facet normal -1.000000 0.000000 0.000000
  outer loop
   vertex -73.500000 -35.000000 0.000000
   vertex -73.500000 35.000000 14.000000
   vertex -73.500000 35.000000 0.000000
  endloop
 endfacet
 facet normal 1.000000 0.000000 0.000000
  outer loop
   vertex -68.500000 -35.000000 0.000000
   vertex -68.500000 35.000000 0.000000
   vertex -68.500000 35.000000 14.000000
  endloop
 endfacet
 facet normal 1.000000 0.000000 0.000000
  outer loop
   vertex -68.500000 -35.000000 0.000000
   vertex -68.500000 35.000000 14.000000
   vertex -68.500000 -35.000000 14.000000
  endloop
 endfacet
 facet normal 0.000000 0.000000 -1.000000
  outer loop
   vertex -78.500000 -35.000000 0.000000
   vertex -78.500000 35.000000 0.000000
   vertex -73.500000 35.000000 0.000000
  endloop
 endfacet
 facet normal 0.000000 0.000000 -1.000000
  outer loop
   vertex -78.500000 -35.000000 0.000000
   vertex -73.500000 35.000000 0.000000
   vertex -73.500000 -35.000000 0.000000
  endloop
 endfacet
 facet normal 0.000000 0.000000 1.000000
  outer loop
   vertex -78.500000 -35.000000 18.000000
   vertex -73.500000 -35.000000 18.000000
   vertex -73.500000 35.000000 18.000000
  endloop
 endfacet
 facet normal 0.000000 0.000000 1.000000
  outer loop
   vertex -78.500000 -35.000000 18.000000
   vertex -73.500000 35.000000 18.000000
   vertex -78.500000 35.000000 18.000000
  endloop
 endfacet
 facet normal 0.000000 -1.000000 0.000000
  outer loop
   vertex -78.500000 -35.000000 0.000000
   vertex -73.500000 -35.000000 0.000000
   vertex -73.500000 -35.000000 18.000000
  endloop
 endfacet
 facet normal 0.000000 -1.000000 0.000000
  outer loop
   vertex -78.500000 -35.000000 0.000000
   vertex -73.500000 -35.000000 18.000000
   vertex -78.500000 -35.000000 18.000000
  endloop
 endfacet
 facet normal 0.000000 1.000000 0.000000
  outer loop
   vertex -78.500000 35.000000 0.000000
   vertex -78.500000 35.000000 18.000000
   vertex -73.500000 35.000000 18.000000
  endloop
 endfacet
 facet normal 0.000000 1.000000 0.000000
  outer loop
   vertex -78.500000 35.000000 0.000000
   vertex -73.500000 35.000000 18.000000
   vertex -73.500000 35.000000 0.000000
  endloop
 endfacet
 facet normal -1.000000 0.000000 0.000000
  outer loop
   vertex -78.500000 -35.000000 0.000000
   vertex -78.500000 -35.000000 18.000000
   vertex -78.500000 35.000000 18.000000
  endloop
 endfacet
 facet normal -1.000000 0.000000 0.000000
  outer loop
   vertex -78.500000 -35.000000 0.000000
   vertex -78.500000 35.000000 18.000000
   vertex -78.500000 35.000000 0.000000
  endloop
 endfacet
 facet normal 1.000000 0.000000 0.000000
  outer loop
   vertex -73.500000 -35.000000 0.000000
   vertex -73.500000 35.000000 0.000000
   vertex -73.500000 35.000000 18.000000
  endloop
 endfacet
 facet normal 1.000000 0.000000 0.000000
  outer loop
   vertex -73.500000 -35.000000 0.000000
   vertex -73.500000 35.000000 18.000000
   vertex -73.500000 -35.000000 18.000000
  endloop
 endfacet
 facet normal 0.000000 0.000000 -1.000000
  outer loop
   vertex -55.000000 -40.600000 6.000000
   vertex -55.000000 -37.400000 6.000000
   vertex -27.500000 -37.400000 6.000000
  endloop
 endfacet
 facet normal 0.000000 0.000000 -1.000000
  outer loop
   vertex -55.000000 -40.600000 6.000000
   vertex -27.500000 -37.400000 6.000000
   vertex -27.500000 -40.600000 6.000000
  endloop
 endfacet
 facet normal 0.000000 0.000000 1.000000
  outer loop
   vertex -55.000000 -40.600000 7.600000
   vertex -27.500000 -40.600000 7.600000
   vertex -27.500000 -37.400000 7.600000
  endloop
 endfacet
 facet normal 0.000000 0.000000 1.000000
  outer loop
   vertex -55.000000 -40.600000 7.600000
   vertex -27.500000 -37.400000 7.600000
   vertex -55.000000 -37.400000 7.600000
  endloop
 endfacet
 facet normal 0.000000 -1.000000 0.000000
  outer loop
   vertex -55.000000 -40.600000 6.000000
   vertex -27.500000 -40.600000 6.000000
   vertex -27.500000 -40.600000 7.600000
  endloop
 endfacet
 facet normal 0.000000 -1.000000 0.000000
  outer loop
   vertex -55.000000 -40.600000 6.000000
   vertex -27.500000 -40.600000 7.600000
   vertex -55.000000 -40.600000 7.600000
  endloop
 endfacet
 facet normal 0.000000 1.000000 0.000000
  outer loop
   vertex -55.000000 -37.400000 6.000000
   vertex -55.000000 -37.400000 7.600000
   vertex -27.500000 -37.400000 7.600000
  endloop
 endfacet
 facet normal 0.000000 1.000000 0.000000
  outer loop
   vertex -55.000000 -37.400000 6.000000
   vertex -27.500000 -37.400000 7.600000
   vertex -27.500000 -37.400000 6.000000
  endloop
 endfacet
 facet normal -1.000000 0.000000 0.000000
  outer loop
   vertex -55.000000 -40.600000 6.000000
   vertex -55.000000 -40.600000 7.600000
   vertex -55.000000 -37.400000 7.600000
  endloop
 endfacet
 facet normal -1.000000 0.000000 0.000000
  outer loop
   vertex -55.000000 -40.600000 6.000000
   vertex -55.000000 -37.400000 7.600000
   vertex -55.000000 -37.400000 6.000000
  endloop
 endfacet
 facet normal 1.000000 0.000000 0.000000
  outer loop
   vertex -27.500000 -40.600000 6.000000
   vertex -27.500000 -37.400000 6.000000
   vertex -27.500000 -37.400000 7.600000
  endloop
 endfacet
 facet normal 1.000000 0.000000 0.000000
  outer loop
   vertex -27.500000 -40.600000 6.000000
   vertex -27.500000 -37.400000 7.600000
   vertex -27.500000 -40.600000 7.600000
  endloop
 endfacet
 facet normal 0.000000 0.000000 -1.000000
  outer loop
   vertex -27.500000 -40.600000 6.000000
   vertex -27.500000 -37.400000 6.000000
   vertex 0.000000 -37.400000 6.000000
  endloop
 endfacet
 facet normal 0.000000 0.000000 -1.000000
  outer loop
   vertex -27.500000 -40.600000 6.000000
   vertex 0.000000 -37.400000 6.000000
   vertex 0.000000 -40.600000 6.000000
  endloop
 endfacet
 facet normal 0.000000 0.000000 1.000000
  outer loop
   vertex -27.500000 -40.600000 7.600000
   vertex 0.000000 -40.600000 7.600000
   vertex 0.000000 -37.400000 7.600000
  endloop
 endfacet
 facet normal 0.000000 0.000000 1.000000
  outer loop
   vertex -27.500000 -40.600000 7.600000
   vertex 0.000000 -37.400000 7.600000
   vertex -27.500000 -37.400000 7.600000
  endloop
 endfacet
 facet normal 0.000000 -1.000000 0.000000
  outer loop
   vertex -27.500000 -40.600000 6.000000
   vertex 0.000000 -40.600000 6.000000
   vertex 0.000000 -40.600000 7.600000
  endloop
 endfacet
 facet normal 0.000000 -1.000000 0.000000
  outer loop
   vertex -27.500000 -40.600000 6.000000
   vertex 0.000000 -40.600000 7.600000
   vertex -27.500000 -40.600000 7.600000
  endloop
 endfacet
 facet normal 0.000000 1.000000 0.000000
  outer loop
   vertex -27.500000 -37.400000 6.000000
   vertex -27.500000 -37.400000 7.600000
   vertex 0.000000 -37.400000 7.600000
  endloop
 endfacet
 facet normal 0.000000 1.000000 0.000000
  outer loop
   vertex -27.500000 -37.400000 6.000000
   vertex 0.000000 -37.400000 7.600000
   vertex 0.000000 -37.400000 6.000000
  endloop
 endfacet
 facet normal -1.000000 0.000000 0.000000
  outer loop
   vertex -27.500000 -40.600000 6.000000
   vertex -27.500000 -40.600000 7.600000
   vertex -27.500000 -37.400000 7.600000
  endloop
 endfacet
 facet normal -1.000000 0.000000 0.000000
  outer loop
   vertex -27.500000 -40.600000 6.000000
   vertex -27.500000 -37.400000 7.600000
   vertex -27.500000 -37.400000 6.000000
  endloop
 endfacet
 facet normal 1.000000 0.000000 0.000000
  outer loop
   vertex 0.000000 -40.600000 6.000000
   vertex 0.000000 -37.400000 6.000000
   vertex 0.000000 -37.400000 7.600000
  endloop
 endfacet
 facet normal 1.000000 0.000000 0.000000
  outer loop
   vertex 0.000000 -40.600000 6.000000
   vertex 0.000000 -37.400000 7.600000
   vertex 0.000000 -40.600000 7.600000
  endloop
 endfacet
 facet normal 0.000000 0.000000 -1.000000
  outer loop
   vertex 0.000000 -40.600000 6.000000
   vertex 0.000000 -37.400000 6.000000
   vertex 27.500000 -37.400000 6.000000
  endloop
 endfacet
 facet normal 0.000000 0.000000 -1.000000
  outer loop
   vertex 0.000000 -40.600000 6.000000
   vertex 27.500000 -37.400000 6.000000
   vertex 27.500000 -40.600000 6.000000
  endloop
 endfacet
 facet normal 0.000000 0.000000 1.000000
  outer loop
   vertex 0.000000 -40.600000 7.600000
   vertex 27.500000 -40.600000 7.600000
   vertex 27.500000 -37.400000 7.600000
  endloop
 endfacet
 facet normal 0.000000 0.000000 1.000000
  outer loop
   vertex 0.000000 -40.600000 7.600000
   vertex 27.500000 -37.400000 7.600000
   vertex 0.000000 -37.400000 7.600000
  endloop
 endfacet
 facet normal 0.000000 -1.000000 0.000000
  outer loop
   vertex 0.000000 -40.600000 6.000000
   vertex 27.500000 -40.600000 6.000000
   vertex 27.500000 -40.600000 7.600000
  endloop
 endfacet
 facet normal 0.000000 -1.000000 0.000000
  outer loop
   vertex 0.000000 -40.600000 6.000000
   vertex 27.500000 -40.600000 7.600000
   vertex 0.000000 -40.600000 7.600000
  endloop
 endfacet
 facet normal 0.000000 1.000000 0.000000
  outer loop
   vertex 0.000000 -37.400000 6.000000
   vertex 0.000000 -37.400000 7.600000
   vertex 27.500000 -37.400000 7.600000
  endloop
 endfacet
 facet normal 0.000000 1.000000 0.000000
  outer loop
   vertex 0.000000 -37.400000 6.000000
   vertex 27.500000 -37.400000 7.600000
   vertex 27.500000 -37.400000 6.000000
  endloop
 endfacet
 facet normal -1.000000 0.000000 0.000000
  outer loop
   vertex 0.000000 -40.600000 6.000000
   vertex 0.000000 -40.600000 7.600000
   vertex 0.000000 -37.400000 7.600000
  endloop
 endfacet
 facet normal -1.000000 0.000000 0.000000
  outer loop
   vertex 0.000000 -40.600000 6.000000
   vertex 0.000000 -37.400000 7.600000
   vertex 0.000000 -37.400000 6.000000
  endloop
 endfacet
 facet normal 1.000000 0.000000 0.000000
  outer loop
   vertex 27.500000 -40.600000 6.000000
   vertex 27.500000 -37.400000 6.000000
   vertex 27.500000 -37.400000 7.600000
  endloop
 endfacet
 facet normal 1.000000 0.000000 0.000000
  outer loop
   vertex 27.500000 -40.600000 6.000000
   vertex 27.500000 -37.400000 7.600000
   vertex 27.500000 -40.600000 7.600000
  endloop
 endfacet
 facet normal 0.000000 0.000000 -1.000000
  outer loop
   vertex 27.500000 -40.600000 6.000000
   vertex 27.500000 -37.400000 6.000000
   vertex 55.000000 -37.400000 6.000000
  endloop
 endfacet
 facet normal 0.000000 0.000000 -1.000000
  outer loop
   vertex 27.500000 -40.600000 6.000000
   vertex 55.000000 -37.400000 6.000000
   vertex 55.000000 -40.600000 6.000000
  endloop
 endfacet
 facet normal 0.000000 0.000000 1.000000
  outer loop
   vertex 27.500000 -40.600000 7.600000
   vertex 55.000000 -40.600000 7.600000
   vertex 55.000000 -37.400000 7.600000
  endloop
 endfacet
 facet normal 0.000000 0.000000 1.000000
  outer loop
   vertex 27.500000 -40.600000 7.600000
   vertex 55.000000 -37.400000 7.600000
   vertex 27.500000 -37.400000 7.600000
  endloop
 endfacet
 facet normal 0.000000 -1.000000 0.000000
  outer loop
   vertex 27.500000 -40.600000 6.000000
   vertex 55.000000 -40.600000 6.000000
   vertex 55.000000 -40.600000 7.600000
  endloop
 endfacet
 facet normal 0.000000 -1.000000 0.000000
  outer loop
   vertex 27.500000 -40.600000 6.000000
   vertex 55.000000 -40.600000 7.600000
   vertex 27.500000 -40.600000 7.600000
  endloop
 endfacet
 facet normal 0.000000 1.000000 0.000000
  outer loop
   vertex 27.500000 -37.400000 6.000000
   vertex 27.500000 -37.400000 7.600000
   vertex 55.000000 -37.400000 7.600000
  endloop
 endfacet
 facet normal 0.000000 1.000000 0.000000
  outer loop
   vertex 27.500000 -37.400000 6.000000
   vertex 55.000000 -37.400000 7.600000
   vertex 55.000000 -37.400000 6.000000
  endloop
 endfacet
 facet normal -1.000000 0.000000 0.000000
  outer loop
   vertex 27.500000 -40.600000 6.000000
   vertex 27.500000 -40.600000 7.600000
   vertex 27.500000 -37.400000 7.600000
  endloop
 endfacet
 facet normal -1.000000 0.000000 0.000000
  outer loop
   vertex 27.500000 -40.600000 6.000000
   vertex 27.500000 -37.400000 7.600000
   vertex 27.500000 -37.400000 6.000000
  endloop
 endfacet
 facet normal 1.000000 0.000000 0.000000
  outer loop
   vertex 55.000000 -40.600000 6.000000
   vertex 55.000000 -37.400000 6.000000
   vertex 55.000000 -37.400000 7.600000
  endloop
 endfacet
 facet normal 1.000000 0.000000 0.000000
  outer loop
   vertex 55.000000 -40.600000 6.000000
   vertex 55.000000 -37.400000 7.600000
   vertex 55.000000 -40.600000 7.600000
  endloop
 endfacet
 facet normal 0.000000 0.000000 -1.000000
  outer loop
   vertex -55.000000 -45.600000 10.000000
   vertex -55.000000 -42.400000 10.000000
   vertex -27.500000 -42.400000 10.000000
  endloop
 endfacet
 facet normal 0.000000 0.000000 -1.000000
  outer loop
   vertex -55.000000 -45.600000 10.000000
   vertex -27.500000 -42.400000 10.000000
   vertex -27.500000 -45.600000 10.000000
  endloop
 endfacet
 facet normal 0.000000 0.000000 1.000000
  outer loop
   vertex -55.000000 -45.600000 11.600000
   vertex -27.500000 -45.600000 11.600000
   vertex -27.500000 -42.400000 11.600000
  endloop
 endfacet
 facet normal 0.000000 0.000000 1.000000
  outer loop
   vertex -55.000000 -45.600000 11.600000
   vertex -27.500000 -42.400000 11.600000
   vertex -55.000000 -42.400000 11.600000
  endloop
 endfacet
 facet normal 0.000000 -1.000000 0.000000
  outer loop
   vertex -55.000000 -45.600000 10.000000
   vertex -27.500000 -45.600000 10.000000
   vertex -27.500000 -45.600000 11.600000
  endloop
 endfacet
 facet normal 0.000000 -1.000000 0.000000
  outer loop
   vertex -55.000000 -45.600000 10.000000
   vertex -27.500000 -45.600000 11.600000
   vertex -55.000000 -45.600000 11.600000
  endloop
 endfacet
 facet normal 0.000000 1.000000 0.000000
  outer loop
   vertex -55.000000 -42.400000 10.000000
   vertex -55.000000 -42.400000 11.600000
   vertex -27.500000 -42.400000 11.600000
  endloop
 endfacet
 facet normal 0.000000 1.000000 0.000000
  outer loop
   vertex -55.000000 -42.400000 10.000000
   vertex -27.500000 -42.400000 11.600000
   vertex -27.500000 -42.400000 10.000000
  endloop
 endfacet
 facet normal -1.000000 0.000000 0.000000
  outer loop
   vertex -55.000000 -45.600000 10.000000
   vertex -55.000000 -45.600000 11.600000
   vertex -55.000000 -42.400000 11.600000
  endloop
 endfacet
 facet normal -1.000000 0.000000 0.000000
  outer loop
   vertex -55.000000 -45.600000 10.000000
   vertex -55.000000 -42.400000 11.600000
   vertex -55.000000 -42.400000 10.000000
  endloop
 endfacet
 facet normal 1.000000 0.000000 0.000000
  outer loop
   vertex -27.500000 -45.600000 10.000000
   vertex -27.500000 -42.400000 10.000000
   vertex -27.500000 -42.400000 11.600000
  endloop
 endfacet
 facet normal 1.000000 0.000000 0.000000
  outer loop
   vertex -27.500000 -45.600000 10.000000
   vertex -27.500000 -42.400000 11.600000
   vertex -27.500000 -45.600000 11.600000
  endloop
 endfacet
 facet normal 0.000000 0.000000 -1.000000
  outer loop
   vertex -27.500000 -45.600000 10.000000
   vertex -27.500000 -42.400000 10.000000
   vertex 0.000000 -42.400000 10.000000
  endloop
 endfacet
 facet normal 0.000000 0.000000 -1.000000
  outer loop
   vertex -27.500000 -45.600000 10.000000
   vertex 0.000000 -42.400000 10.000000
   vertex 0.000000 -45.600000 10.000000
  endloop
 endfacet
 facet normal 0.000000 0.000000 1.000000
  outer loop
   vertex -27.500000 -45.600000 11.600000
   vertex 0.000000 -45.600000 11.600000
   vertex 0.000000 -42.400000 11.600000
  endloop
 endfacet
 facet normal 0.000000 0.000000 1.000000
  outer loop
   vertex -27.500000 -45.600000 11.600000
   vertex 0.000000 -42.400000 11.600000
   vertex -27.500000 -42.400000 11.600000
  endloop
 endfacet
 facet normal 0.000000 -1.000000 0.000000
  outer loop
   vertex -27.500000 -45.600000 10.000000
   vertex 0.000000 -45.600000 10.000000
   vertex 0.000000 -45.600000 11.600000
  endloop
 endfacet
 facet normal 0.000000 -1.000000 0.000000
  outer loop
   vertex -27.500000 -45.600000 10.000000
   vertex 0.000000 -45.600000 11.600000
   vertex -27.500000 -45.600000 11.600000
  endloop
 endfacet
 facet normal 0.000000 1.000000 0.000000
  outer loop
   vertex -27.500000 -42.400000 10.000000
   vertex -27.500000 -42.400000 11.600000
   vertex 0.000000 -42.400000 11.600000
  endloop
 endfacet
 facet normal 0.000000 1.000000 0.000000
  outer loop
   vertex -27.500000 -42.400000 10.000000
   vertex 0.000000 -42.400000 11.600000
   vertex 0.000000 -42.400000 10.000000
  endloop
 endfacet
 facet normal -1.000000 0.000000 0.000000
  outer loop
   vertex -27.500000 -45.600000 10.000000
   vertex -27.500000 -45.600000 11.600000
   vertex -27.500000 -42.400000 11.600000
  endloop
 endfacet
 facet normal -1.000000 0.000000 0.000000
  outer loop
   vertex -27.500000 -45.600000 10.000000
   vertex -27.500000 -42.400000 11.600000
   vertex -27.500000 -42.400000 10.000000
  endloop
 endfacet
 facet normal 1.000000 0.000000 0.000000
  outer loop
   vertex 0.000000 -45.600000 10.000000
   vertex 0.000000 -42.400000 10.000000
   vertex 0.000000 -42.400000 11.600000
  endloop
 endfacet
 facet normal 1.000000 0.000000 0.000000
  outer loop
   vertex 0.000000 -45.600000 10.000000
   vertex 0.000000 -42.400000 11.600000
   vertex 0.000000 -45.600000 11.600000
  endloop
 endfacet
 facet normal 0.000000 0.000000 -1.000000
  outer loop
   vertex 0.000000 -45.600000 10.000000
   vertex 0.000000 -42.400000 10.000000
   vertex 27.500000 -42.400000 10.000000
  endloop
 endfacet
 facet normal 0.000000 0.000000 -1.000000
  outer loop
   vertex 0.000000 -45.600000 10.000000
   vertex 27.500000 -42.400000 10.000000
   vertex 27.500000 -45.600000 10.000000
  endloop
 endfacet
 facet normal 0.000000 0.000000 1.000000
  outer loop
   vertex 0.000000 -45.600000 11.600000
   vertex 27.500000 -45.600000 11.600000
   vertex 27.500000 -42.400000 11.600000
  endloop
 endfacet
 facet normal 0.000000 0.000000 1.000000
  outer loop
   vertex 0.000000 -45.600000 11.600000
   vertex 27.500000 -42.400000 11.600000
   vertex 0.000000 -42.400000 11.600000
  endloop
 endfacet
 facet normal 0.000000 -1.000000 0.000000
  outer loop
   vertex 0.000000 -45.600000 10.000000
   vertex 27.500000 -45.600000 10.000000
   vertex 27.500000 -45.600000 11.600000
  endloop
 endfacet
 facet normal 0.000000 -1.000000 0.000000
  outer loop
   vertex 0.000000 -45.600000 10.000000
   vertex 27.500000 -45.600000 11.600000
   vertex 0.000000 -45.600000 11.600000
  endloop
 endfacet
 facet normal 0.000000 1.000000 0.000000
  outer loop
   vertex 0.000000 -42.400000 10.000000
   vertex 0.000000 -42.400000 11.600000
   vertex 27.500000 -42.400000 11.600000
  endloop
 endfacet
 facet normal 0.000000 1.000000 0.000000
  outer loop
   vertex 0.000000 -42.400000 10.000000
   vertex 27.500000 -42.400000 11.600000
   vertex 27.500000 -42.400000 10.000000
  endloop
 endfacet
 facet normal -1.000000 0.000000 0.000000
  outer loop
   vertex 0.000000 -45.600000 10.000000
   vertex 0.000000 -45.600000 11.600000
   vertex 0.000000 -42.400000 11.600000
  endloop
 endfacet
 facet normal -1.000000 0.000000 0.000000
  outer loop
   vertex 0.000000 -45.600000 10.000000
   vertex 0.000000 -42.400000 11.600000
   vertex 0.000000 -42.400000 10.000000
  endloop
 endfacet
 facet normal 1.000000 0.000000 0.000000
  outer loop
   vertex 27.500000 -45.600000 10.000000
   vertex 27.500000 -42.400000 10.000000
   vertex 27.500000 -42.400000 11.600000
  endloop
 endfacet
 facet normal 1.000000 0.000000 0.000000
  outer loop
   vertex 27.500000 -45.600000 10.000000
   vertex 27.500000 -42.400000 11.600000
   vertex 27.500000 -45.600000 11.600000
  endloop
 endfacet
 facet normal 0.000000 0.000000 -1.000000
  outer loop
   vertex 27.500000 -45.600000 10.000000
   vertex 27.500000 -42.400000 10.000000
   vertex 55.000000 -42.400000 10.000000
  endloop
 endfacet
 facet normal 0.000000 0.000000 -1.000000
  outer loop
   vertex 27.500000 -45.600000 10.000000
   vertex 55.000000 -42.400000 10.000000
   vertex 55.000000 -45.600000 10.000000
  endloop
 endfacet
 facet normal 0.000000 0.000000 1.000000
  outer loop
   vertex 27.500000 -45.600000 11.600000
   vertex 55.000000 -45.600000 11.600000
   vertex 55.000000 -42.400000 11.600000
  endloop
 endfacet
 facet normal 0.000000 0.000000 1.000000
  outer loop
   vertex 27.500000 -45.600000 11.600000
   vertex 55.000000 -42.400000 11.600000
   vertex 27.500000 -42.400000 11.600000
  endloop
 endfacet
 facet normal 0.000000 -1.000000 0.000000
  outer loop
   vertex 27.500000 -45.600000 10.000000
   vertex 55.000000 -45.600000 10.000000
   vertex 55.000000 -45.600000 11.600000
  endloop
 endfacet
 facet normal 0.000000 -1.000000 0.000000
  outer loop
   vertex 27.500000 -45.600000 10.000000
   vertex 55.000000 -45.600000 11.600000
   vertex 27.500000 -45.600000 11.600000
  endloop
 endfacet
 facet normal 0.000000 1.000000 0.000000
  outer loop
   vertex 27.500000 -42.400000 10.000000
   vertex 27.500000 -42.400000 11.600000
   vertex 55.000000 -42.400000 11.600000
  endloop
 endfacet
 facet normal 0.000000 1.000000 0.000000
  outer loop
   vertex 27.500000 -42.400000 10.000000
   vertex 55.000000 -42.400000 11.600000
   vertex 55.000000 -42.400000 10.000000
  endloop
 endfacet
 facet normal -1.000000 0.000000 0.000000
  outer loop
   vertex 27.500000 -45.600000 10.000000
   vertex 27.500000 -45.600000 11.600000
   vertex 27.500000 -42.400000 11.600000
  endloop
 endfacet
 facet normal -1.000000 0.000000 0.000000
  outer loop
   vertex 27.500000 -45.600000 10.000000
   vertex 27.500000 -42.400000 11.600000
   vertex 27.500000 -42.400000 10.000000
  endloop
 endfacet
 facet normal 1.000000 0.000000 0.000000
  outer loop
   vertex 55.000000 -45.600000 10.000000
   vertex 55.000000 -42.400000 10.000000
   vertex 55.000000 -42.400000 11.600000
  endloop
 endfacet
 facet normal 1.000000 0.000000 0.000000
  outer loop
   vertex 55.000000 -45.600000 10.000000
   vertex 55.000000 -42.400000 11.600000
   vertex 55.000000 -45.600000 11.600000
  endloop
 endfacet
 facet normal 0.000000 0.000000 -1.000000
  outer loop
   vertex -55.000000 -50.600000 14.000000
   vertex -55.000000 -47.400000 14.000000
   vertex -27.500000 -47.400000 14.000000
  endloop
 endfacet
 facet normal 0.000000 0.000000 -1.000000
  outer loop
   vertex -55.000000 -50.600000 14.000000
   vertex -27.500000 -47.400000 14.000000
   vertex -27.500000 -50.600000 14.000000
  endloop
 endfacet
 facet normal 0.000000 0.000000 1.000000
  outer loop
   vertex -55.000000 -50.600000 15.600000
   vertex -27.500000 -50.600000 15.600000
   vertex -27.500000 -47.400000 15.600000
  endloop
 endfacet
 facet normal 0.000000 0.000000 1.000000
  outer loop
   vertex -55.000000 -50.600000 15.600000
   vertex -27.500000 -47.400000 15.600000
   vertex -55.000000 -47.400000 15.600000
  endloop
 endfacet
 facet normal 0.000000 -1.000000 0.000000
  outer loop
   vertex -55.000000 -50.600000 14.000000
   vertex -27.500000 -50.600000 14.000000
   vertex -27.500000 -50.600000 15.600000
  endloop
 endfacet
 facet normal 0.000000 -1.000000 0.000000
  outer loop
   vertex -55.000000 -50.600000 14.000000
   vertex -27.500000 -50.600000 15.600000
   vertex -55.000000 -50.600000 15.600000
  endloop
 endfacet
 facet normal 0.000000 1.000000 0.000000
  outer loop
   vertex -55.000000 -47.400000 14.000000
   vertex -55.000000 -47.400000 15.600000
   vertex -27.500000 -47.400000 15.600000
  endloop
 endfacet
 facet normal 0.000000 1.000000 0.000000
  outer loop
   vertex -55.000000 -47.400000 14.000000
   vertex -27.500000 -47.400000 15.600000
   vertex -27.500000 -47.400000 14.000000
  endloop
 endfacet
 facet normal -1.000000 0.000000 0.000000
  outer loop
   vertex -55.000000 -50.600000 14.000000
   vertex -55.000000 -50.600000 15.600000
   vertex -55.000000 -47.400000 15.600000
  endloop
 endfacet
 facet normal -1.000000 0.000000 0.000000
  outer loop
   vertex -55.000000 -50.600000 14.000000
   vertex -55.000000 -47.400000 15.600000
   vertex -55.000000 -47.400000 14.000000
  endloop
 endfacet
 facet normal 1.000000 0.000000 0.000000
  outer loop
   vertex -27.500000 -50.600000 14.000000
   vertex -27.500000 -47.400000 14.000000
   vertex -27.500000 -47.400000 15.600000
  endloop
 endfacet
 facet normal 1.000000 0.000000 0.000000
  outer loop
   vertex -27.500000 -50.600000 14.000000
   vertex -27.500000 -47.400000 15.600000
   vertex -27.500000 -50.600000 15.600000
  endloop
 endfacet
 facet normal 0.000000 0.000000 -1.000000
  outer loop
   vertex -27.500000 -50.600000 14.000000
   vertex -27.500000 -47.400000 14.000000
   vertex 0.000000 -47.400000 14.000000
  endloop
 endfacet
 facet normal 0.000000 0.000000 -1.000000
  outer loop
   vertex -27.500000 -50.600000 14.000000
   vertex 0.000000 -47.400000 14.000000
   vertex 0.000000 -50.600000 14.000000
  endloop
 endfacet
 facet normal 0.000000 0.000000 1.000000
  outer loop
   vertex -27.500000 -50.600000 15.600000
   vertex 0.000000 -50.600000 15.600000
   vertex 0.000000 -47.400000 15.600000
  endloop
 endfacet
 facet normal 0.000000 0.000000 1.000000
  outer loop
   vertex -27.500000 -50.600000 15.600000
   vertex 0.000000 -47.400000 15.600000
   vertex -27.500000 -47.400000 15.600000
  endloop
 endfacet
 facet normal 0.000000 -1.000000 0.000000
  outer loop
   vertex -27.500000 -50.600000 14.000000
   vertex 0.000000 -50.600000 14.000000
   vertex 0.000000 -50.600000 15.600000
  endloop
 endfacet
 facet normal 0.000000 -1.000000 0.000000
  outer loop
   vertex -27.500000 -50.600000 14.000000
   vertex 0.000000 -50.600000 15.600000
   vertex -27.500000 -50.600000 15.600000
  endloop
 endfacet
 facet normal 0.000000 1.000000 0.000000
  outer loop
   vertex -27.500000 -47.400000 14.000000
   vertex -27.500000 -47.400000 15.600000
   vertex 0.000000 -47.400000 15.600000
  endloop
 endfacet
 facet normal 0.000000 1.000000 0.000000
  outer loop
   vertex -27.500000 -47.400000 14.000000
   vertex 0.000000 -47.400000 15.600000
   vertex 0.000000 -47.400000 14.000000
  endloop
 endfacet
 facet normal -1.000000 0.000000 0.000000
  outer loop
   vertex -27.500000 -50.600000 14.000000
   vertex -27.500000 -50.600000 15.600000
   vertex -27.500000 -47.400000 15.600000
  endloop
 endfacet
 facet normal -1.000000 0.000000 0.000000
  outer loop
   vertex -27.500000 -50.600000 14.000000
   vertex -27.500000 -47.400000 15.600000
   vertex -27.500000 -47.400000 14.000000
  endloop
 endfacet
 facet normal 1.000000 0.000000 0.000000
  outer loop
   vertex 0.000000 -50.600000 14.000000
   vertex 0.000000 -47.400000 14.000000
   vertex 0.000000 -47.400000 15.600000
  endloop
 endfacet
 facet normal 1.000000 0.000000 0.000000
  outer loop
   vertex 0.000000 -50.600000 14.000000
   vertex 0.000000 -47.400000 15.600000
   vertex 0.000000 -50.600000 15.600000
  endloop
 endfacet
 facet normal 0.000000 0.000000 -1.000000
  outer loop
   vertex 0.000000 -50.600000 14.000000
   vertex 0.000000 -47.400000 14.000000
   vertex 27.500000 -47.400000 14.000000
  endloop
 endfacet
 facet normal 0.000000 0.000000 -1.000000
  outer loop
   vertex 0.000000 -50.600000 14.000000
   vertex 27.500000 -47.400000 14.000000
   vertex 27.500000 -50.600000 14.000000
  endloop
 endfacet
 facet normal 0.000000 0.000000 1.000000
  outer loop
   vertex 0.000000 -50.600000 15.600000
   vertex 27.500000 -50.600000 15.600000
   vertex 27.500000 -47.400000 15.600000
  endloop
 endfacet
 facet normal 0.000000 0.000000 1.000000
  outer loop
   vertex 0.000000 -50.600000 15.600000
   vertex 27.500000 -47.400000 15.600000
   vertex 0.000000 -47.400000 15.600000
  endloop
 endfacet
 facet normal 0.000000 -1.000000 0.000000
  outer loop
   vertex 0.000000 -50.600000 14.000000
   vertex 27.500000 -50.600000 14.000000
   vertex 27.500000 -50.600000 15.600000
  endloop
 endfacet
 facet normal 0.000000 -1.000000 0.000000
  outer loop
   vertex 0.000000 -50.600000 14.000000
   vertex 27.500000 -50.600000 15.600000
   vertex 0.000000 -50.600000 15.600000
  endloop
 endfacet
 facet normal 0.000000 1.000000 0.000000
  outer loop
   vertex 0.000000 -47.400000 14.000000
   vertex 0.000000 -47.400000 15.600000
   vertex 27.500000 -47.400000 15.600000
  endloop
 endfacet
 facet normal 0.000000 1.000000 0.000000
  outer loop
   vertex 0.000000 -47.400000 14.000000
   vertex 27.500000 -47.400000 15.600000
   vertex 27.500000 -47.400000 14.000000
  endloop
 endfacet
 facet normal -1.000000 0.000000 0.000000
  outer loop
   vertex 0.000000 -50.600000 14.000000
   vertex 0.000000 -50.600000 15.600000
   vertex 0.000000 -47.400000 15.600000
  endloop
 endfacet
 facet normal -1.000000 0.000000 0.000000
  outer loop
   vertex 0.000000 -50.600000 14.000000
   vertex 0.000000 -47.400000 15.600000
   vertex 0.000000 -47.400000 14.000000
  endloop
 endfacet
 facet normal 1.000000 0.000000 0.000000
  outer loop
   vertex 27.500000 -50.600000 14.000000
   vertex 27.500000 -47.400000 14.000000
   vertex 27.500000 -47.400000 15.600000
  endloop
 endfacet
 facet normal 1.000000 0.000000 0.000000
  outer loop
   vertex 27.500000 -50.600000 14.000000
   vertex 27.500000 -47.400000 15.600000
   vertex 27.500000 -50.600000 15.600000
  endloop
 endfacet
 facet normal 0.000000 0.000000 -1.000000
  outer loop
   vertex 27.500000 -50.600000 14.000000
   vertex 27.500000 -47.400000 14.000000
   vertex 55.000000 -47.400000 14.000000
  endloop
 endfacet
 facet normal 0.000000 0.000000 -1.000000
  outer loop
   vertex 27.500000 -50.600000 14.000000
   vertex 55.000000 -47.400000 14.000000
   vertex 55.000000 -50.600000 14.000000
  endloop
 endfacet
 facet normal 0.000000 0.000000 1.000000
  outer loop
   vertex 27.500000 -50.600000 15.600000
   vertex 55.000000 -50.600000 15.600000
   vertex 55.000000 -47.400000 15.600000
  endloop
 endfacet
 facet normal 0.000000 0.000000 1.000000
  outer loop
   vertex 27.500000 -50.600000 15.600000
   vertex 55.000000 -47.400000 15.600000
   vertex 27.500000 -47.400000 15.600000
  endloop
 endfacet
 facet normal 0.000000 -1.000000 0.000000
  outer loop
   vertex 27.500000 -50.600000 14.000000
   vertex 55.000000 -50.600000 14.000000
   vertex 55.000000 -50.600000 15.600000
  endloop
 endfacet
 facet normal 0.000000 -1.000000 0.000000
  outer loop
   vertex 27.500000 -50.600000 14.000000
   vertex 55.000000 -50.600000 15.600000
   vertex 27.500000 -50.600000 15.600000
  endloop
 endfacet
 facet normal 0.000000 1.000000 0.000000
  outer loop
   vertex 27.500000 -47.400000 14.000000
   vertex 27.500000 -47.400000 15.600000
   vertex 55.000000 -47.400000 15.600000
  endloop
 endfacet
 facet normal 0.000000 1.000000 0.000000
  outer loop
   vertex 27.500000 -47.400000 14.000000
   vertex 55.000000 -47.400000 15.600000
   vertex 55.000000 -47.400000 14.000000
  endloop
 endfacet
 facet normal -1.000000 0.000000 0.000000
  outer loop
   vertex 27.500000 -50.600000 14.000000
   vertex 27.500000 -50.600000 15.600000
   vertex 27.500000 -47.400000 15.600000
  endloop
 endfacet
 facet normal -1.000000 0.000000 0.000000
  outer loop
   vertex 27.500000 -50.600000 14.000000
   vertex 27.500000 -47.400000 15.600000
   vertex 27.500000 -47.400000 14.000000
  endloop
 endfacet
 facet normal 1.000000 0.000000 0.000000
  outer loop
   vertex 55.000000 -50.600000 14.000000
   vertex 55.000000 -47.400000 14.000000
   vertex 55.000000 -47.400000 15.600000
  endloop
 endfacet
 facet normal 1.000000 0.000000 0.000000
  outer loop
   vertex 55.000000 -50.600000 14.000000
   vertex 55.000000 -47.400000 15.600000
   vertex 55.000000 -50.600000 15.600000
  endloop
 endfacet
 facet normal 0.000000 0.000000 -1.000000
  outer loop
   vertex -55.000000 -55.600000 18.000000
   vertex -55.000000 -52.400000 18.000000
   vertex -27.500000 -52.400000 18.000000
  endloop
 endfacet
 facet normal 0.000000 0.000000 -1.000000
  outer loop
   vertex -55.000000 -55.600000 18.000000
   vertex -27.500000 -52.400000 18.000000
   vertex -27.500000 -55.600000 18.000000
  endloop
 endfacet
 facet normal 0.000000 0.000000 1.000000
  outer loop
   vertex -55.000000 -55.600000 19.600000
   vertex -27.500000 -55.600000 19.600000
   vertex -27.500000 -52.400000 19.600000
  endloop
 endfacet
 facet normal 0.000000 0.000000 1.000000
  outer loop
   vertex -55.000000 -55.600000 19.600000
   vertex -27.500000 -52.400000 19.600000
   vertex -55.000000 -52.400000 19.600000
  endloop
 endfacet
 facet normal 0.000000 -1.000000 0.000000
  outer loop
   vertex -55.000000 -55.600000 18.000000
   vertex -27.500000 -55.600000 18.000000
   vertex -27.500000 -55.600000 19.600000
  endloop
 endfacet
 facet normal 0.000000 -1.000000 0.000000
  outer loop
   vertex -55.000000 -55.600000 18.000000
   vertex -27.500000 -55.600000 19.600000
   vertex -55.000000 -55.600000 19.600000
  endloop
 endfacet
 facet normal 0.000000 1.000000 0.000000
  outer loop
   vertex -55.000000 -52.400000 18.000000
   vertex -55.000000 -52.400000 19.600000
   vertex -27.500000 -52.400000 19.600000
  endloop
 endfacet
 facet normal 0.000000 1.000000 0.000000
  outer loop
   vertex -55.000000 -52.400000 18.000000
   vertex -27.500000 -52.400000 19.600000
   vertex -27.500000 -52.400000 18.000000
  endloop
 endfacet
 facet normal -1.000000 0.000000 0.000000
  outer loop
   vertex -55.000000 -55.600000 18.000000
   vertex -55.000000 -55.600000 19.600000
   vertex -55.000000 -52.400000 19.600000
  endloop
 endfacet
 facet normal -1.000000 0.000000 0.000000
  outer loop
   vertex -55.000000 -55.600000 18.000000
   vertex -55.000000 -52.400000 19.600000
   vertex -55.000000 -52.400000 18.000000
  endloop
 endfacet
 facet normal 1.000000 0.000000 0.000000
  outer loop
   vertex -27.500000 -55.600000 18.000000
   vertex -27.500000 -52.400000 18.000000
   vertex -27.500000 -52.400000 19.600000
  endloop
 endfacet
 facet normal 1.000000 0.000000 0.000000
  outer loop
   vertex -27.500000 -55.600000 18.000000
   vertex -27.500000 -52.400000 19.600000
   vertex -27.500000 -55.600000 19.600000
  endloop
 endfacet
 facet normal 0.000000 0.000000 -1.000000
  outer loop
   vertex -27.500000 -55.600000 18.000000
   vertex -27.500000 -52.400000 18.000000
   vertex 0.000000 -52.400000 18.000000
  endloop
 endfacet
 facet normal 0.000000 0.000000 -1.000000
  outer loop
   vertex -27.500000 -55.600000 18.000000
   vertex 0.000000 -52.400000 18.000000
   vertex 0.000000 -55.600000 18.000000
  endloop
 endfacet
 facet normal 0.000000 0.000000 1.000000
  outer loop
   vertex -27.500000 -55.600000 19.600000
   vertex 0.000000 -55.600000 19.600000
   vertex 0.000000 -52.400000 19.600000
  endloop
 endfacet
 facet normal 0.000000 0.000000 1.000000
  outer loop
   vertex -27.500000 -55.600000 19.600000
   vertex 0.000000 -52.400000 19.600000
   vertex -27.500000 -52.400000 19.600000
  endloop
 endfacet
 facet normal 0.000000 -1.000000 0.000000
  outer loop
   vertex -27.500000 -55.600000 18.000000
   vertex 0.000000 -55.600000 18.000000
   vertex 0.000000 -55.600000 19.600000
  endloop
 endfacet
 facet normal 0.000000 -1.000000 0.000000
  outer loop
   vertex -27.500000 -55.600000 18.000000
   vertex 0.000000 -55.600000 19.600000
   vertex -27.500000 -55.600000 19.600000
  endloop
 endfacet
 facet normal 0.000000 1.000000 0.000000
  outer loop
   vertex -27.500000 -52.400000 18.000000
   vertex -27.500000 -52.400000 19.600000
   vertex 0.000000 -52.400000 19.600000
  endloop
 endfacet
 facet normal 0.000000 1.000000 0.000000
  outer loop
   vertex -27.500000 -52.400000 18.000000
   vertex 0.000000 -52.400000 19.600000
   vertex 0.000000 -52.400000 18.000000
  endloop
 endfacet
 facet normal -1.000000 0.000000 0.000000
  outer loop
   vertex -27.500000 -55.600000 18.000000
   vertex -27.500000 -55.600000 19.600000
   vertex -27.500000 -52.400000 19.600000
  endloop
 endfacet
 facet normal -1.000000 0.000000 0.000000
  outer loop
   vertex -27.500000 -55.600000 18.000000
   vertex -27.500000 -52.400000 19.600000
   vertex -27.500000 -52.400000 18.000000
  endloop
 endfacet
 facet normal 1.000000 0.000000 0.000000
  outer loop
   vertex 0.000000 -55.600000 18.000000
   vertex 0.000000 -52.400000 18.000000
   vertex 0.000000 -52.400000 19.600000
  endloop
 endfacet
 facet normal 1.000000 0.000000 0.000000
  outer loop
   vertex 0.000000 -55.600000 18.000000
   vertex 0.000000 -52.400000 19.600000
   vertex 0.000000 -55.600000 19.600000
  endloop
 endfacet
 facet normal 0.000000 0.000000 -1.000000
  outer loop
   vertex 0.000000 -55.600000 18.000000
   vertex 0.000000 -52.400000 18.000000
   vertex 27.500000 -52.400000 18.000000
  endloop
 endfacet
 facet normal 0.000000 0.000000 -1.000000
  outer loop
   vertex 0.000000 -55.600000 18.000000
   vertex 27.500000 -52.400000 18.000000
   vertex 27.500000 -55.600000 18.000000
  endloop
 endfacet
 facet normal 0.000000 0.000000 1.000000
  outer loop
   vertex 0.000000 -55.600000 19.600000
   vertex 27.500000 -55.600000 19.600000
   vertex 27.500000 -52.400000 19.600000
  endloop
 endfacet
 facet normal 0.000000 0.000000 1.000000
  outer loop
   vertex 0.000000 -55.600000 19.600000
   vertex 27.500000 -52.400000 19.600000
   vertex 0.000000 -52.400000 19.600000
  endloop
 endfacet
 facet normal 0.000000 -1.000000 0.000000
  outer loop
   vertex 0.000000 -55.600000 18.000000
   vertex 27.500000 -55.600000 18.000000
   vertex 27.500000 -55.600000 19.600000
  endloop
 endfacet
 facet normal 0.000000 -1.000000 0.000000
  outer loop
   vertex 0.000000 -55.600000 18.000000
   vertex 27.500000 -55.600000 19.600000
   vertex 0.000000 -55.600000 19.600000
  endloop
 endfacet
 facet normal 0.000000 1.000000 0.000000
  outer loop
   vertex 0.000000 -52.400000 18.000000
   vertex 0.000000 -52.400000 19.600000
   vertex 27.500000 -52.400000 19.600000
  endloop
 endfacet
 facet normal 0.000000 1.000000 0.000000
  outer loop
   vertex 0.000000 -52.400000 18.000000
   vertex 27.500000 -52.400000 19.600000
   vertex 27.500000 -52.400000 18.000000
  endloop
 endfacet
 facet normal -1.000000 0.000000 0.000000
  outer loop
   vertex 0.000000 -55.600000 18.000000
   vertex 0.000000 -55.600000 19.600000
   vertex 0.000000 -52.400000 19.600000
  endloop
 endfacet
 facet normal -1.000000 0.000000 0.000000
  outer loop
   vertex 0.000000 -55.600000 18.000000
   vertex 0.000000 -52.400000 19.600000
   vertex 0.000000 -52.400000 18.000000
  endloop
 endfacet
 facet normal 1.000000 0.000000 0.000000
  outer loop
   vertex 27.500000 -55.600000 18.000000
   vertex 27.500000 -52.400000 18.000000
   vertex 27.500000 -52.400000 19.600000
  endloop
 endfacet
 facet normal 1.000000 0.000000 0.000000
  outer loop
   vertex 27.500000 -55.600000 18.000000
   vertex 27.500000 -52.400000 19.600000
   vertex 27.500000 -55.600000 19.600000
  endloop
 endfacet
 facet normal 0.000000 0.000000 -1.000000
  outer loop
   vertex 27.500000 -55.600000 18.000000
   vertex 27.500000 -52.400000 18.000000
   vertex 55.000000 -52.400000 18.000000
  endloop
 endfacet
 facet normal 0.000000 0.000000 -1.000000
  outer loop
   vertex 27.500000 -55.600000 18.000000
   vertex 55.000000 -52.400000 18.000000
   vertex 55.000000 -55.600000 18.000000
  endloop
 endfacet
 facet normal 0.000000 0.000000 1.000000
  outer loop
   vertex 27.500000 -55.600000 19.600000
   vertex 55.000000 -55.600000 19.600000
   vertex 55.000000 -52.400000 19.600000
  endloop
 endfacet
 facet normal 0.000000 0.000000 1.000000
  outer loop
   vertex 27.500000 -55.600000 19.600000
   vertex 55.000000 -52.400000 19.600000
   vertex 27.500000 -52.400000 19.600000
  endloop
 endfacet
 facet normal 0.000000 -1.000000 0.000000
  outer loop
   vertex 27.500000 -55.600000 18.000000
   vertex 55.000000 -55.600000 18.000000
   vertex 55.000000 -55.600000 19.600000
  endloop
 endfacet
 facet normal 0.000000 -1.000000 0.000000
  outer loop
   vertex 27.500000 -55.600000 18.000000
   vertex 55.000000 -55.600000 19.600000
   vertex 27.500000 -55.600000 19.600000
  endloop
 endfacet
 facet normal 0.000000 1.000000 0.000000
  outer loop
   vertex 27.500000 -52.400000 18.000000
   vertex 27.500000 -52.400000 19.600000
   vertex 55.000000 -52.400000 19.600000
  endloop
 endfacet
 facet normal 0.000000 1.000000 0.000000
  outer loop
   vertex 27.500000 -52.400000 18.000000
   vertex 55.000000 -52.400000 19.600000
   vertex 55.000000 -52.400000 18.000000
  endloop
 endfacet
 facet normal -1.000000 0.000000 0.000000
  outer loop
   vertex 27.500000 -55.600000 18.000000
   vertex 27.500000 -55.600000 19.600000
   vertex 27.500000 -52.400000 19.600000
  endloop
 endfacet
 facet normal -1.000000 0.000000 0.000000
  outer loop
   vertex 27.500000 -55.600000 18.000000
   vertex 27.500000 -52.400000 19.600000
   vertex 27.500000 -52.400000 18.000000
  endloop
 endfacet
 facet normal 1.000000 0.000000 0.000000
  outer loop
   vertex 55.000000 -55.600000 18.000000
   vertex 55.000000 -52.400000 18.000000
   vertex 55.000000 -52.400000 19.600000
  endloop
 endfacet
 facet normal 1.000000 0.000000 0.000000
  outer loop
   vertex 55.000000 -55.600000 18.000000
   vertex 55.000000 -52.400000 19.600000
   vertex 55.000000 -55.600000 19.600000
  endloop
 endfacet
 facet normal 0.000000 0.000000 -1.000000
  outer loop
   vertex -55.000000 37.400000 6.000000
   vertex -55.000000 40.600000 6.000000
   vertex -27.500000 40.600000 6.000000
  endloop
 endfacet
 facet normal 0.000000 0.000000 -1.000000
  outer loop
   vertex -55.000000 37.400000 6.000000
   vertex -27.500000 40.600000 6.000000
   vertex -27.500000 37.400000 6.000000
  endloop
 endfacet
 facet normal 0.000000 0.000000 1.000000
  outer loop
   vertex -55.000000 37.400000 7.600000
   vertex -27.500000 37.400000 7.600000
   vertex -27.500000 40.600000 7.600000
  endloop
 endfacet
 facet normal 0.000000 0.000000 1.000000
  outer loop
   vertex -55.000000 37.400000 7.600000
   vertex -27.500000 40.600000 7.600000
   vertex -55.000000 40.600000 7.600000
  endloop
 endfacet
 facet normal 0.000000 -1.000000 0.000000
  outer loop
   vertex -55.000000 37.400000 6.000000
   vertex -27.500000 37.400000 6.000000
   vertex -27.500000 37.400000 7.600000
  endloop
 endfacet
 facet normal 0.000000 -1.000000 0.000000
  outer loop
   vertex -55.000000 37.400000 6.000000
   vertex -27.500000 37.400000 7.600000
   vertex -55.000000 37.400000 7.600000
  endloop
 endfacet
 facet normal 0.000000 1.000000 0.000000
  outer loop
   vertex -55.000000 40.600000 6.000000
   vertex -55.000000 40.600000 7.600000
   vertex -27.500000 40.600000 7.600000
  endloop
 endfacet
 facet normal 0.000000 1.000000 0.000000
  outer loop
   vertex -55.000000 40.600000 6.000000
   vertex -27.500000 40.600000 7.600000
   vertex -27.500000 40.600000 6.000000
  endloop
 endfacet
 facet normal -1.000000 0.000000 0.000000
  outer loop
   vertex -55.000000 37.400000 6.000000
   vertex -55.000000 37.400000 7.600000
   vertex -55.000000 40.600000 7.600000
  endloop
 endfacet
 facet normal -1.000000 0.000000 0.000000
  outer loop
   vertex -55.000000 37.400000 6.000000
   vertex -55.000000 40.600000 7.600000
   vertex -55.000000 40.600000 6.000000
  endloop
 endfacet
 facet normal 1.000000 0.000000 0.000000
  outer loop
   vertex -27.500000 37.400000 6.000000
   vertex -27.500000 40.600000 6.000000
   vertex -27.500000 40.600000 7.600000
  endloop
 endfacet
 facet normal 1.000000 0.000000 0.000000
  outer loop
   vertex -27.500000 37.400000 6.000000
   vertex -27.500000 40.600000 7.600000
   vertex -27.500000 37.400000 7.600000
  endloop
 endfacet
 facet normal 0.000000 0.000000 -1.000000
  outer loop
   vertex -27.500000 37.400000 6.000000
   vertex -27.500000 40.600000 6.000000
   vertex 0.000000 40.600000 6.000000
  endloop
 endfacet
 facet normal 0.000000 0.000000 -1.000000
  outer loop
   vertex -27.500000 37.400000 6.000000
   vertex 0.000000 40.600000 6.000000
   vertex 0.000000 37.400000 6.000000
  endloop
 endfacet
 facet normal 0.000000 0.000000 1.000000
  outer loop
   vertex -27.500000 37.400000 7.600000
   vertex 0.000000 37.400000 7.600000
   vertex 0.000000 40.600000 7.600000
  endloop
 endfacet
 facet normal 0.000000 0.000000 1.000000
  outer loop
   vertex -27.500000 37.400000 7.600000
   vertex 0.000000 40.600000 7.600000
   vertex -27.500000 40.600000 7.600000
  endloop
 endfacet
 facet normal 0.000000 -1.000000 0.000000
  outer loop
   vertex -27.500000 37.400000 6.000000
   vertex 0.000000 37.400000 6.000000
   vertex 0.000000 37.400000 7.600000
  endloop
 endfacet
 facet normal 0.000000 -1.000000 0.000000
  outer loop
   vertex -27.500000 37.400000 6.000000
   vertex 0.000000 37.400000 7.600000
   vertex -27.500000 37.400000 7.600000
  endloop
 endfacet
 facet normal 0.000000 1.000000 0.000000
  outer loop
   vertex -27.500000 40.600000 6.000000
   vertex -27.500000 40.600000 7.600000
   vertex 0.000000 40.600000 7.600000
  endloop
 endfacet
 facet normal 0.000000 1.000000 0.000000
  outer loop
   vertex -27.500000 40.600000 6.000000
   vertex 0.000000 40.600000 7.600000
   vertex 0.000000 40.600000 6.000000
  endloop
 endfacet
 facet normal -1.000000 0.000000 0.000000
  outer loop
   vertex -27.500000 37.400000 6.000000
   vertex -27.500000 37.400000 7.600000
   vertex -27.500000 40.600000 7.600000
  endloop
 endfacet
 facet normal -1.000000 0.000000 0.000000
  outer loop
   vertex -27.500000 37.400000 6.000000
   vertex -27.500000 40.600000 7.600000
   vertex -27.500000 40.600000 6.000000
  endloop
 endfacet
 facet normal 1.000000 0.000000 0.000000
  outer loop
   vertex 0.000000 37.400000 6.000000
   vertex 0.000000 40.600000 6.000000
   vertex 0.000000 40.600000 7.600000
  endloop
 endfacet
 facet normal 1.000000 0.000000 0.000000
  outer loop
   vertex 0.000000 37.400000 6.000000
   vertex 0.000000 40.600000 7.600000
   vertex 0.000000 37.400000 7.600000
  endloop
 endfacet
 facet normal 0.000000 0.000000 -1.000000
  outer loop
   vertex 0.000000 37.400000 6.000000
   vertex 0.000000 40.600000 6.000000
   vertex 27.500000 40.600000 6.000000
  endloop
 endfacet
 facet normal 0.000000 0.000000 -1.000000
  outer loop
   vertex 0.000000 37.400000 6.000000
   vertex 27.500000 40.600000 6.000000
   vertex 27.500000 37.400000 6.000000
  endloop
 endfacet
 facet normal 0.000000 0.000000 1.000000
  outer loop
   vertex 0.000000 37.400000 7.600000
   vertex 27.500000 37.400000 7.600000
   vertex 27.500000 40.600000 7.600000
  endloop
 endfacet
 facet normal 0.000000 0.000000 1.000000
  outer loop
   vertex 0.000000 37.400000 7.600000
   vertex 27.500000 40.600000 7.600000
   vertex 0.000000 40.600000 7.600000
  endloop
 endfacet
 facet normal 0.000000 -1.000000 0.000000
  outer loop
   vertex 0.000000 37.400000 6.000000
   vertex 27.500000 37.400000 6.000000
   vertex 27.500000 37.400000 7.600000
  endloop
 endfacet
 facet normal 0.000000 -1.000000 0.000000
  outer loop
   vertex 0.000000 37.400000 6.000000
   vertex 27.500000 37.400000 7.600000
   vertex 0.000000 37.400000 7.600000
  endloop
 endfacet
 facet normal 0.000000 1.000000 0.000000
  outer loop
   vertex 0.000000 40.600000 6.000000
   vertex 0.000000 40.600000 7.600000
   vertex 27.500000 40.600000 7.600000
  endloop
 endfacet
 facet normal 0.000000 1.000000 0.000000
  outer loop
   vertex 0.000000 40.600000 6.000000
   vertex 27.500000 40.600000 7.600000
   vertex 27.500000 40.600000 6.000000
  endloop
 endfacet
 facet normal -1.000000 0.000000 0.000000
  outer loop
   vertex 0.000000 37.400000 6.000000
   vertex 0.000000 37.400000 7.600000
   vertex 0.000000 40.600000 7.600000
  endloop
 endfacet
 facet normal -1.000000 0.000000 0.000000
  outer loop
   vertex 0.000000 37.400000 6.000000
   vertex 0.000000 40.600000 7.600000
   vertex 0.000000 40.600000 6.000000
  endloop
 endfacet
 facet normal 1.000000 0.000000 0.000000
  outer loop
   vertex 27.500000 37.400000 6.000000
   vertex 27.500000 40.600000 6.000000
   vertex 27.500000 40.600000 7.600000
  endloop
 endfacet
 facet normal 1.000000 0.000000 0.000000
  outer loop
   vertex 27.500000 37.400000 6.000000
   vertex 27.500000 40.600000 7.600000
   vertex 27.500000 37.400000 7.600000
  endloop
 endfacet
 facet normal 0.000000 0.000000 -1.000000
  outer loop
   vertex 27.500000 37.400000 6.000000
   vertex 27.500000 40.600000 6.000000
   vertex 55.000000 40.600000 6.000000
  endloop
 endfacet
 facet normal 0.000000 0.000000 -1.000000
  outer loop
   vertex 27.500000 37.400000 6.000000
   vertex 55.000000 40.600000 6.000000
   vertex 55.000000 37.400000 6.000000
  endloop
 endfacet
 facet normal 0.000000 0.000000 1.000000
  outer loop
   vertex 27.500000 37.400000 7.600000
   vertex 55.000000 37.400000 7.600000
   vertex 55.000000 40.600000 7.600000
  endloop
 endfacet
 facet normal 0.000000 0.000000 1.000000
  outer loop
   vertex 27.500000 37.400000 7.600000
   vertex 55.000000 40.600000 7.600000
   vertex 27.500000 40.600000 7.600000
  endloop
 endfacet
 facet normal 0.000000 -1.000000 0.000000
  outer loop
   vertex 27.500000 37.400000 6.000000
   vertex 55.000000 37.400000 6.000000
   vertex 55.000000 37.400000 7.600000
  endloop
 endfacet
 facet normal 0.000000 -1.000000 0.000000
  outer loop
   vertex 27.500000 37.400000 6.000000
   vertex 55.000000 37.400000 7.600000
   vertex 27.500000 37.400000 7.600000
  endloop
 endfacet
 facet normal 0.000000 1.000000 0.000000
  outer loop
   vertex 27.500000 40.600000 6.000000
   vertex 27.500000 40.600000 7.600000
   vertex 55.000000 40.600000 7.600000
  endloop
 endfacet
 facet normal 0.000000 1.000000 0.000000
  outer loop
   vertex 27.500000 40.600000 6.000000
   vertex 55.000000 40.600000 7.600000
   vertex 55.000000 40.600000 6.000000
  endloop
 endfacet
 facet normal -1.000000 0.000000 0.000000
  outer loop
   vertex 27.500000 37.400000 6.000000
   vertex 27.500000 37.400000 7.600000
   vertex 27.500000 40.600000 7.600000
  endloop
 endfacet
 facet normal -1.000000 0.000000 0.000000
  outer loop
   vertex 27.500000 37.400000 6.000000
   vertex 27.500000 40.600000 7.600000
   vertex 27.500000 40.600000 6.000000
  endloop
 endfacet
 facet normal 1.000000 0.000000 0.000000
  outer loop
   vertex 55.000000 37.400000 6.000000
   vertex 55.000000 40.600000 6.000000
   vertex 55.000000 40.600000 7.600000
  endloop
 endfacet
 facet normal 1.000000 0.000000 0.000000
  outer loop
   vertex 55.000000 37.400000 6.000000
   vertex 55.000000 40.600000 7.600000
   vertex 55.000000 37.400000 7.600000
  endloop
 endfacet
 facet normal 0.000000 0.000000 -1.000000
  outer loop
   vertex -55.000000 42.400000 10.000000
   vertex -55.000000 45.600000 10.000000
   vertex -27.500000 45.600000 10.000000
  endloop
 endfacet
 facet normal 0.000000 0.000000 -1.000000
  outer loop
   vertex -55.000000 42.400000 10.000000
   vertex -27.500000 45.600000 10.000000
   vertex -27.500000 42.400000 10.000000
  endloop
 endfacet
 facet normal 0.000000 0.000000 1.000000
  outer loop
   vertex -55.000000 42.400000 11.600000
   vertex -27.500000 42.400000 11.600000
   vertex -27.500000 45.600000 11.600000
  endloop
 endfacet
 facet normal 0.000000 0.000000 1.000000
  outer loop
   vertex -55.000000 42.400000 11.600000
   vertex -27.500000 45.600000 11.600000
   vertex -55.000000 45.600000 11.600000
  endloop
 endfacet
 facet normal 0.000000 -1.000000 0.000000
  outer loop
   vertex -55.000000 42.400000 10.000000
   vertex -27.500000 42.400000 10.000000
   vertex -27.500000 42.400000 11.600000
  endloop
 endfacet
 facet normal 0.000000 -1.000000 0.000000
  outer loop
   vertex -55.000000 42.400000 10.000000
   vertex -27.500000 42.400000 11.600000
   vertex -55.000000 42.400000 11.600000
  endloop
 endfacet
 facet normal 0.000000 1.000000 0.000000
  outer loop
   vertex -55.000000 45.600000 10.000000
   vertex -55.000000 45.600000 11.600000
   vertex -27.500000 45.600000 11.600000
  endloop
 endfacet
 facet normal 0.000000 1.000000 0.000000
  outer loop
   vertex -55.000000 45.600000 10.000000
   vertex -27.500000 45.600000 11.600000
   vertex -27.500000 45.600000 10.000000
  endloop
 endfacet
 facet normal -1.000000 0.000000 0.000000
  outer loop
   vertex -55.000000 42.400000 10.000000
   vertex -55.000000 42.400000 11.600000
   vertex -55.000000 45.600000 11.600000
  endloop
 endfacet
 facet normal -1.000000 0.000000 0.000000
  outer loop
   vertex -55.000000 42.400000 10.000000
   vertex -55.000000 45.600000 11.600000
   vertex -55.000000 45.600000 10.000000
  endloop
 endfacet
 facet normal 1.000000 0.000000 0.000000
  outer loop
   vertex -27.500000 42.400000 10.000000
   vertex -27.500000 45.600000 10.000000
   vertex -27.500000 45.600000 11.600000
  endloop
 endfacet
 facet normal 1.000000 0.000000 0.000000
  outer loop
   vertex -27.500000 42.400000 10.000000
   vertex -27.500000 45.600000 11.600000
   vertex -27.500000 42.400000 11.600000
  endloop
 endfacet
 facet normal 0.000000 0.000000 -1.000000
  outer loop
   vertex -27.500000 42.400000 10.000000
   vertex -27.500000 45.600000 10.000000
   vertex 0.000000 45.600000 10.000000
  endloop
 endfacet
 facet normal 0.000000 0.000000 -1.000000
  outer loop
   vertex -27.500000 42.400000 10.000000
   vertex 0.000000 45.600000 10.000000
   vertex 0.000000 42.400000 10.000000
  endloop
 endfacet
 facet normal 0.000000 0.000000 1.000000
  outer loop
   vertex -27.500000 42.400000 11.600000
   vertex 0.000000 42.400000 11.600000
   vertex 0.000000 45.600000 11.600000
  endloop
 endfacet
 facet normal 0.000000 0.000000 1.000000
  outer loop
   vertex -27.500000 42.400000 11.600000
   vertex 0.000000 45.600000 11.600000
   vertex -27.500000 45.600000 11.600000
  endloop
 endfacet
 facet normal 0.000000 -1.000000 0.000000
  outer loop
   vertex -27.500000 42.400000 10.000000
   vertex 0.000000 42.400000 10.000000
   vertex 0.000000 42.400000 11.600000
  endloop
 endfacet
 facet normal 0.000000 -1.000000 0.000000
  outer loop
   vertex -27.500000 42.400000 10.000000
   vertex 0.000000 42.400000 11.600000
   vertex -27.500000 42.400000 11.600000
  endloop
 endfacet
 facet normal 0.000000 1.000000 0.000000
  outer loop
   vertex -27.500000 45.600000 10.000000
   vertex -27.500000 45.600000 11.600000
   vertex 0.000000 45.600000 11.600000
  endloop
 endfacet
 facet normal 0.000000 1.000000 0.000000
  outer loop
   vertex -27.500000 45.600000 10.000000
   vertex 0.000000 45.600000 11.600000
   vertex 0.000000 45.600000 10.000000
  endloop
 endfacet
 facet normal -1.000000 0.000000 0.000000
  outer loop
   vertex -27.500000 42.400000 10.000000
   vertex -27.500000 42.400000 11.600000
   vertex -27.500000 45.600000 11.600000
  endloop
 endfacet
 facet normal -1.000000 0.000000 0.000000
  outer loop
   vertex -27.500000 42.400000 10.000000
   vertex -27.500000 45.600000 11.600000
   vertex -27.500000 45.600000 10.000000
  endloop
 endfacet
 facet normal 1.000000 0.000000 0.000000
  outer loop
   vertex 0.000000 42.400000 10.000000
   vertex 0.000000 45.600000 10.000000
   vertex 0.000000 45.600000 11.600000
  endloop
 endfacet
 facet normal 1.000000 0.000000 0.000000
  outer loop
   vertex 0.000000 42.400000 10.000000
   vertex 0.000000 45.600000 11.600000
   vertex 0.000000 42.400000 11.600000
  endloop
 endfacet
 facet normal 0.000000 0.000000 -1.000000
  outer loop
   vertex 0.000000 42.400000 10.000000
   vertex 0.000000 45.600000 10.000000
   vertex 27.500000 45.600000 10.000000
  endloop
 endfacet
 facet normal 0.000000 0.000000 -1.000000
  outer loop
   vertex 0.000000 42.400000 10.000000
   vertex 27.500000 45.600000 10.000000
   vertex 27.500000 42.400000 10.000000
  endloop
 endfacet
 facet normal 0.000000 0.000000 1.000000
  outer loop
   vertex 0.000000 42.400000 11.600000
   vertex 27.500000 42.400000 11.600000
   vertex 27.500000 45.600000 11.600000
  endloop
 endfacet
 facet normal 0.000000 0.000000 1.000000
  outer loop
   vertex 0.000000 42.400000 11.600000
   vertex 27.500000 45.600000 11.600000
   vertex 0.000000 45.600000 11.600000
  endloop
 endfacet
 facet normal 0.000000 -1.000000 0.000000
  outer loop
   vertex 0.000000 42.400000 10.000000
   vertex 27.500000 42.400000 10.000000
   vertex 27.500000 42.400000 11.600000
  endloop
 endfacet
 facet normal 0.000000 -1.000000 0.000000
  outer loop
   vertex 0.000000 42.400000 10.000000
   vertex 27.500000 42.400000 11.600000
   vertex 0.000000 42.400000 11.600000
  endloop
 endfacet
 facet normal 0.000000 1.000000 0.000000
  outer loop
   vertex 0.000000 45.600000 10.000000
   vertex 0.000000 45.600000 11.600000
   vertex 27.500000 45.600000 11.600000
  endloop
 endfacet
 facet normal 0.000000 1.000000 0.000000
  outer loop
   vertex 0.000000 45.600000 10.000000
   vertex 27.500000 45.600000 11.600000
   vertex 27.500000 45.600000 10.000000
  endloop
 endfacet
 facet normal -1.000000 0.000000 0.000000
  outer loop
   vertex 0.000000 42.400000 10.000000
   vertex 0.000000 42.400000 11.600000
   vertex 0.000000 45.600000 11.600000
  endloop
 endfacet
 facet normal -1.000000 0.000000 0.000000
  outer loop
   vertex 0.000000 42.400000 10.000000
   vertex 0.000000 45.600000 11.600000
   vertex 0.000000 45.600000 10.000000
  endloop
 endfacet
 facet normal 1.000000 0.000000 0.000000
  outer loop
   vertex 27.500000 42.400000 10.000000
   vertex 27.500000 45.600000 10.000000
   vertex 27.500000 45.600000 11.600000
  endloop
 endfacet
 facet normal 1.000000 0.000000 0.000000
  outer loop
   vertex 27.500000 42.400000 10.000000
   vertex 27.500000 45.600000 11.600000
   vertex 27.500000 42.400000 11.600000
  endloop
 endfacet
 facet normal 0.000000 0.000000 -1.000000
  outer loop
   vertex 27.500000 42.400000 10.000000
   vertex 27.500000 45.600000 10.000000
   vertex 55.000000 45.600000 10.000000
  endloop
 endfacet
 facet normal 0.000000 0.000000 -1.000000
  outer loop
   vertex 27.500000 42.400000 10.000000
   vertex 55.000000 45.600000 10.000000
   vertex 55.000000 42.400000 10.000000
  endloop
 endfacet
 facet normal 0.000000 0.000000 1.000000
  outer loop
   vertex 27.500000 42.400000 11.600000
   vertex 55.000000 42.400000 11.600000
   vertex 55.000000 45.600000 11.600000
  endloop
 endfacet
 facet normal 0.000000 0.000000 1.000000
  outer loop
   vertex 27.500000 42.400000 11.600000
   vertex 55.000000 45.600000 11.600000
   vertex 27.500000 45.600000 11.600000
  endloop
 endfacet
 facet normal 0.000000 -1.000000 0.000000
  outer loop
   vertex 27.500000 42.400000 10.000000
   vertex 55.000000 42.400000 10.000000
   vertex 55.000000 42.400000 11.600000
  endloop
 endfacet
 facet normal 0.000000 -1.000000 0.000000
  outer loop
   vertex 27.500000 42.400000 10.000000
   vertex 55.000000 42.400000 11.600000
   vertex 27.500000 42.400000 11.600000
  endloop
 endfacet
 facet normal 0.000000 1.000000 0.000000
  outer loop
   vertex 27.500000 45.600000 10.000000
   vertex 27.500000 45.600000 11.600000
   vertex 55.000000 45.600000 11.600000
  endloop
 endfacet
 facet normal 0.000000 1.000000 0.000000
  outer loop
   vertex 27.500000 45.600000 10.000000
   vertex 55.000000 45.600000 11.600000
   vertex 55.000000 45.600000 10.000000
  endloop
 endfacet
 facet normal -1.000000 0.000000 0.000000
  outer loop
   vertex 27.500000 42.400000 10.000000
   vertex 27.500000 42.400000 11.600000
   vertex 27.500000 45.600000 11.600000
  endloop
 endfacet
 facet normal -1.000000 0.000000 0.000000
  outer loop
   vertex 27.500000 42.400000 10.000000
   vertex 27.500000 45.600000 11.600000
   vertex 27.500000 45.600000 10.000000
  endloop
 endfacet
 facet normal 1.000000 0.000000 0.000000
  outer loop
   vertex 55.000000 42.400000 10.000000
   vertex 55.000000 45.600000 10.000000
   vertex 55.000000 45.600000 11.600000
  endloop
 endfacet
 facet normal 1.000000 0.000000 0.000000
  outer loop
   vertex 55.000000 42.400000 10.000000
   vertex 55.000000 45.600000 11.600000
   vertex 55.000000 42.400000 11.600000
  endloop
 endfacet
 facet normal 0.000000 0.000000 -1.000000
  outer loop
   vertex -55.000000 47.400000 14.000000
   vertex -55.000000 50.600000 14.000000
   vertex -27.500000 50.600000 14.000000
  endloop
 endfacet
 facet normal 0.000000 0.000000 -1.000000
  outer loop
   vertex -55.000000 47.400000 14.000000
   vertex -27.500000 50.600000 14.000000
   vertex -27.500000 47.400000 14.000000
  endloop
 endfacet
 facet normal 0.000000 0.000000 1.000000
  outer loop
   vertex -55.000000 47.400000 15.600000
   vertex -27.500000 47.400000 15.600000
   vertex -27.500000 50.600000 15.600000
  endloop
 endfacet
 facet normal 0.000000 0.000000 1.000000
  outer loop
   vertex -55.000000 47.400000 15.600000
   vertex -27.500000 50.600000 15.600000
   vertex -55.000000 50.600000 15.600000
  endloop
 endfacet
 facet normal 0.000000 -1.000000 0.000000
  outer loop
   vertex -55.000000 47.400000 14.000000
   vertex -27.500000 47.400000 14.000000
   vertex -27.500000 47.400000 15.600000
  endloop
 endfacet
 facet normal 0.000000 -1.000000 0.000000
  outer loop
   vertex -55.000000 47.400000 14.000000
   vertex -27.500000 47.400000 15.600000
   vertex -55.000000 47.400000 15.600000
  endloop
 endfacet
 facet normal 0.000000 1.000000 0.000000
  outer loop
   vertex -55.000000 50.600000 14.000000
   vertex -55.000000 50.600000 15.600000
   vertex -27.500000 50.600000 15.600000
  endloop
 endfacet
 facet normal 0.000000 1.000000 0.000000
  outer loop
   vertex -55.000000 50.600000 14.000000
   vertex -27.500000 50.600000 15.600000
   vertex -27.500000 50.600000 14.000000
  endloop
 endfacet
 facet normal -1.000000 0.000000 0.000000
  outer loop
   vertex -55.000000 47.400000 14.000000
   vertex -55.000000 47.400000 15.600000
   vertex -55.000000 50.600000 15.600000
  endloop
 endfacet
 facet normal -1.000000 0.000000 0.000000
  outer loop
   vertex -55.000000 47.400000 14.000000
   vertex -55.000000 50.600000 15.600000
   vertex -55.000000 50.600000 14.000000
  endloop
 endfacet
 facet normal 1.000000 0.000000 0.000000
  outer loop
   vertex -27.500000 47.400000 14.000000
   vertex -27.500000 50.600000 14.000000
   vertex -27.500000 50.600000 15.600000
  endloop
 endfacet
 facet normal 1.000000 0.000000 0.000000
  outer loop
   vertex -27.500000 47.400000 14.000000
   vertex -27.500000 50.600000 15.600000
   vertex -27.500000 47.400000 15.600000
  endloop
 endfacet
 facet normal 0.000000 0.000000 -1.000000
  outer loop
   vertex -27.500000 47.400000 14.000000
   vertex -27.500000 50.600000 14.000000
   vertex 0.000000 50.600000 14.000000
  endloop
 endfacet
 facet normal 0.000000 0.000000 -1.000000
  outer loop
   vertex -27.500000 47.400000 14.000000
   vertex 0.000000 50.600000 14.000000
   vertex 0.000000 47.400000 14.000000
  endloop
 endfacet
 facet normal 0.000000 0.000000 1.000000
  outer loop
   vertex -27.500000 47.400000 15.600000
   vertex 0.000000 47.400000 15.600000
   vertex 0.000000 50.600000 15.600000
  endloop
 endfacet
 facet normal 0.000000 0.000000 1.000000
  outer loop
   vertex -27.500000 47.400000 15.600000
   vertex 0.000000 50.600000 15.600000
   vertex -27.500000 50.600000 15.600000
  endloop
 endfacet
 facet normal 0.000000 -1.000000 0.000000
  outer loop
   vertex -27.500000 47.400000 14.000000
   vertex 0.000000 47.400000 14.000000
   vertex 0.000000 47.400000 15.600000
  endloop
 endfacet
 facet normal 0.000000 -1.000000 0.000000
  outer loop
   vertex -27.500000 47.400000 14.000000
   vertex 0.000000 47.400000 15.600000
   vertex -27.500000 47.400000 15.600000
  endloop
 endfacet
 facet normal 0.000000 1.000000 0.000000
  outer loop
   vertex -27.500000 50.600000 14.000000
   vertex -27.500000 50.600000 15.600000
   vertex 0.000000 50.600000 15.600000
  endloop
 endfacet
 facet normal 0.000000 1.000000 0.000000
  outer loop
   vertex -27.500000 50.600000 14.000000
   vertex 0.000000 50.600000 15.600000
   vertex 0.000000 50.600000 14.000000
  endloop
 endfacet
 facet normal -1.000000 0.000000 0.000000
  outer loop
   vertex -27.500000 47.400000 14.000000
   vertex -27.500000 47.400000 15.600000
   vertex -27.500000 50.600000 15.600000
  endloop
 endfacet
 facet normal -1.000000 0.000000 0.000000
  outer loop
   vertex -27.500000 47.400000 14.000000
   vertex -27.500000 50.600000 15.600000
   vertex -27.500000 50.600000 14.000000
  endloop
 endfacet
 facet normal 1.000000 0.000000 0.000000
  outer loop
   vertex 0.000000 47.400000 14.000000
   vertex 0.000000 50.600000 14.000000
   vertex 0.000000 50.600000 15.600000
  endloop
 endfacet
 facet normal 1.000000 0.000000 0.000000
  outer loop
   vertex 0.000000 47.400000 14.000000
   vertex 0.000000 50.600000 15.600000
   vertex 0.000000 47.400000 15.600000
  endloop
 endfacet
 facet normal 0.000000 0.000000 -1.000000
  outer loop
   vertex 0.000000 47.400000 14.000000
   vertex 0.000000 50.600000 14.000000
   vertex 27.500000 50.600000 14.000000
  endloop
 endfacet
 facet normal 0.000000 0.000000 -1.000000
  outer loop
   vertex 0.000000 47.400000 14.000000
   vertex 27.500000 50.600000 14.000000
   vertex 27.500000 47.400000 14.000000
  endloop
 endfacet
 facet normal 0.000000 0.000000 1.000000
  outer loop
   vertex 0.000000 47.400000 15.600000
   vertex 27.500000 47.400000 15.600000
   vertex 27.500000 50.600000 15.600000
  endloop
 endfacet
 facet normal 0.000000 0.000000 1.000000
  outer loop
   vertex 0.000000 47.400000 15.600000
   vertex 27.500000 50.600000 15.600000
   vertex 0.000000 50.600000 15.600000
  endloop
 endfacet
 facet normal 0.000000 -1.000000 0.000000
  outer loop
   vertex 0.000000 47.400000 14.000000
   vertex 27.500000 47.400000 14.000000
   vertex 27.500000 47.400000 15.600000
  endloop
 endfacet
 facet normal 0.000000 -1.000000 0.000000
  outer loop
   vertex 0.000000 47.400000 14.000000
   vertex 27.500000 47.400000 15.600000
   vertex 0.000000 47.400000 15.600000
  endloop
 endfacet
 facet normal 0.000000 1.000000 0.000000
  outer loop
   vertex 0.000000 50.600000 14.000000
   vertex 0.000000 50.600000 15.600000
   vertex 27.500000 50.600000 15.600000
  endloop
 endfacet
 facet normal 0.000000 1.000000 0.000000
  outer loop
   vertex 0.000000 50.600000 14.000000
   vertex 27.500000 50.600000 15.600000
   vertex 27.500000 50.600000 14.000000
  endloop
 endfacet
 facet normal -1.000000 0.000000 0.000000
  outer loop
   vertex 0.000000 47.400000 14.000000
   vertex 0.000000 47.400000 15.600000
   vertex 0.000000 50.600000 15.600000
  endloop
 endfacet
 facet normal -1.000000 0.000000 0.000000
  outer loop
   vertex 0.000000 47.400000 14.000000
   vertex 0.000000 50.600000 15.600000
   vertex 0.000000 50.600000 14.000000
  endloop
 endfacet
 facet normal 1.000000 0.000000 0.000000
  outer loop
   vertex 27.500000 47.400000 14.000000
   vertex 27.500000 50.600000 14.000000
   vertex 27.500000 50.600000 15.600000
  endloop
 endfacet
 facet normal 1.000000 0.000000 0.000000
  outer loop
   vertex 27.500000 47.400000 14.000000
   vertex 27.500000 50.600000 15.600000
   vertex 27.500000 47.400000 15.600000
  endloop
 endfacet
 facet normal 0.000000 0.000000 -1.000000
  outer loop
   vertex 27.500000 47.400000 14.000000
   vertex 27.500000 50.600000 14.000000
   vertex 55.000000 50.600000 14.000000
  endloop
 endfacet
 facet normal 0.000000 0.000000 -1.000000
  outer loop
   vertex 27.500000 47.400000 14.000000
   vertex 55.000000 50.600000 14.000000
   vertex 55.000000 47.400000 14.000000
  endloop
 endfacet
 facet normal 0.000000 0.000000 1.000000
  outer loop
   vertex 27.500000 47.400000 15.600000
   vertex 55.000000 47.400000 15.600000
   vertex 55.000000 50.600000 15.600000
  endloop
 endfacet
 facet normal 0.000000 0.000000 1.000000
  outer loop
   vertex 27.500000 47.400000 15.600000
   vertex 55.000000 50.600000 15.600000
   vertex 27.500000 50.600000 15.600000
  endloop
 endfacet
 facet normal 0.000000 -1.000000 0.000000
  outer loop
   vertex 27.500000 47.400000 14.000000
   vertex 55.000000 47.400000 14.000000
   vertex 55.000000 47.400000 15.600000
  endloop
 endfacet
 facet normal 0.000000 -1.000000 0.000000
  outer loop
   vertex 27.500000 47.400000 14.000000
   vertex 55.000000 47.400000 15.600000
   vertex 27.500000 47.400000 15.600000
  endloop
 endfacet
 facet normal 0.000000 1.000000 0.000000
  outer loop
   vertex 27.500000 50.600000 14.000000
   vertex 27.500000 50.600000 15.600000
   vertex 55.000000 50.600000 15.600000
  endloop
 endfacet
 facet normal 0.000000 1.000000 0.000000
  outer loop
   vertex 27.500000 50.600000 14.000000
   vertex 55.000000 50.600000 15.600000
   vertex 55.000000 50.600000 14.000000
  endloop
 endfacet
 facet normal -1.000000 0.000000 0.000000
  outer loop
   vertex 27.500000 47.400000 14.000000
   vertex 27.500000 47.400000 15.600000
   vertex 27.500000 50.600000 15.600000
  endloop
 endfacet
 facet normal -1.000000 0.000000 0.000000
  outer loop
   vertex 27.500000 47.400000 14.000000
   vertex 27.500000 50.600000 15.600000
   vertex 27.500000 50.600000 14.000000
  endloop
 endfacet
 facet normal 1.000000 0.000000 0.000000
  outer loop
   vertex 55.000000 47.400000 14.000000
   vertex 55.000000 50.600000 14.000000
   vertex 55.000000 50.600000 15.600000
  endloop
 endfacet
 facet normal 1.000000 0.000000 0.000000
  outer loop
   vertex 55.000000 47.400000 14.000000
   vertex 55.000000 50.600000 15.600000
   vertex 55.000000 47.400000 15.600000
  endloop
 endfacet
 facet normal 0.000000 0.000000 -1.000000
  outer loop
   vertex -55.000000 52.400000 18.000000
   vertex -55.000000 55.600000 18.000000
   vertex -27.500000 55.600000 18.000000
  endloop
 endfacet
 facet normal 0.000000 0.000000 -1.000000
  outer loop
   vertex -55.000000 52.400000 18.000000
   vertex -27.500000 55.600000 18.000000
   vertex -27.500000 52.400000 18.000000
  endloop
 endfacet
 facet normal 0.000000 0.000000 1.000000
  outer loop
   vertex -55.000000 52.400000 19.600000
   vertex -27.500000 52.400000 19.600000
   vertex -27.500000 55.600000 19.600000
  endloop
 endfacet
 facet normal 0.000000 0.000000 1.000000
  outer loop
   vertex -55.000000 52.400000 19.600000
   vertex -27.500000 55.600000 19.600000
   vertex -55.000000 55.600000 19.600000
  endloop
 endfacet
 facet normal 0.000000 -1.000000 0.000000
  outer loop
   vertex -55.000000 52.400000 18.000000
   vertex -27.500000 52.400000 18.000000
   vertex -27.500000 52.400000 19.600000
  endloop
 endfacet
 facet normal 0.000000 -1.000000 0.000000
  outer loop
   vertex -55.000000 52.400000 18.000000
   vertex -27.500000 52.400000 19.600000
   vertex -55.000000 52.400000 19.600000
  endloop
 endfacet
 facet normal 0.000000 1.000000 0.000000
  outer loop
   vertex -55.000000 55.600000 18.000000
   vertex -55.000000 55.600000 19.600000
   vertex -27.500000 55.600000 19.600000
  endloop
 endfacet
 facet normal 0.000000 1.000000 0.000000
  outer loop
   vertex -55.000000 55.600000 18.000000
   vertex -27.500000 55.600000 19.600000
   vertex -27.500000 55.600000 18.000000
  endloop
 endfacet
 facet normal -1.000000 0.000000 0.000000
  outer loop
   vertex -55.000000 52.400000 18.000000
   vertex -55.000000 52.400000 19.600000
   vertex -55.000000 55.600000 19.600000
  endloop
 endfacet
 facet normal -1.000000 0.000000 0.000000
  outer loop
   vertex -55.000000 52.400000 18.000000
   vertex -55.000000 55.600000 19.600000
   vertex -55.000000 55.600000 18.000000
  endloop
 endfacet
 facet normal 1.000000 0.000000 0.000000
  outer loop
   vertex -27.500000 52.400000 18.000000
   vertex -27.500000 55.600000 18.000000
   vertex -27.500000 55.600000 19.600000
  endloop
 endfacet
 facet normal 1.000000 0.000000 0.000000
  outer loop
   vertex -27.500000 52.400000 18.000000
   vertex -27.500000 55.600000 19.600000
   vertex -27.500000 52.400000 19.600000
  endloop
 endfacet
 facet normal 0.000000 0.000000 -1.000000
  outer loop
   vertex -27.500000 52.400000 18.000000
   vertex -27.500000 55.600000 18.000000
   vertex 0.000000 55.600000 18.000000
  endloop
 endfacet
 facet normal 0.000000 0.000000 -1.000000
  outer loop
   vertex -27.500000 52.400000 18.000000
   vertex 0.000000 55.600000 18.000000
   vertex 0.000000 52.400000 18.000000
  endloop
 endfacet
 facet normal 0.000000 0.000000 1.000000
  outer loop
   vertex -27.500000 52.400000 19.600000
   vertex 0.000000 52.400000 19.600000
   vertex 0.000000 55.600000 19.600000
  endloop
 endfacet
 facet normal 0.000000 0.000000 1.000000
  outer loop
   vertex -27.500000 52.400000 19.600000
   vertex 0.000000 55.600000 19.600000
   vertex -27.500000 55.600000 19.600000
  endloop
 endfacet
 facet normal 0.000000 -1.000000 0.000000
  outer loop
   vertex -27.500000 52.400000 18.000000
   vertex 0.000000 52.400000 18.000000
   vertex 0.000000 52.400000 19.600000
  endloop
 endfacet
 facet normal 0.000000 -1.000000 0.000000
  outer loop
   vertex -27.500000 52.400000 18.000000
   vertex 0.000000 52.400000 19.600000
   vertex -27.500000 52.400000 19.600000
  endloop
 endfacet
 facet normal 0.000000 1.000000 0.000000
  outer loop
   vertex -27.500000 55.600000 18.000000
   vertex -27.500000 55.600000 19.600000
   vertex 0.000000 55.600000 19.600000
  endloop
 endfacet
 facet normal 0.000000 1.000000 0.000000
  outer loop
   vertex -27.500000 55.600000 18.000000
   vertex 0.000000 55.600000 19.600000
   vertex 0.000000 55.600000 18.000000
  endloop
 endfacet
 facet normal -1.000000 0.000000 0.000000
  outer loop
   vertex -27.500000 52.400000 18.000000
   vertex -27.500000 52.400000 19.600000
   vertex -27.500000 55.600000 19.600000
  endloop
 endfacet
 facet normal -1.000000 0.000000 0.000000
  outer loop
   vertex -27.500000 52.400000 18.000000
   vertex -27.500000 55.600000 19.600000
   vertex -27.500000 55.600000 18.000000
  endloop
 endfacet
 facet normal 1.000000 0.000000 0.000000
  outer loop
   vertex 0.000000 52.400000 18.000000
   vertex 0.000000 55.600000 18.000000
   vertex 0.000000 55.600000 19.600000
  endloop
 endfacet
 facet normal 1.000000 0.000000 0.000000
  outer loop
   vertex 0.000000 52.400000 18.000000
   vertex 0.000000 55.600000 19.600000
   vertex 0.000000 52.400000 19.600000
  endloop
 endfacet
 facet normal 0.000000 0.000000 -1.000000
  outer loop
   vertex 0.000000 52.400000 18.000000
   vertex 0.000000 55.600000 18.000000
   vertex 27.500000 55.600000 18.000000
  endloop
 endfacet
 facet normal 0.000000 0.000000 -1.000000
  outer loop
   vertex 0.000000 52.400000 18.000000
   vertex 27.500000 55.600000 18.000000
   vertex 27.500000 52.400000 18.000000
  endloop
 endfacet
 facet normal 0.000000 0.000000 1.000000
  outer loop
   vertex 0.000000 52.400000 19.600000
   vertex 27.500000 52.400000 19.600000
   vertex 27.500000 55.600000 19.600000
  endloop
 endfacet
 facet normal 0.000000 0.000000 1.000000
  outer loop
   vertex 0.000000 52.400000 19.600000
   vertex 27.500000 55.600000 19.600000
   vertex 0.000000 55.600000 19.600000
  endloop
 endfacet
 facet normal 0.000000 -1.000000 0.000000
  outer loop
   vertex 0.000000 52.400000 18.000000
   vertex 27.500000 52.400000 18.000000
   vertex 27.500000 52.400000 19.600000
  endloop
 endfacet
 facet normal 0.000000 -1.000000 0.000000
  outer loop
   vertex 0.000000 52.400000 18.000000
   vertex 27.500000 52.400000 19.600000
   vertex 0.000000 52.400000 19.600000
  endloop
 endfacet
 facet normal 0.000000 1.000000 0.000000
  outer loop
   vertex 0.000000 55.600000 18.000000
   vertex 0.000000 55.600000 19.600000
   vertex 27.500000 55.600000 19.600000
  endloop
 endfacet
 facet normal 0.000000 1.000000 0.000000
  outer loop
   vertex 0.000000 55.600000 18.000000
   vertex 27.500000 55.600000 19.600000
   vertex 27.500000 55.600000 18.000000
  endloop
 endfacet
 facet normal -1.000000 0.000000 0.000000
  outer loop
   vertex 0.000000 52.400000 18.000000
   vertex 0.000000 52.400000 19.600000
   vertex 0.000000 55.600000 19.600000
  endloop
 endfacet
 facet normal -1.000000 0.000000 0.000000
  outer loop
   vertex 0.000000 52.400000 18.000000
   vertex 0.000000 55.600000 19.600000
   vertex 0.000000 55.600000 18.000000
  endloop
 endfacet
 facet normal 1.000000 0.000000 0.000000
  outer loop
   vertex 27.500000 52.400000 18.000000
   vertex 27.500000 55.600000 18.000000
   vertex 27.500000 55.600000 19.600000
  endloop
 endfacet
 facet normal 1.000000 0.000000 0.000000
  outer loop
   vertex 27.500000 52.400000 18.000000
   vertex 27.500000 55.600000 19.600000
   vertex 27.500000 52.400000 19.600000
  endloop
 endfacet
 facet normal 0.000000 0.000000 -1.000000
  outer loop
   vertex 27.500000 52.400000 18.000000
   vertex 27.500000 55.600000 18.000000
   vertex 55.000000 55.600000 18.000000
  endloop
 endfacet
 facet normal 0.000000 0.000000 -1.000000
  outer loop
   vertex 27.500000 52.400000 18.000000
   vertex 55.000000 55.600000 18.000000
   vertex 55.000000 52.400000 18.000000
  endloop
 endfacet
 facet normal 0.000000 0.000000 1.000000
  outer loop
   vertex 27.500000 52.400000 19.600000
   vertex 55.000000 52.400000 19.600000
   vertex 55.000000 55.600000 19.600000
  endloop
 endfacet
 facet normal 0.000000 0.000000 1.000000
  outer loop
   vertex 27.500000 52.400000 19.600000
   vertex 55.000000 55.600000 19.600000
   vertex 27.500000 55.600000 19.600000
  endloop
 endfacet
 facet normal 0.000000 -1.000000 0.000000
  outer loop
   vertex 27.500000 52.400000 18.000000
   vertex 55.000000 52.400000 18.000000
   vertex 55.000000 52.400000 19.600000
  endloop
 endfacet
 facet normal 0.000000 -1.000000 0.000000
  outer loop
   vertex 27.500000 52.400000 18.000000
   vertex 55.000000 52.400000 19.600000
   vertex 27.500000 52.400000 19.600000
  endloop
 endfacet
 facet normal 0.000000 1.000000 0.000000
  outer loop
   vertex 27.500000 55.600000 18.000000
   vertex 27.500000 55.600000 19.600000
   vertex 55.000000 55.600000 19.600000
  endloop
 endfacet
 facet normal 0.000000 1.000000 0.000000
  outer loop
   vertex 27.500000 55.600000 18.000000
   vertex 55.000000 55.600000 19.600000
   vertex 55.000000 55.600000 18.000000
  endloop
 endfacet
 facet normal -1.000000 0.000000 0.000000
  outer loop
   vertex 27.500000 52.400000 18.000000
   vertex 27.500000 52.400000 19.600000
   vertex 27.500000 55.600000 19.600000
  endloop
 endfacet
 facet normal -1.000000 0.000000 0.000000
  outer loop
   vertex 27.500000 52.400000 18.000000
   vertex 27.500000 55.600000 19.600000
   vertex 27.500000 55.600000 18.000000
  endloop
 endfacet
 facet normal 1.000000 0.000000 0.000000
  outer loop
   vertex 55.000000 52.400000 18.000000
   vertex 55.000000 55.600000 18.000000
   vertex 55.000000 55.600000 19.600000
  endloop
 endfacet
 facet normal 1.000000 0.000000 0.000000
  outer loop
   vertex 55.000000 52.400000 18.000000
   vertex 55.000000 55.600000 19.600000
   vertex 55.000000 52.400000 19.600000
  endloop
 endfacet
 facet normal 0.000000 0.000000 -1.000000
  outer loop
   vertex 59.400000 -35.000000 6.000000
   vertex 59.400000 -17.500000 6.000000
   vertex 62.600000 -17.500000 6.000000
  endloop
 endfacet
 facet normal 0.000000 0.000000 -1.000000
  outer loop
   vertex 59.400000 -35.000000 6.000000
   vertex 62.600000 -17.500000 6.000000
   vertex 62.600000 -35.000000 6.000000
  endloop
 endfacet
 facet normal 0.000000 0.000000 1.000000
  outer loop
   vertex 59.400000 -35.000000 7.600000
   vertex 62.600000 -35.000000 7.600000
   vertex 62.600000 -17.500000 7.600000
  endloop
 endfacet
 facet normal 0.000000 0.000000 1.000000
  outer loop
   vertex 59.400000 -35.000000 7.600000
   vertex 62.600000 -17.500000 7.600000
   vertex 59.400000 -17.500000 7.600000
  endloop
 endfacet
 facet normal 0.000000 -1.000000 0.000000
  outer loop
   vertex 59.400000 -35.000000 6.000000
   vertex 62.600000 -35.000000 6.000000
   vertex 62.600000 -35.000000 7.600000
  endloop
 endfacet
 facet normal 0.000000 -1.000000 0.000000
  outer loop
   vertex 59.400000 -35.000000 6.000000
   vertex 62.600000 -35.000000 7.600000
   vertex 59.400000 -35.000000 7.600000
  endloop
 endfacet
 facet normal 0.000000 1.000000 0.000000
  outer loop
   vertex 59.400000 -17.500000 6.000000
   vertex 59.400000 -17.500000 7.600000
   vertex 62.600000 -17.500000 7.600000
  endloop
 endfacet
 facet normal 0.000000 1.000000 0.000000
  outer loop
   vertex 59.400000 -17.500000 6.000000
   vertex 62.600000 -17.500000 7.600000
   vertex 62.600000 -17.500000 6.000000
  endloop
 endfacet
 facet normal -1.000000 0.000000 0.000000
  outer loop
   vertex 59.400000 -35.000000 6.000000
   vertex 59.400000 -35.000000 7.600000
   vertex 59.400000 -17.500000 7.600000
  endloop
 endfacet
 facet normal -1.000000 0.000000 0.000000
  outer loop
   vertex 59.400000 -35.000000 6.000000
   vertex 59.400000 -17.500000 7.600000
   vertex 59.400000 -17.500000 6.000000
  endloop
 endfacet
 facet normal 1.000000 0.000000 0.000000
  outer loop
   vertex 62.600000 -35.000000 6.000000
   vertex 62.600000 -17.500000 6.000000
   vertex 62.600000 -17.500000 7.600000
  endloop
 endfacet
 facet normal 1.000000 0.000000 0.000000
  outer loop
   vertex 62.600000 -35.000000 6.000000
   vertex 62.600000 -17.500000 7.600000
   vertex 62.600000 -35.000000 7.600000
  endloop
 endfacet
 facet normal 0.000000 0.000000 -1.000000
  outer loop
   vertex 59.400000 -17.500000 6.000000
   vertex 59.400000 0.000000 6.000000
   vertex 62.600000 0.000000 6.000000
  endloop
 endfacet
 facet normal 0.000000 0.000000 -1.000000
  outer loop
   vertex 59.400000 -17.500000 6.000000
   vertex 62.600000 0.000000 6.000000
   vertex 62.600000 -17.500000 6.000000
  endloop
 endfacet
 facet normal 0.000000 0.000000 1.000000
  outer loop
   vertex 59.400000 -17.500000 7.600000
   vertex 62.600000 -17.500000 7.600000
   vertex 62.600000 0.000000 7.600000
  endloop
 endfacet
 facet normal 0.000000 0.000000 1.000000
  outer loop
   vertex 59.400000 -17.500000 7.600000
   vertex 62.600000 0.000000 7.600000
   vertex 59.400000 0.000000 7.600000
  endloop
 endfacet
 facet normal 0.000000 -1.000000 0.000000
  outer loop
   vertex 59.400000 -17.500000 6.000000
   vertex 62.600000 -17.500000 6.000000
   vertex 62.600000 -17.500000 7.600000
  endloop
 endfacet
 facet normal 0.000000 -1.000000 0.000000
  outer loop
   vertex 59.400000 -17.500000 6.000000
   vertex 62.600000 -17.500000 7.600000
   vertex 59.400000 -17.500000 7.600000
  endloop
 endfacet
 facet normal 0.000000 1.000000 0.000000
  outer loop
   vertex 59.400000 0.000000 6.000000
   vertex 59.400000 0.000000 7.600000
   vertex 62.600000 0.000000 7.600000
  endloop
 endfacet
 facet normal 0.000000 1.000000 0.000000
  outer loop
   vertex 59.400000 0.000000 6.000000
   vertex 62.600000 0.000000 7.600000
   vertex 62.600000 0.000000 6.000000
  endloop
 endfacet
 facet normal -1.000000 0.000000 0.000000
  outer loop
   vertex 59.400000 -17.500000 6.000000
   vertex 59.400000 -17.500000 7.600000
   vertex 59.400000 0.000000 7.600000
  endloop
 endfacet
 facet normal -1.000000 0.000000 0.000000
  outer loop
   vertex 59.400000 -17.500000 6.000000
   vertex 59.400000 0.000000 7.600000
   vertex 59.400000 0.000000 6.000000
  endloop
 endfacet
 facet normal 1.000000 0.000000 0.000000
  outer loop
   vertex 62.600000 -17.500000 6.000000
   vertex 62.600000 0.000000 6.000000
   vertex 62.600000 0.000000 7.600000
  endloop
 endfacet
 facet normal 1.000000 0.000000 0.000000
  outer loop
   vertex 62.600000 -17.500000 6.000000
   vertex 62.600000 0.000000 7.600000
   vertex 62.600000 -17.500000 7.600000
  endloop
 endfacet
 facet normal 0.000000 0.000000 -1.000000
  outer loop
   vertex 59.400000 0.000000 6.000000
   vertex 59.400000 17.500000 6.000000
   vertex 62.600000 17.500000 6.000000
  endloop
 endfacet
 facet normal 0.000000 0.000000 -1.000000
  outer loop
   vertex 59.400000 0.000000 6.000000
   vertex 62.600000 17.500000 6.000000
   vertex 62.600000 0.000000 6.000000
  endloop
 endfacet
 facet normal 0.000000 0.000000 1.000000
  outer loop
   vertex 59.400000 0.000000 7.600000
   vertex 62.600000 0.000000 7.600000
   vertex 62.600000 17.500000 7.600000
  endloop
 endfacet
 facet normal 0.000000 0.000000 1.000000
  outer loop
   vertex 59.400000 0.000000 7.600000
   vertex 62.600000 17.500000 7.600000
   vertex 59.400000 17.500000 7.600000
  endloop
 endfacet
 facet normal 0.000000 -1.000000 0.000000
  outer loop
   vertex 59.400000 0.000000 6.000000
   vertex 62.600000 0.000000 6.000000
   vertex 62.600000 0.000000 7.600000
  endloop
 endfacet
 facet normal 0.000000 -1.000000 0.000000
  outer loop
   vertex 59.400000 0.000000 6.000000
   vertex 62.600000 0.000000 7.600000
   vertex 59.400000 0.000000 7.600000
  endloop
 endfacet
 facet normal 0.000000 1.000000 0.000000
  outer loop
   vertex 59.400000 17.500000 6.000000
   vertex 59.400000 17.500000 7.600000
   vertex 62.600000 17.500000 7.600000
  endloop
 endfacet
 facet normal 0.000000 1.000000 0.000000
  outer loop
   vertex 59.400000 17.500000 6.000000
   vertex 62.600000 17.500000 7.600000
   vertex 62.600000 17.500000 6.000000
  endloop
 endfacet
 facet normal -1.000000 0.000000 0.000000
  outer loop
   vertex 59.400000 0.000000 6.000000
   vertex 59.400000 0.000000 7.600000
   vertex 59.400000 17.500000 7.600000
  endloop
 endfacet
 facet normal -1.000000 0.000000 0.000000
  outer loop
   vertex 59.400000 0.000000 6.000000
   vertex 59.400000 17.500000 7.600000
   vertex 59.400000 17.500000 6.000000
  endloop
 endfacet
 facet normal 1.000000 0.000000 0.000000
  outer loop
   vertex 62.600000 0.000000 6.000000
   vertex 62.600000 17.500000 6.000000
   vertex 62.600000 17.500000 7.600000
  endloop
 endfacet
 facet normal 1.000000 0.000000 0.000000
  outer loop
   vertex 62.600000 0.000000 6.000000
   vertex 62.600000 17.500000 7.600000
   vertex 62.600000 0.000000 7.600000
  endloop
 endfacet
 facet normal 0.000000 0.000000 -1.000000
  outer loop
   vertex 59.400000 17.500000 6.000000
   vertex 59.400000 35.000000 6.000000
   vertex 62.600000 35.000000 6.000000
  endloop
 endfacet
 facet normal 0.000000 0.000000 -1.000000
  outer loop
   vertex 59.400000 17.500000 6.000000
   vertex 62.600000 35.000000 6.000000
   vertex 62.600000 17.500000 6.000000
  endloop
 endfacet
 facet normal 0.000000 0.000000 1.000000
  outer loop
   vertex 59.400000 17.500000 7.600000
   vertex 62.600000 17.500000 7.600000
   vertex 62.600000 35.000000 7.600000
  endloop
 endfacet
 facet normal 0.000000 0.000000 1.000000
  outer loop
   vertex 59.400000 17.500000 7.600000
   vertex 62.600000 35.000000 7.600000
   vertex 59.400000 35.000000 7.600000
  endloop
 endfacet
 facet normal 0.000000 -1.000000 0.000000
  outer loop
   vertex 59.400000 17.500000 6.000000
   vertex 62.600000 17.500000 6.000000
   vertex 62.600000 17.500000 7.600000
  endloop
 endfacet
 facet normal 0.000000 -1.000000 0.000000
  outer loop
   vertex 59.400000 17.500000 6.000000
   vertex 62.600000 17.500000 7.600000
   vertex 59.400000 17.500000 7.600000
  endloop
 endfacet
 facet normal 0.000000 1.000000 0.000000
  outer loop
   vertex 59.400000 35.000000 6.000000
   vertex 59.400000 35.000000 7.600000
   vertex 62.600000 35.000000 7.600000
  endloop
 endfacet
 facet normal 0.000000 1.000000 0.000000
  outer loop
   vertex 59.400000 35.000000 6.000000
   vertex 62.600000 35.000000 7.600000
   vertex 62.600000 35.000000 6.000000
  endloop
 endfacet
 facet normal -1.000000 0.000000 0.000000
  outer loop
   vertex 59.400000 17.500000 6.000000
   vertex 59.400000 17.500000 7.600000
   vertex 59.400000 35.000000 7.600000
  endloop
 endfacet
 facet normal -1.000000 0.000000 0.000000
  outer loop
   vertex 59.400000 17.500000 6.000000
   vertex 59.400000 35.000000 7.600000
   vertex 59.400000 35.000000 6.000000
  endloop
 endfacet
 facet normal 1.000000 0.000000 0.000000
  outer loop
   vertex 62.600000 17.500000 6.000000
   vertex 62.600000 35.000000 6.000000
   vertex 62.600000 35.000000 7.600000
  endloop
 endfacet
 facet normal 1.000000 0.000000 0.000000
  outer loop
   vertex 62.600000 17.500000 6.000000
   vertex 62.600000 35.000000 7.600000
   vertex 62.600000 17.500000 7.600000
  endloop
 endfacet
 facet normal 0.000000 0.000000 -1.000000
  outer loop
   vertex 64.400000 -35.000000 10.000000
   vertex 64.400000 -17.500000 10.000000
   vertex 67.600000 -17.500000 10.000000
  endloop
 endfacet
 facet normal 0.000000 0.000000 -1.000000
  outer loop
   vertex 64.400000 -35.000000 10.000000
   vertex 67.600000 -17.500000 10.000000
   vertex 67.600000 -35.000000 10.000000
  endloop
 endfacet
 facet normal 0.000000 0.000000 1.000000
  outer loop
   vertex 64.400000 -35.000000 11.600000
   vertex 67.600000 -35.000000 11.600000
   vertex 67.600000 -17.500000 11.600000
  endloop
 endfacet
 facet normal 0.000000 0.000000 1.000000
  outer loop
   vertex 64.400000 -35.000000 11.600000
   vertex 67.600000 -17.500000 11.600000
   vertex 64.400000 -17.500000 11.600000
  endloop
 endfacet
 facet normal 0.000000 -1.000000 0.000000
  outer loop
   vertex 64.400000 -35.000000 10.000000
   vertex 67.600000 -35.000000 10.000000
   vertex 67.600000 -35.000000 11.600000
  endloop
 endfacet
 facet normal 0.000000 -1.000000 0.000000
  outer loop
   vertex 64.400000 -35.000000 10.000000
   vertex 67.600000 -35.000000 11.600000
   vertex 64.400000 -35.000000 11.600000
  endloop
 endfacet
 facet normal 0.000000 1.000000 0.000000
  outer loop
   vertex 64.400000 -17.500000 10.000000
   vertex 64.400000 -17.500000 11.600000
   vertex 67.600000 -17.500000 11.600000
  endloop
 endfacet
 facet normal 0.000000 1.000000 0.000000
  outer loop
   vertex 64.400000 -17.500000 10.000000
   vertex 67.600000 -17.500000 11.600000
   vertex 67.600000 -17.500000 10.000000
  endloop
 endfacet
 facet normal -1.000000 0.000000 0.000000
  outer loop
   vertex 64.400000 -35.000000 10.000000
   vertex 64.400000 -35.000000 11.600000
   vertex 64.400000 -17.500000 11.600000
  endloop
 endfacet
 facet normal -1.000000 0.000000 0.000000
  outer loop
   vertex 64.400000 -35.000000 10.000000
   vertex 64.400000 -17.500000 11.600000
   vertex 64.400000 -17.500000 10.000000
  endloop
 endfacet
 facet normal 1.000000 0.000000 0.000000
  outer loop
   vertex 67.600000 -35.000000 10.000000
   vertex 67.600000 -17.500000 10.000000
   vertex 67.600000 -17.500000 11.600000
  endloop
 endfacet
 facet normal 1.000000 0.000000 0.000000
  outer loop
   vertex 67.600000 -35.000000 10.000000
   vertex 67.600000 -17.500000 11.600000
   vertex 67.600000 -35.000000 11.600000
  endloop
 endfacet
 facet normal 0.000000 0.000000 -1.000000
  outer loop
   vertex 64.400000 -17.500000 10.000000
   vertex 64.400000 0.000000 10.000000
   vertex 67.600000 0.000000 10.000000
  endloop
 endfacet
 facet normal 0.000000 0.000000 -1.000000
  outer loop
   vertex 64.400000 -17.500000 10.000000
   vertex 67.600000 0.000000 10.000000
   vertex 67.600000 -17.500000 10.000000
  endloop
 endfacet
 facet normal 0.000000 0.000000 1.000000
  outer loop
   vertex 64.400000 -17.500000 11.600000
   vertex 67.600000 -17.500000 11.600000
   vertex 67.600000 0.000000 11.600000
  endloop
 endfacet
 facet normal 0.000000 0.000000 1.000000
  outer loop
   vertex 64.400000 -17.500000 11.600000
   vertex 67.600000 0.000000 11.600000
   vertex 64.400000 0.000000 11.600000
  endloop
 endfacet
 facet normal 0.000000 -1.000000 0.000000
  outer loop
   vertex 64.400000 -17.500000 10.000000
   vertex 67.600000 -17.500000 10.000000
   vertex 67.600000 -17.500000 11.600000
  endloop
 endfacet
 facet normal 0.000000 -1.000000 0.000000
  outer loop
   vertex 64.400000 -17.500000 10.000000
   vertex 67.600000 -17.500000 11.600000
   vertex 64.400000 -17.500000 11.600000
  endloop
 endfacet
 facet normal 0.000000 1.000000 0.000000
  outer loop
   vertex 64.400000 0.000000 10.000000
   vertex 64.400000 0.000000 11.600000
   vertex 67.600000 0.000000 11.600000
  endloop
 endfacet
 facet normal 0.000000 1.000000 0.000000
  outer loop
   vertex 64.400000 0.000000 10.000000
   vertex 67.600000 0.000000 11.600000
   vertex 67.600000 0.000000 10.000000
  endloop
 endfacet
 facet normal -1.000000 0.000000 0.000000
  outer loop
   vertex 64.400000 -17.500000 10.000000
   vertex 64.400000 -17.500000 11.600000
   vertex 64.400000 0.000000 11.600000
  endloop
 endfacet
 facet normal -1.000000 0.000000 0.000000
  outer loop
   vertex 64.400000 -17.500000 10.000000
   vertex 64.400000 0.000000 11.600000
   vertex 64.400000 0.000000 10.000000
  endloop
 endfacet
 facet normal 1.000000 0.000000 0.000000
  outer loop
   vertex 67.600000 -17.500000 10.000000
   vertex 67.600000 0.000000 10.000000
   vertex 67.600000 0.000000 11.600000
  endloop
 endfacet
 facet normal 1.000000 0.000000 0.000000
  outer loop
   vertex 67.600000 -17.500000 10.000000
   vertex 67.600000 0.000000 11.600000
   vertex 67.600000 -17.500000 11.600000
  endloop
 endfacet
 facet normal 0.000000 0.000000 -1.000000
  outer loop
   vertex 64.400000 0.000000 10.000000
   vertex 64.400000 17.500000 10.000000
   vertex 67.600000 17.500000 10.000000
  endloop
 endfacet
 facet normal 0.000000 0.000000 -1.000000
  outer loop
   vertex 64.400000 0.000000 10.000000
   vertex 67.600000 17.500000 10.000000
   vertex 67.600000 0.000000 10.000000
  endloop
 endfacet
 facet normal 0.000000 0.000000 1.000000
  outer loop
   vertex 64.400000 0.000000 11.600000
   vertex 67.600000 0.000000 11.600000
   vertex 67.600000 17.500000 11.600000
  endloop
 endfacet
 facet normal 0.000000 0.000000 1.000000
  outer loop
   vertex 64.400000 0.000000 11.600000
   vertex 67.600000 17.500000 11.600000
   vertex 64.400000 17.500000 11.600000
  endloop
 endfacet
 facet normal 0.000000 -1.000000 0.000000
  outer loop
   vertex 64.400000 0.000000 10.000000
   vertex 67.600000 0.000000 10.000000
   vertex 67.600000 0.000000 11.600000
  endloop
 endfacet
 facet normal 0.000000 -1.000000 0.000000
  outer loop
   vertex 64.400000 0.000000 10.000000
   vertex 67.600000 0.000000 11.600000
   vertex 64.400000 0.000000 11.600000
  endloop
 endfacet
 facet normal 0.000000 1.000000 0.000000
  outer loop
   vertex 64.400000 17.500000 10.000000
   vertex 64.400000 17.500000 11.600000
   vertex 67.600000 17.500000 11.600000
  endloop
 endfacet
 facet normal 0.000000 1.000000 0.000000
  outer loop
   vertex 64.400000 17.500000 10.000000
   vertex 67.600000 17.500000 11.600000
   vertex 67.600000 17.500000 10.000000
  endloop
 endfacet
 facet normal -1.000000 0.000000 0.000000
  outer loop
   vertex 64.400000 0.000000 10.000000
   vertex 64.400000 0.000000 11.600000
   vertex 64.400000 17.500000 11.600000
  endloop
 endfacet
 facet normal -1.000000 0.000000 0.000000
  outer loop
   vertex 64.400000 0.000000 10.000000
   vertex 64.400000 17.500000 11.600000
   vertex 64.400000 17.500000 10.000000
  endloop
 endfacet
 facet normal 1.000000 0.000000 0.000000
  outer loop
   vertex 67.600000 0.000000 10.000000
   vertex 67.600000 17.500000 10.000000
   vertex 67.600000 17.500000 11.600000
  endloop
 endfacet
 facet normal 1.000000 0.000000 0.000000
  outer loop
   vertex 67.600000 0.000000 10.000000
   vertex 67.600000 17.500000 11.600000
   vertex 67.600000 0.000000 11.600000
  endloop
 endfacet
 facet normal 0.000000 0.000000 -1.000000
  outer loop
   vertex 64.400000 17.500000 10.000000
   vertex 64.400000 35.000000 10.000000
   vertex 67.600000 35.000000 10.000000
  endloop
 endfacet
 facet normal 0.000000 0.000000 -1.000000
  outer loop
   vertex 64.400000 17.500000 10.000000
   vertex 67.600000 35.000000 10.000000
   vertex 67.600000 17.500000 10.000000
  endloop
 endfacet
 facet normal 0.000000 0.000000 1.000000
  outer loop
   vertex 64.400000 17.500000 11.600000
   vertex 67.600000 17.500000 11.600000
   vertex 67.600000 35.000000 11.600000
  endloop
 endfacet
 facet normal 0.000000 0.000000 1.000000
  outer loop
   vertex 64.400000 17.500000 11.600000
   vertex 67.600000 35.000000 11.600000
   vertex 64.400000 35.000000 11.600000
  endloop
 endfacet
 facet normal 0.000000 -1.000000 0.000000
  outer loop
   vertex 64.400000 17.500000 10.000000
   vertex 67.600000 17.500000 10.000000
   vertex 67.600000 17.500000 11.600000
  endloop
 endfacet
 facet normal 0.000000 -1.000000 0.000000
  outer loop
   vertex 64.400000 17.500000 10.000000
   vertex 67.600000 17.500000 11.600000
   vertex 64.400000 17.500000 11.600000
  endloop
 endfacet
 facet normal 0.000000 1.000000 0.000000
  outer loop
   vertex 64.400000 35.000000 10.000000
   vertex 64.400000 35.000000 11.600000
   vertex 67.600000 35.000000 11.600000
  endloop
 endfacet
 facet normal 0.000000 1.000000 0.000000
  outer loop
   vertex 64.400000 35.000000 10.000000
   vertex 67.600000 35.000000 11.600000
   vertex 67.600000 35.000000 10.000000
  endloop
 endfacet
 facet normal -1.000000 0.000000 0.000000
  outer loop
   vertex 64.400000 17.500000 10.000000
   vertex 64.400000 17.500000 11.600000
   vertex 64.400000 35.000000 11.600000
  endloop
 endfacet
 facet normal -1.000000 0.000000 0.000000
  outer loop
   vertex 64.400000 17.500000 10.000000
   vertex 64.400000 35.000000 11.600000
   vertex 64.400000 35.000000 10.000000
  endloop
 endfacet
 facet normal 1.000000 0.000000 0.000000
  outer loop
   vertex 67.600000 17.500000 10.000000
   vertex 67.600000 35.000000 10.000000
   vertex 67.600000 35.000000 11.600000
  endloop
 endfacet
 facet normal 1.000000 0.000000 0.000000
  outer loop
   vertex 67.600000 17.500000 10.000000
   vertex 67.600000 35.000000 11.600000
   vertex 67.600000 17.500000 11.600000
  endloop
 endfacet
 facet normal 0.000000 0.000000 -1.000000
  outer loop
   vertex 69.400000 -35.000000 14.000000
   vertex 69.400000 -17.500000 14.000000
   vertex 72.600000 -17.500000 14.000000
  endloop
 endfacet
 facet normal 0.000000 0.000000 -1.000000
  outer loop
   vertex 69.400000 -35.000000 14.000000
   vertex 72.600000 -17.500000 14.000000
   vertex 72.600000 -35.000000 14.000000
  endloop
 endfacet
 facet normal 0.000000 0.000000 1.000000
  outer loop
   vertex 69.400000 -35.000000 15.600000
   vertex 72.600000 -35.000000 15.600000
   vertex 72.600000 -17.500000 15.600000
  endloop
 endfacet
 facet normal 0.000000 0.000000 1.000000
  outer loop
   vertex 69.400000 -35.000000 15.600000
   vertex 72.600000 -17.500000 15.600000
   vertex 69.400000 -17.500000 15.600000
  endloop
 endfacet
 facet normal 0.000000 -1.000000 0.000000
  outer loop
   vertex 69.400000 -35.000000 14.000000
   vertex 72.600000 -35.000000 14.000000
   vertex 72.600000 -35.000000 15.600000
  endloop
 endfacet
 facet normal 0.000000 -1.000000 0.000000
  outer loop
   vertex 69.400000 -35.000000 14.000000
   vertex 72.600000 -35.000000 15.600000
   vertex 69.400000 -35.000000 15.600000
  endloop
 endfacet
 facet normal 0.000000 1.000000 0.000000
  outer loop
   vertex 69.400000 -17.500000 14.000000
   vertex 69.400000 -17.500000 15.600000
   vertex 72.600000 -17.500000 15.600000
  endloop
 endfacet
 facet normal 0.000000 1.000000 0.000000
  outer loop
   vertex 69.400000 -17.500000 14.000000
   vertex 72.600000 -17.500000 15.600000
   vertex 72.600000 -17.500000 14.000000
  endloop
 endfacet
 facet normal -1.000000 0.000000 0.000000
  outer loop
   vertex 69.400000 -35.000000 14.000000
   vertex 69.400000 -35.000000 15.600000
   vertex 69.400000 -17.500000 15.600000
  endloop
 endfacet
 facet normal -1.000000 0.000000 0.000000
  outer loop
   vertex 69.400000 -35.000000 14.000000
   vertex 69.400000 -17.500000 15.600000
   vertex 69.400000 -17.500000 14.000000
  endloop
 endfacet
 facet normal 1.000000 0.000000 0.000000
  outer loop
   vertex 72.600000 -35.000000 14.000000
   vertex 72.600000 -17.500000 14.000000
   vertex 72.600000 -17.500000 15.600000
  endloop
 endfacet
 facet normal 1.000000 0.000000 0.000000
  outer loop
   vertex 72.600000 -35.000000 14.000000
   vertex 72.600000 -17.500000 15.600000
   vertex 72.600000 -35.000000 15.600000
  endloop
 endfacet
 facet normal 0.000000 0.000000 -1.000000
  outer loop
   vertex 69.400000 -17.500000 14.000000
   vertex 69.400000 0.000000 14.000000
   vertex 72.600000 0.000000 14.000000
  endloop
 endfacet
 facet normal 0.000000 0.000000 -1.000000
  outer loop
   vertex 69.400000 -17.500000 14.000000
   vertex 72.600000 0.000000 14.000000
   vertex 72.600000 -17.500000 14.000000
  endloop
 endfacet
 facet normal 0.000000 0.000000 1.000000
  outer loop
   vertex 69.400000 -17.500000 15.600000
   vertex 72.600000 -17.500000 15.600000
   vertex 72.600000 0.000000 15.600000
  endloop
 endfacet
 facet normal 0.000000 0.000000 1.000000
  outer loop
   vertex 69.400000 -17.500000 15.600000
   vertex 72.600000 0.000000 15.600000
   vertex 69.400000 0.000000 15.600000
  endloop
 endfacet
 facet normal 0.000000 -1.000000 0.000000
  outer loop
   vertex 69.400000 -17.500000 14.000000
   vertex 72.600000 -17.500000 14.000000
   vertex 72.600000 -17.500000 15.600000
  endloop
 endfacet
 facet normal 0.000000 -1.000000 0.000000
  outer loop
   vertex 69.400000 -17.500000 14.000000
   vertex 72.600000 -17.500000 15.600000
   vertex 69.400000 -17.500000 15.600000
  endloop
 endfacet
 facet normal 0.000000 1.000000 0.000000
  outer loop
   vertex 69.400000 0.000000 14.000000
   vertex 69.400000 0.000000 15.600000
   vertex 72.600000 0.000000 15.600000
  endloop
 endfacet
 facet normal 0.000000 1.000000 0.000000
  outer loop
   vertex 69.400000 0.000000 14.000000
   vertex 72.600000 0.000000 15.600000
   vertex 72.600000 0.000000 14.000000
  endloop
 endfacet
 facet normal -1.000000 0.000000 0.000000
  outer loop
   vertex 69.400000 -17.500000 14.000000
   vertex 69.400000 -17.500000 15.600000
   vertex 69.400000 0.000000 15.600000
  endloop
 endfacet
 facet normal -1.000000 0.000000 0.000000
  outer loop
   vertex 69.400000 -17.500000 14.000000
   vertex 69.400000 0.000000 15.600000
   vertex 69.400000 0.000000 14.000000
  endloop
 endfacet
 facet normal 1.000000 0.000000 0.000000
  outer loop
   vertex 72.600000 -17.500000 14.000000
   vertex 72.600000 0.000000 14.000000
   vertex 72.600000 0.000000 15.600000
  endloop
 endfacet
 facet normal 1.000000 0.000000 0.000000
  outer loop
   vertex 72.600000 -17.500000 14.000000
   vertex 72.600000 0.000000 15.600000
   vertex 72.600000 -17.500000 15.600000
  endloop
 endfacet
 facet normal 0.000000 0.000000 -1.000000
  outer loop
   vertex 69.400000 0.000000 14.000000
   vertex 69.400000 17.500000 14.000000
   vertex 72.600000 17.500000 14.000000
  endloop
 endfacet
 facet normal 0.000000 0.000000 -1.000000
  outer loop
   vertex 69.400000 0.000000 14.000000
   vertex 72.600000 17.500000 14.000000
   vertex 72.600000 0.000000 14.000000
  endloop
 endfacet
 facet normal 0.000000 0.000000 1.000000
  outer loop
   vertex 69.400000 0.000000 15.600000
   vertex 72.600000 0.000000 15.600000
   vertex 72.600000 17.500000 15.600000
  endloop
 endfacet
 facet normal 0.000000 0.000000 1.000000
  outer loop
   vertex 69.400000 0.000000 15.600000
   vertex 72.600000 17.500000 15.600000
   vertex 69.400000 17.500000 15.600000
  endloop
 endfacet
 facet normal 0.000000 -1.000000 0.000000
  outer loop
   vertex 69.400000 0.000000 14.000000
   vertex 72.600000 0.000000 14.000000
   vertex 72.600000 0.000000 15.600000
  endloop
 endfacet
 facet normal 0.000000 -1.000000 0.000000
  outer loop
   vertex 69.400000 0.000000 14.000000
   vertex 72.600000 0.000000 15.600000
   vertex 69.400000 0.000000 15.600000
  endloop
 endfacet
 facet normal 0.000000 1.000000 0.000000
  outer loop
   vertex 69.400000 17.500000 14.000000
   vertex 69.400000 17.500000 15.600000
   vertex 72.600000 17.500000 15.600000
  endloop
 endfacet
 facet normal 0.000000 1.000000 0.000000
  outer loop
   vertex 69.400000 17.500000 14.000000
   vertex 72.600000 17.500000 15.600000
   vertex 72.600000 17.500000 14.000000
  endloop
 endfacet
 facet normal -1.000000 0.000000 0.000000
  outer loop
   vertex 69.400000 0.000000 14.000000
   vertex 69.400000 0.000000 15.600000
   vertex 69.400000 17.500000 15.600000
  endloop
 endfacet
 facet normal -1.000000 0.000000 0.000000
  outer loop
   vertex 69.400000 0.000000 14.000000
   vertex 69.400000 17.500000 15.600000
   vertex 69.400000 17.500000 14.000000
  endloop
 endfacet
 facet normal 1.000000 0.000000 0.000000
  outer loop
   vertex 72.600000 0.000000 14.000000
   vertex 72.600000 17.500000 14.000000
   vertex 72.600000 17.500000 15.600000
  endloop
 endfacet
 facet normal 1.000000 0.000000 0.000000
  outer loop
   vertex 72.600000 0.000000 14.000000
   vertex 72.600000 17.500000 15.600000
   vertex 72.600000 0.000000 15.600000
  endloop
 endfacet
 facet normal 0.000000 0.000000 -1.000000
  outer loop
   vertex 69.400000 17.500000 14.000000
   vertex 69.400000 35.000000 14.000000
   vertex 72.600000 35.000000 14.000000
  endloop
 endfacet
 facet normal 0.000000 0.000000 -1.000000
  outer loop
   vertex 69.400000 17.500000 14.000000
   vertex 72.600000 35.000000 14.000000
   vertex 72.600000 17.500000 14.000000
  endloop
 endfacet
 facet normal 0.000000 0.000000 1.000000
  outer loop
   vertex 69.400000 17.500000 15.600000
   vertex 72.600000 17.500000 15.600000
   vertex 72.600000 35.000000 15.600000
  endloop
 endfacet
 facet normal 0.000000 0.000000 1.000000
  outer loop
   vertex 69.400000 17.500000 15.600000
   vertex 72.600000 35.000000 15.600000
   vertex 69.400000 35.000000 15.600000
  endloop
 endfacet
 facet normal 0.000000 -1.000000 0.000000
  outer loop
   vertex 69.400000 17.500000 14.000000
   vertex 72.600000 17.500000 14.000000
   vertex 72.600000 17.500000 15.600000
  endloop
 endfacet
 facet normal 0.000000 -1.000000 0.000000
  outer loop
   vertex 69.400000 17.500000 14.000000
   vertex 72.600000 17.500000 15.600000
   vertex 69.400000 17.500000 15.600000
  endloop
 endfacet
 facet normal 0.000000 1.000000 0.000000
  outer loop
   vertex 69.400000 35.000000 14.000000
   vertex 69.400000 35.000000 15.600000
   vertex 72.600000 35.000000 15.600000
  endloop
 endfacet
 facet normal 0.000000 1.000000 0.000000
  outer loop
   vertex 69.400000 35.000000 14.000000
   vertex 72.600000 35.000000 15.600000
   vertex 72.600000 35.000000 14.000000
  endloop
 endfacet
 facet normal -1.000000 0.000000 0.000000
  outer loop
   vertex 69.400000 17.500000 14.000000
   vertex 69.400000 17.500000 15.600000
   vertex 69.400000 35.000000 15.600000
  endloop
 endfacet
 facet normal -1.000000 0.000000 0.000000
  outer loop
   vertex 69.400000 17.500000 14.000000
   vertex 69.400000 35.000000 15.600000
   vertex 69.400000 35.000000 14.000000
  endloop
 endfacet
 facet normal 1.000000 0.000000 0.000000
  outer loop
   vertex 72.600000 17.500000 14.000000
   vertex 72.600000 35.000000 14.000000
   vertex 72.600000 35.000000 15.600000
  endloop
 endfacet
 facet normal 1.000000 0.000000 0.000000
  outer loop
   vertex 72.600000 17.500000 14.000000
   vertex 72.600000 35.000000 15.600000
   vertex 72.600000 17.500000 15.600000
  endloop
 endfacet
 facet normal 0.000000 0.000000 -1.000000
  outer loop
   vertex 74.400000 -35.000000 18.000000
   vertex 74.400000 -17.500000 18.000000
   vertex 77.600000 -17.500000 18.000000
  endloop
 endfacet
 facet normal 0.000000 0.000000 -1.000000
  outer loop
   vertex 74.400000 -35.000000 18.000000
   vertex 77.600000 -17.500000 18.000000
   vertex 77.600000 -35.000000 18.000000
  endloop
 endfacet
 facet normal 0.000000 0.000000 1.000000
  outer loop
   vertex 74.400000 -35.000000 19.600000
   vertex 77.600000 -35.000000 19.600000
   vertex 77.600000 -17.500000 19.600000
  endloop
 endfacet
 facet normal 0.000000 0.000000 1.000000
  outer loop
   vertex 74.400000 -35.000000 19.600000
   vertex 77.600000 -17.500000 19.600000
   vertex 74.400000 -17.500000 19.600000
  endloop
 endfacet
 facet normal 0.000000 -1.000000 0.000000
  outer loop
   vertex 74.400000 -35.000000 18.000000
   vertex 77.600000 -35.000000 18.000000
   vertex 77.600000 -35.000000 19.600000
  endloop
 endfacet
 facet normal 0.000000 -1.000000 0.000000
  outer loop
   vertex 74.400000 -35.000000 18.000000
   vertex 77.600000 -35.000000 19.600000
   vertex 74.400000 -35.000000 19.600000
  endloop
 endfacet
 facet normal 0.000000 1.000000 0.000000
  outer loop
   vertex 74.400000 -17.500000 18.000000
   vertex 74.400000 -17.500000 19.600000
   vertex 77.600000 -17.500000 19.600000
  endloop
 endfacet
 facet normal 0.000000 1.000000 0.000000
  outer loop
   vertex 74.400000 -17.500000 18.000000
   vertex 77.600000 -17.500000 19.600000
   vertex 77.600000 -17.500000 18.000000
  endloop
 endfacet
 facet normal -1.000000 0.000000 0.000000
  outer loop
   vertex 74.400000 -35.000000 18.000000
   vertex 74.400000 -35.000000 19.600000
   vertex 74.400000 -17.500000 19.600000
  endloop
 endfacet
 facet normal -1.000000 0.000000 0.000000
  outer loop
   vertex 74.400000 -35.000000 18.000000
   vertex 74.400000 -17.500000 19.600000
   vertex 74.400000 -17.500000 18.000000
  endloop
 endfacet
 facet normal 1.000000 0.000000 0.000000
  outer loop
   vertex 77.600000 -35.000000 18.000000
   vertex 77.600000 -17.500000 18.000000
   vertex 77.600000 -17.500000 19.600000
  endloop
 endfacet
 facet normal 1.000000 0.000000 0.000000
  outer loop
   vertex 77.600000 -35.000000 18.000000
   vertex 77.600000 -17.500000 19.600000
   vertex 77.600000 -35.000000 19.600000
  endloop
 endfacet
 facet normal 0.000000 0.000000 -1.000000
  outer loop
   vertex 74.400000 -17.500000 18.000000
   vertex 74.400000 0.000000 18.000000
   vertex 77.600000 0.000000 18.000000
  endloop
 endfacet
 facet normal 0.000000 0.000000 -1.000000
  outer loop
   vertex 74.400000 -17.500000 18.000000
   vertex 77.600000 0.000000 18.000000
   vertex 77.600000 -17.500000 18.000000
  endloop
 endfacet
 facet normal 0.000000 0.000000 1.000000
  outer loop
   vertex 74.400000 -17.500000 19.600000
   vertex 77.600000 -17.500000 19.600000
   vertex 77.600000 0.000000 19.600000
  endloop
 endfacet
 facet normal 0.000000 0.000000 1.000000
  outer loop
   vertex 74.400000 -17.500000 19.600000
   vertex 77.600000 0.000000 19.600000
   vertex 74.400000 0.000000 19.600000
  endloop
 endfacet
 facet normal 0.000000 -1.000000 0.000000
  outer loop
   vertex 74.400000 -17.500000 18.000000
   vertex 77.600000 -17.500000 18.000000
   vertex 77.600000 -17.500000 19.600000
  endloop
 endfacet
 facet normal 0.000000 -1.000000 0.000000
  outer loop
   vertex 74.400000 -17.500000 18.000000
   vertex 77.600000 -17.500000 19.600000
   vertex 74.400000 -17.500000 19.600000
  endloop
 endfacet
 facet normal 0.000000 1.000000 0.000000
  outer loop
   vertex 74.400000 0.000000 18.000000
   vertex 74.400000 0.000000 19.600000
   vertex 77.600000 0.000000 19.600000
  endloop
 endfacet
 facet normal 0.000000 1.000000 0.000000
  outer loop
   vertex 74.400000 0.000000 18.000000
   vertex 77.600000 0.000000 19.600000
   vertex 77.600000 0.000000 18.000000
  endloop
 endfacet
 facet normal -1.000000 0.000000 0.000000
  outer loop
   vertex 74.400000 -17.500000 18.000000
   vertex 74.400000 -17.500000 19.600000
   vertex 74.400000 0.000000 19.600000
  endloop
 endfacet
 facet normal -1.000000 0.000000 0.000000
  outer loop
   vertex 74.400000 -17.500000 18.000000
   vertex 74.400000 0.000000 19.600000
   vertex 74.400000 0.000000 18.000000
  endloop
 endfacet
 facet normal 1.000000 0.000000 0.000000
  outer loop
   vertex 77.600000 -17.500000 18.000000
   vertex 77.600000 0.000000 18.000000
   vertex 77.600000 0.000000 19.600000
  endloop
 endfacet
 facet normal 1.000000 0.000000 0.000000
  outer loop
   vertex 77.600000 -17.500000 18.000000
   vertex 77.600000 0.000000 19.600000
   vertex 77.600000 -17.500000 19.600000
  endloop
 endfacet
 facet normal 0.000000 0.000000 -1.000000
  outer loop
   vertex 74.400000 0.000000 18.000000
   vertex 74.400000 17.500000 18.000000
   vertex 77.600000 17.500000 18.000000
  endloop
 endfacet
 facet normal 0.000000 0.000000 -1.000000
  outer loop
   vertex 74.400000 0.000000 18.000000
   vertex 77.600000 17.500000 18.000000
   vertex 77.600000 0.000000 18.000000
  endloop
 endfacet
 facet normal 0.000000 0.000000 1.000000
  outer loop
   vertex 74.400000 0.000000 19.600000
   vertex 77.600000 0.000000 19.600000
   vertex 77.600000 17.500000 19.600000
  endloop
 endfacet
 facet normal 0.000000 0.000000 1.000000
  outer loop
   vertex 74.400000 0.000000 19.600000
   vertex 77.600000 17.500000 19.600000
   vertex 74.400000 17.500000 19.600000
  endloop
 endfacet
 facet normal 0.000000 -1.000000 0.000000
  outer loop
   vertex 74.400000 0.000000 18.000000
   vertex 77.600000 0.000000 18.000000
   vertex 77.600000 0.000000 19.600000
  endloop
 endfacet
 facet normal 0.000000 -1.000000 0.000000
  outer loop
   vertex 74.400000 0.000000 18.000000
   vertex 77.600000 0.000000 19.600000
   vertex 74.400000 0.000000 19.600000
  endloop
 endfacet
 facet normal 0.000000 1.000000 0.000000
  outer loop
   vertex 74.400000 17.500000 18.000000
   vertex 74.400000 17.500000 19.600000
   vertex 77.600000 17.500000 19.600000
  endloop
 endfacet
 facet normal 0.000000 1.000000 0.000000
  outer loop
   vertex 74.400000 17.500000 18.000000
   vertex 77.600000 17.500000 19.600000
   vertex 77.600000 17.500000 18.000000
  endloop
 endfacet
 facet normal -1.000000 0.000000 0.000000
  outer loop
   vertex 74.400000 0.000000 18.000000
   vertex 74.400000 0.000000 19.600000
   vertex 74.400000 17.500000 19.600000
  endloop
 endfacet
 facet normal -1.000000 0.000000 0.000000
  outer loop
   vertex 74.400000 0.000000 18.000000
   vertex 74.400000 17.500000 19.600000
   vertex 74.400000 17.500000 18.000000
  endloop
 endfacet
 facet normal 1.000000 0.000000 0.000000
  outer loop
   vertex 77.600000 0.000000 18.000000
   vertex 77.600000 17.500000 18.000000
   vertex 77.600000 17.500000 19.600000
  endloop
 endfacet
 facet normal 1.000000 0.000000 0.000000
  outer loop
   vertex 77.600000 0.000000 18.000000
   vertex 77.600000 17.500000 19.600000
   vertex 77.600000 0.000000 19.600000
  endloop
 endfacet
 facet normal 0.000000 0.000000 -1.000000
  outer loop
   vertex 74.400000 17.500000 18.000000
   vertex 74.400000 35.000000 18.000000
   vertex 77.600000 35.000000 18.000000
  endloop
 endfacet
 facet normal 0.000000 0.000000 -1.000000
  outer loop
   vertex 74.400000 17.500000 18.000000
   vertex 77.600000 35.000000 18.000000
   vertex 77.600000 17.500000 18.000000
  endloop
 endfacet
 facet normal 0.000000 0.000000 1.000000
  outer loop
   vertex 74.400000 17.500000 19.600000
   vertex 77.600000 17.500000 19.600000
   vertex 77.600000 35.000000 19.600000
  endloop
 endfacet
 facet normal 0.000000 0.000000 1.000000
  outer loop
   vertex 74.400000 17.500000 19.600000
   vertex 77.600000 35.000000 19.600000
   vertex 74.400000 35.000000 19.600000
  endloop
 endfacet
 facet normal 0.000000 -1.000000 0.000000
  outer loop
   vertex 74.400000 17.500000 18.000000
   vertex 77.600000 17.500000 18.000000
   vertex 77.600000 17.500000 19.600000
  endloop
 endfacet
 facet normal 0.000000 -1.000000 0.000000
  outer loop
   vertex 74.400000 17.500000 18.000000
   vertex 77.600000 17.500000 19.600000
   vertex 74.400000 17.500000 19.600000
  endloop
 endfacet
 facet normal 0.000000 1.000000 0.000000
  outer loop
   vertex 74.400000 35.000000 18.000000
   vertex 74.400000 35.000000 19.600000
   vertex 77.600000 35.000000 19.600000
  endloop
 endfacet
 facet normal 0.000000 1.000000 0.000000
  outer loop
   vertex 74.400000 35.000000 18.000000
   vertex 77.600000 35.000000 19.600000
   vertex 77.600000 35.000000 18.000000
  endloop
 endfacet
 facet normal -1.000000 0.000000 0.000000
  outer loop
   vertex 74.400000 17.500000 18.000000
   vertex 74.400000 17.500000 19.600000
   vertex 74.400000 35.000000 19.600000
  endloop
 endfacet
 facet normal -1.000000 0.000000 0.000000
  outer loop
   vertex 74.400000 17.500000 18.000000
   vertex 74.400000 35.000000 19.600000
   vertex 74.400000 35.000000 18.000000
  endloop
 endfacet
 facet normal 1.000000 0.000000 0.000000
  outer loop
   vertex 77.600000 17.500000 18.000000
   vertex 77.600000 35.000000 18.000000
   vertex 77.600000 35.000000 19.600000
  endloop
 endfacet
 facet normal 1.000000 0.000000 0.000000
  outer loop
   vertex 77.600000 17.500000 18.000000
   vertex 77.600000 35.000000 19.600000
   vertex 77.600000 17.500000 19.600000
  endloop
 endfacet
 facet normal 0.000000 0.000000 -1.000000
  outer loop
   vertex -62.600000 -35.000000 6.000000
   vertex -62.600000 -17.500000 6.000000
   vertex -59.400000 -17.500000 6.000000
  endloop
 endfacet
 facet normal 0.000000 0.000000 -1.000000
  outer loop
   vertex -62.600000 -35.000000 6.000000
   vertex -59.400000 -17.500000 6.000000
   vertex -59.400000 -35.000000 6.000000
  endloop
 endfacet
 facet normal 0.000000 0.000000 1.000000
  outer loop
   vertex -62.600000 -35.000000 7.600000
   vertex -59.400000 -35.000000 7.600000
   vertex -59.400000 -17.500000 7.600000
  endloop
 endfacet
 facet normal 0.000000 0.000000 1.000000
  outer loop
   vertex -62.600000 -35.000000 7.600000
   vertex -59.400000 -17.500000 7.600000
   vertex -62.600000 -17.500000 7.600000
  endloop
 endfacet
 facet normal 0.000000 -1.000000 0.000000
  outer loop
   vertex -62.600000 -35.000000 6.000000
   vertex -59.400000 -35.000000 6.000000
   vertex -59.400000 -35.000000 7.600000
  endloop
 endfacet
 facet normal 0.000000 -1.000000 0.000000
  outer loop
   vertex -62.600000 -35.000000 6.000000
   vertex -59.400000 -35.000000 7.600000
   vertex -62.600000 -35.000000 7.600000
  endloop
 endfacet
 facet normal 0.000000 1.000000 0.000000
  outer loop
   vertex -62.600000 -17.500000 6.000000
   vertex -62.600000 -17.500000 7.600000
   vertex -59.400000 -17.500000 7.600000
  endloop
 endfacet
 facet normal 0.000000 1.000000 0.000000
  outer loop
   vertex -62.600000 -17.500000 6.000000
   vertex -59.400000 -17.500000 7.600000
   vertex -59.400000 -17.500000 6.000000
  endloop
 endfacet
 facet normal -1.000000 0.000000 0.000000
  outer loop
   vertex -62.600000 -35.000000 6.000000
   vertex -62.600000 -35.000000 7.600000
   vertex -62.600000 -17.500000 7.600000
  endloop
 endfacet
 facet normal -1.000000 0.000000 0.000000
  outer loop
   vertex -62.600000 -35.000000 6.000000
   vertex -62.600000 -17.500000 7.600000
   vertex -62.600000 -17.500000 6.000000
  endloop
 endfacet
 facet normal 1.000000 0.000000 0.000000
  outer loop
   vertex -59.400000 -35.000000 6.000000
   vertex -59.400000 -17.500000 6.000000
   vertex -59.400000 -17.500000 7.600000
  endloop
 endfacet
 facet normal 1.000000 0.000000 0.000000
  outer loop
   vertex -59.400000 -35.000000 6.000000
   vertex -59.400000 -17.500000 7.600000
   vertex -59.400000 -35.000000 7.600000
  endloop
 endfacet
 facet normal 0.000000 0.000000 -1.000000
  outer loop
   vertex -62.600000 -17.500000 6.000000
   vertex -62.600000 0.000000 6.000000
   vertex -59.400000 0.000000 6.000000
  endloop
 endfacet
 facet normal 0.000000 0.000000 -1.000000
  outer loop
   vertex -62.600000 -17.500000 6.000000
   vertex -59.400000 0.000000 6.000000
   vertex -59.400000 -17.500000 6.000000
  endloop
 endfacet
 facet normal 0.000000 0.000000 1.000000
  outer loop
   vertex -62.600000 -17.500000 7.600000
   vertex -59.400000 -17.500000 7.600000
   vertex -59.400000 0.000000 7.600000
  endloop
 endfacet
 facet normal 0.000000 0.000000 1.000000
  outer loop
   vertex -62.600000 -17.500000 7.600000
   vertex -59.400000 0.000000 7.600000
   vertex -62.600000 0.000000 7.600000
  endloop
 endfacet
 facet normal 0.000000 -1.000000 0.000000
  outer loop
   vertex -62.600000 -17.500000 6.000000
   vertex -59.400000 -17.500000 6.000000
   vertex -59.400000 -17.500000 7.600000
  endloop
 endfacet
 facet normal 0.000000 -1.000000 0.000000
  outer loop
   vertex -62.600000 -17.500000 6.000000
   vertex -59.400000 -17.500000 7.600000
   vertex -62.600000 -17.500000 7.600000
  endloop
 endfacet
 facet normal 0.000000 1.000000 0.000000
  outer loop
   vertex -62.600000 0.000000 6.000000
   vertex -62.600000 0.000000 7.600000
   vertex -59.400000 0.000000 7.600000
  endloop
 endfacet
 facet normal 0.000000 1.000000 0.000000
  outer loop
   vertex -62.600000 0.000000 6.000000
   vertex -59.400000 0.000000 7.600000
   vertex -59.400000 0.000000 6.000000
  endloop
 endfacet
 facet normal -1.000000 0.000000 0.000000
  outer loop
   vertex -62.600000 -17.500000 6.000000
   vertex -62.600000 -17.500000 7.600000
   vertex -62.600000 0.000000 7.600000
  endloop
 endfacet
 facet normal -1.000000 0.000000 0.000000
  outer loop
   vertex -62.600000 -17.500000 6.000000
   vertex -62.600000 0.000000 7.600000
   vertex -62.600000 0.000000 6.000000
  endloop
 endfacet
 facet normal 1.000000 0.000000 0.000000
  outer loop
   vertex -59.400000 -17.500000 6.000000
   vertex -59.400000 0.000000 6.000000
   vertex -59.400000 0.000000 7.600000
  endloop
 endfacet
 facet normal 1.000000 0.000000 0.000000
  outer loop
   vertex -59.400000 -17.500000 6.000000
   vertex -59.400000 0.000000 7.600000
   vertex -59.400000 -17.500000 7.600000
  endloop
 endfacet
 facet normal 0.000000 0.000000 -1.000000
  outer loop
   vertex -62.600000 0.000000 6.000000
   vertex -62.600000 17.500000 6.000000
   vertex -59.400000 17.500000 6.000000
  endloop
 endfacet
 facet normal 0.000000 0.000000 -1.000000
  outer loop
   vertex -62.600000 0.000000 6.000000
   vertex -59.400000 17.500000 6.000000
   vertex -59.400000 0.000000 6.000000
  endloop
 endfacet
 facet normal 0.000000 0.000000 1.000000
  outer loop
   vertex -62.600000 0.000000 7.600000
   vertex -59.400000 0.000000 7.600000
   vertex -59.400000 17.500000 7.600000
  endloop
 endfacet
 facet normal 0.000000 0.000000 1.000000
  outer loop
   vertex -62.600000 0.000000 7.600000
   vertex -59.400000 17.500000 7.600000
   vertex -62.600000 17.500000 7.600000
  endloop
 endfacet
 facet normal 0.000000 -1.000000 0.000000
  outer loop
   vertex -62.600000 0.000000 6.000000
   vertex -59.400000 0.000000 6.000000
   vertex -59.400000 0.000000 7.600000
  endloop
 endfacet
 facet normal 0.000000 -1.000000 0.000000
  outer loop
   vertex -62.600000 0.000000 6.000000
   vertex -59.400000 0.000000 7.600000
   vertex -62.600000 0.000000 7.600000
  endloop
 endfacet
 facet normal 0.000000 1.000000 0.000000
  outer loop
   vertex -62.600000 17.500000 6.000000
   vertex -62.600000 17.500000 7.600000
   vertex -59.400000 17.500000 7.600000
  endloop
 endfacet
 facet normal 0.000000 1.000000 0.000000
  outer loop
   vertex -62.600000 17.500000 6.000000
   vertex -59.400000 17.500000 7.600000
   vertex -59.400000 17.500000 6.000000
  endloop
 endfacet
 facet normal -1.000000 0.000000 0.000000
  outer loop
   vertex -62.600000 0.000000 6.000000
   vertex -62.600000 0.000000 7.600000
   vertex -62.600000 17.500000 7.600000
  endloop
 endfacet
 facet normal -1.000000 0.000000 0.000000
  outer loop
   vertex -62.600000 0.000000 6.000000
   vertex -62.600000 17.500000 7.600000
   vertex -62.600000 17.500000 6.000000
  endloop
 endfacet
 facet normal 1.000000 0.000000 0.000000
  outer loop
   vertex -59.400000 0.000000 6.000000
   vertex -59.400000 17.500000 6.000000
   vertex -59.400000 17.500000 7.600000
  endloop
 endfacet
 facet normal 1.000000 0.000000 0.000000
  outer loop
   vertex -59.400000 0.000000 6.000000
   vertex -59.400000 17.500000 7.600000
   vertex -59.400000 0.000000 7.600000
  endloop
 endfacet
 facet normal 0.000000 0.000000 -1.000000
  outer loop
   vertex -62.600000 17.500000 6.000000
   vertex -62.600000 35.000000 6.000000
   vertex -59.400000 35.000000 6.000000
  endloop
 endfacet
 facet normal 0.000000 0.000000 -1.000000
  outer loop
   vertex -62.600000 17.500000 6.000000
   vertex -59.400000 35.000000 6.000000
   vertex -59.400000 17.500000 6.000000
  endloop
 endfacet
 facet normal 0.000000 0.000000 1.000000
  outer loop
   vertex -62.600000 17.500000 7.600000
   vertex -59.400000 17.500000 7.600000
   vertex -59.400000 35.000000 7.600000
  endloop
 endfacet
 facet normal 0.000000 0.000000 1.000000
  outer loop
   vertex -62.600000 17.500000 7.600000
   vertex -59.400000 35.000000 7.600000
   vertex -62.600000 35.000000 7.600000
  endloop
 endfacet
 facet normal 0.000000 -1.000000 0.000000
  outer loop
   vertex -62.600000 17.500000 6.000000
   vertex -59.400000 17.500000 6.000000
   vertex -59.400000 17.500000 7.600000
  endloop
 endfacet
 facet normal 0.000000 -1.000000 0.000000
  outer loop
   vertex -62.600000 17.500000 6.000000
   vertex -59.400000 17.500000 7.600000
   vertex -62.600000 17.500000 7.600000
  endloop
 endfacet
 facet normal 0.000000 1.000000 0.000000
  outer loop
   vertex -62.600000 35.000000 6.000000
   vertex -62.600000 35.000000 7.600000
   vertex -59.400000 35.000000 7.600000
  endloop
 endfacet
 facet normal 0.000000 1.000000 0.000000
  outer loop
   vertex -62.600000 35.000000 6.000000
   vertex -59.400000 35.000000 7.600000
   vertex -59.400000 35.000000 6.000000
  endloop
 endfacet
 facet normal -1.000000 0.000000 0.000000
  outer loop
   vertex -62.600000 17.500000 6.000000
   vertex -62.600000 17.500000 7.600000
   vertex -62.600000 35.000000 7.600000
  endloop
 endfacet
 facet normal -1.000000 0.000000 0.000000
  outer loop
   vertex -62.600000 17.500000 6.000000
   vertex -62.600000 35.000000 7.600000
   vertex -62.600000 35.000000 6.000000
  endloop
 endfacet
 facet normal 1.000000 0.000000 0.000000
  outer loop
   vertex -59.400000 17.500000 6.000000
   vertex -59.400000 35.000000 6.000000
   vertex -59.400000 35.000000 7.600000
  endloop
 endfacet
 facet normal 1.000000 0.000000 0.000000
  outer loop
   vertex -59.400000 17.500000 6.000000
   vertex -59.400000 35.000000 7.600000
   vertex -59.400000 17.500000 7.600000
  endloop
 endfacet
 facet normal 0.000000 0.000000 -1.000000
  outer loop
   vertex -67.600000 -35.000000 10.000000
   vertex -67.600000 -17.500000 10.000000
   vertex -64.400000 -17.500000 10.000000
  endloop
 endfacet
 facet normal 0.000000 0.000000 -1.000000
  outer loop
   vertex -67.600000 -35.000000 10.000000
   vertex -64.400000 -17.500000 10.000000
   vertex -64.400000 -35.000000 10.000000
  endloop
 endfacet
 facet normal 0.000000 0.000000 1.000000
  outer loop
   vertex -67.600000 -35.000000 11.600000
   vertex -64.400000 -35.000000 11.600000
   vertex -64.400000 -17.500000 11.600000
  endloop
 endfacet
 facet normal 0.000000 0.000000 1.000000
  outer loop
   vertex -67.600000 -35.000000 11.600000
   vertex -64.400000 -17.500000 11.600000
   vertex -67.600000 -17.500000 11.600000
  endloop
 endfacet
 facet normal 0.000000 -1.000000 0.000000
  outer loop
   vertex -67.600000 -35.000000 10.000000
   vertex -64.400000 -35.000000 10.000000
   vertex -64.400000 -35.000000 11.600000
  endloop
 endfacet
 facet normal 0.000000 -1.000000 0.000000
  outer loop
   vertex -67.600000 -35.000000 10.000000
   vertex -64.400000 -35.000000 11.600000
   vertex -67.600000 -35.000000 11.600000
  endloop
 endfacet
 facet normal 0.000000 1.000000 0.000000
  outer loop
   vertex -67.600000 -17.500000 10.000000
   vertex -67.600000 -17.500000 11.600000
   vertex -64.400000 -17.500000 11.600000
  endloop
 endfacet
 facet normal 0.000000 1.000000 0.000000
  outer loop
   vertex -67.600000 -17.500000 10.000000
   vertex -64.400000 -17.500000 11.600000
   vertex -64.400000 -17.500000 10.000000
  endloop
 endfacet
 facet normal -1.000000 0.000000 0.000000
  outer loop
   vertex -67.600000 -35.000000 10.000000
   vertex -67.600000 -35.000000 11.600000
   vertex -67.600000 -17.500000 11.600000
  endloop
 endfacet
 facet normal -1.000000 0.000000 0.000000
  outer loop
   vertex -67.600000 -35.000000 10.000000
   vertex -67.600000 -17.500000 11.600000
   vertex -67.600000 -17.500000 10.000000
  endloop
 endfacet
 facet normal 1.000000 0.000000 0.000000
  outer loop
   vertex -64.400000 -35.000000 10.000000
   vertex -64.400000 -17.500000 10.000000
   vertex -64.400000 -17.500000 11.600000
  endloop
 endfacet
 facet normal 1.000000 0.000000 0.000000
  outer loop
   vertex -64.400000 -35.000000 10.000000
   vertex -64.400000 -17.500000 11.600000
   vertex -64.400000 -35.000000 11.600000
  endloop
 endfacet
 facet normal 0.000000 0.000000 -1.000000
  outer loop
   vertex -67.600000 -17.500000 10.000000
   vertex -67.600000 0.000000 10.000000
   vertex -64.400000 0.000000 10.000000
  endloop
 endfacet
 facet normal 0.000000 0.000000 -1.000000
  outer loop
   vertex -67.600000 -17.500000 10.000000
   vertex -64.400000 0.000000 10.000000
   vertex -64.400000 -17.500000 10.000000
  endloop
 endfacet
 facet normal 0.000000 0.000000 1.000000
  outer loop
   vertex -67.600000 -17.500000 11.600000
   vertex -64.400000 -17.500000 11.600000
   vertex -64.400000 0.000000 11.600000
  endloop
 endfacet
 facet normal 0.000000 0.000000 1.000000
  outer loop
   vertex -67.600000 -17.500000 11.600000
   vertex -64.400000 0.000000 11.600000
   vertex -67.600000 0.000000 11.600000
  endloop
 endfacet
 facet normal 0.000000 -1.000000 0.000000
  outer loop
   vertex -67.600000 -17.500000 10.000000
   vertex -64.400000 -17.500000 10.000000
   vertex -64.400000 -17.500000 11.600000
  endloop
 endfacet
 facet normal 0.000000 -1.000000 0.000000
  outer loop
   vertex -67.600000 -17.500000 10.000000
   vertex -64.400000 -17.500000 11.600000
   vertex -67.600000 -17.500000 11.600000
  endloop
 endfacet
 facet normal 0.000000 1.000000 0.000000
  outer loop
   vertex -67.600000 0.000000 10.000000
   vertex -67.600000 0.000000 11.600000
   vertex -64.400000 0.000000 11.600000
  endloop
 endfacet
 facet normal 0.000000 1.000000 0.000000
  outer loop
   vertex -67.600000 0.000000 10.000000
   vertex -64.400000 0.000000 11.600000
   vertex -64.400000 0.000000 10.000000
  endloop
 endfacet
 facet normal -1.000000 0.000000 0.000000
  outer loop
   vertex -67.600000 -17.500000 10.000000
   vertex -67.600000 -17.500000 11.600000
   vertex -67.600000 0.000000 11.600000
  endloop
 endfacet
 facet normal -1.000000 0.000000 0.000000
  outer loop
   vertex -67.600000 -17.500000 10.000000
   vertex -67.600000 0.000000 11.600000
   vertex -67.600000 0.000000 10.000000
  endloop
 endfacet
 facet normal 1.000000 0.000000 0.000000
  outer loop
   vertex -64.400000 -17.500000 10.000000
   vertex -64.400000 0.000000 10.000000
   vertex -64.400000 0.000000 11.600000
  endloop
 endfacet
 facet normal 1.000000 0.000000 0.000000
  outer loop
   vertex -64.400000 -17.500000 10.000000
   vertex -64.400000 0.000000 11.600000
   vertex -64.400000 -17.500000 11.600000
  endloop
 endfacet
 facet normal 0.000000 0.000000 -1.000000
  outer loop
   vertex -67.600000 0.000000 10.000000
   vertex -67.600000 17.500000 10.000000
   vertex -64.400000 17.500000 10.000000
  endloop
 endfacet
 facet normal 0.000000 0.000000 -1.000000
  outer loop
   vertex -67.600000 0.000000 10.000000
   vertex -64.400000 17.500000 10.000000
   vertex -64.400000 0.000000 10.000000
  endloop
 endfacet
 facet normal 0.000000 0.000000 1.000000
  outer loop
   vertex -67.600000 0.000000 11.600000
   vertex -64.400000 0.000000 11.600000
   vertex -64.400000 17.500000 11.600000
  endloop
 endfacet
 facet normal 0.000000 0.000000 1.000000
  outer loop
   vertex -67.600000 0.000000 11.600000
   vertex -64.400000 17.500000 11.600000
   vertex -67.600000 17.500000 11.600000
  endloop
 endfacet
 facet normal 0.000000 -1.000000 0.000000
  outer loop
   vertex -67.600000 0.000000 10.000000
   vertex -64.400000 0.000000 10.000000
   vertex -64.400000 0.000000 11.600000
  endloop
 endfacet
 facet normal 0.000000 -1.000000 0.000000
  outer loop
   vertex -67.600000 0.000000 10.000000
   vertex -64.400000 0.000000 11.600000
   vertex -67.600000 0.000000 11.600000
  endloop
 endfacet
 facet normal 0.000000 1.000000 0.000000
  outer loop
   vertex -67.600000 17.500000 10.000000
   vertex -67.600000 17.500000 11.600000
   vertex -64.400000 17.500000 11.600000
  endloop
 endfacet
 facet normal 0.000000 1.000000 0.000000
  outer loop
   vertex -67.600000 17.500000 10.000000
   vertex -64.400000 17.500000 11.600000
   vertex -64.400000 17.500000 10.000000
  endloop
 endfacet
 facet normal -1.000000 0.000000 0.000000
  outer loop
   vertex -67.600000 0.000000 10.000000
   vertex -67.600000 0.000000 11.600000
   vertex -67.600000 17.500000 11.600000
  endloop
 endfacet
 facet normal -1.000000 0.000000 0.000000
  outer loop
   vertex -67.600000 0.000000 10.000000
   vertex -67.600000 17.500000 11.600000
   vertex -67.600000 17.500000 10.000000
  endloop
 endfacet
 facet normal 1.000000 0.000000 0.000000
  outer loop
   vertex -64.400000 0.000000 10.000000
   vertex -64.400000 17.500000 10.000000
   vertex -64.400000 17.500000 11.600000
  endloop
 endfacet
 facet normal 1.000000 0.000000 0.000000
  outer loop
   vertex -64.400000 0.000000 10.000000
   vertex -64.400000 17.500000 11.600000
   vertex -64.400000 0.000000 11.600000
  endloop
 endfacet
 facet normal 0.000000 0.000000 -1.000000
  outer loop
   vertex -67.600000 17.500000 10.000000
   vertex -67.600000 35.000000 10.000000
   vertex -64.400000 35.000000 10.000000
  endloop
 endfacet
 facet normal 0.000000 0.000000 -1.000000
  outer loop
   vertex -67.600000 17.500000 10.000000
   vertex -64.400000 35.000000 10.000000
   vertex -64.400000 17.500000 10.000000
  endloop
 endfacet
 facet normal 0.000000 0.000000 1.000000
  outer loop
   vertex -67.600000 17.500000 11.600000
   vertex -64.400000 17.500000 11.600000
   vertex -64.400000 35.000000 11.600000
  endloop
 endfacet
 facet normal 0.000000 0.000000 1.000000
  outer loop
   vertex -67.600000 17.500000 11.600000
   vertex -64.400000 35.000000 11.600000
   vertex -67.600000 35.000000 11.600000
  endloop
 endfacet
 facet normal 0.000000 -1.000000 0.000000
  outer loop
   vertex -67.600000 17.500000 10.000000
   vertex -64.400000 17.500000 10.000000
   vertex -64.400000 17.500000 11.600000
  endloop
 endfacet
 facet normal 0.000000 -1.000000 0.000000
  outer loop
   vertex -67.600000 17.500000 10.000000
   vertex -64.400000 17.500000 11.600000
   vertex -67.600000 17.500000 11.600000
  endloop
 endfacet
 facet normal 0.000000 1.000000 0.000000
  outer loop
   vertex -67.600000 35.000000 10.000000
   vertex -67.600000 35.000000 11.600000
   vertex -64.400000 35.000000 11.600000
  endloop
 endfacet
 facet normal 0.000000 1.000000 0.000000
  outer loop
   vertex -67.600000 35.000000 10.000000
   vertex -64.400000 35.000000 11.600000
   vertex -64.400000 35.000000 10.000000
  endloop
 endfacet
 facet normal -1.000000 0.000000 0.000000
  outer loop
   vertex -67.600000 17.500000 10.000000
   vertex -67.600000 17.500000 11.600000
   vertex -67.600000 35.000000 11.600000
  endloop
 endfacet
 facet normal -1.000000 0.000000 0.000000
  outer loop
   vertex -67.600000 17.500000 10.000000
   vertex -67.600000 35.000000 11.600000
   vertex -67.600000 35.000000 10.000000
  endloop
 endfacet
 facet normal 1.000000 0.000000 0.000000
  outer loop
   vertex -64.400000 17.500000 10.000000
   vertex -64.400000 35.000000 10.000000
   vertex -64.400000 35.000000 11.600000
  endloop
 endfacet
 facet normal 1.000000 0.000000 0.000000
  outer loop
   vertex -64.400000 17.500000 10.000000
   vertex -64.400000 35.000000 11.600000
   vertex -64.400000 17.500000 11.600000
  endloop
 endfacet
 facet normal 0.000000 0.000000 -1.000000
  outer loop
   vertex -72.600000 -35.000000 14.000000
   vertex -72.600000 -17.500000 14.000000
   vertex -69.400000 -17.500000 14.000000
  endloop
 endfacet
 facet normal 0.000000 0.000000 -1.000000
  outer loop
   vertex -72.600000 -35.000000 14.000000
   vertex -69.400000 -17.500000 14.000000
   vertex -69.400000 -35.000000 14.000000
  endloop
 endfacet
 facet normal 0.000000 0.000000 1.000000
  outer loop
   vertex -72.600000 -35.000000 15.600000
   vertex -69.400000 -35.000000 15.600000
   vertex -69.400000 -17.500000 15.600000
  endloop
 endfacet
 facet normal 0.000000 0.000000 1.000000
  outer loop
   vertex -72.600000 -35.000000 15.600000
   vertex -69.400000 -17.500000 15.600000
   vertex -72.600000 -17.500000 15.600000
  endloop
 endfacet
 facet normal 0.000000 -1.000000 0.000000
  outer loop
   vertex -72.600000 -35.000000 14.000000
   vertex -69.400000 -35.000000 14.000000
   vertex -69.400000 -35.000000 15.600000
  endloop
 endfacet
 facet normal 0.000000 -1.000000 0.000000
  outer loop
   vertex -72.600000 -35.000000 14.000000
   vertex -69.400000 -35.000000 15.600000
   vertex -72.600000 -35.000000 15.600000
  endloop
 endfacet
 facet normal 0.000000 1.000000 0.000000
  outer loop
   vertex -72.600000 -17.500000 14.000000
   vertex -72.600000 -17.500000 15.600000
   vertex -69.400000 -17.500000 15.600000
  endloop
 endfacet
 facet normal 0.000000 1.000000 0.000000
  outer loop
   vertex -72.600000 -17.500000 14.000000
   vertex -69.400000 -17.500000 15.600000
   vertex -69.400000 -17.500000 14.000000
  endloop
 endfacet
 facet normal -1.000000 0.000000 0.000000
  outer loop
   vertex -72.600000 -35.000000 14.000000
   vertex -72.600000 -35.000000 15.600000
   vertex -72.600000 -17.500000 15.600000
  endloop
 endfacet
 facet normal -1.000000 0.000000 0.000000
  outer loop
   vertex -72.600000 -35.000000 14.000000
   vertex -72.600000 -17.500000 15.600000
   vertex -72.600000 -17.500000 14.000000
  endloop
 endfacet
 facet normal 1.000000 0.000000 0.000000
  outer loop
   vertex -69.400000 -35.000000 14.000000
   vertex -69.400000 -17.500000 14.000000
   vertex -69.400000 -17.500000 15.600000
  endloop
 endfacet
 facet normal 1.000000 0.000000 0.000000
  outer loop
   vertex -69.400000 -35.000000 14.000000
   vertex -69.400000 -17.500000 15.600000
   vertex -69.400000 -35.000000 15.600000
  endloop
 endfacet
 facet normal 0.000000 0.000000 -1.000000
  outer loop
   vertex -72.600000 -17.500000 14.000000
   vertex -72.600000 0.000000 14.000000
   vertex -69.400000 0.000000 14.000000
  endloop
 endfacet
 facet normal 0.000000 0.000000 -1.000000
  outer loop
   vertex -72.600000 -17.500000 14.000000
   vertex -69.400000 0.000000 14.000000
   vertex -69.400000 -17.500000 14.000000
  endloop
 endfacet
 facet normal 0.000000 0.000000 1.000000
  outer loop
   vertex -72.600000 -17.500000 15.600000
   vertex -69.400000 -17.500000 15.600000
   vertex -69.400000 0.000000 15.600000
  endloop
 endfacet
 facet normal 0.000000 0.000000 1.000000
  outer loop
   vertex -72.600000 -17.500000 15.600000
   vertex -69.400000 0.000000 15.600000
   vertex -72.600000 0.000000 15.600000
  endloop
 endfacet
 facet normal 0.000000 -1.000000 0.000000
  outer loop
   vertex -72.600000 -17.500000 14.000000
   vertex -69.400000 -17.500000 14.000000
   vertex -69.400000 -17.500000 15.600000
  endloop
 endfacet
 facet normal 0.000000 -1.000000 0.000000
  outer loop
   vertex -72.600000 -17.500000 14.000000
   vertex -69.400000 -17.500000 15.600000
   vertex -72.600000 -17.500000 15.600000
  endloop
 endfacet
 facet normal 0.000000 1.000000 0.000000
  outer loop
   vertex -72.600000 0.000000 14.000000
   vertex -72.600000 0.000000 15.600000
   vertex -69.400000 0.000000 15.600000
  endloop
 endfacet
 facet normal 0.000000 1.000000 0.000000
  outer loop
   vertex -72.600000 0.000000 14.000000
   vertex -69.400000 0.000000 15.600000
   vertex -69.400000 0.000000 14.000000
  endloop
 endfacet
 facet normal -1.000000 0.000000 0.000000
  outer loop
   vertex -72.600000 -17.500000 14.000000
   vertex -72.600000 -17.500000 15.600000
   vertex -72.600000 0.000000 15.600000
  endloop
 endfacet
 facet normal -1.000000 0.000000 0.000000
  outer loop
   vertex -72.600000 -17.500000 14.000000
   vertex -72.600000 0.000000 15.600000
   vertex -72.600000 0.000000 14.000000
  endloop
 endfacet
 facet normal 1.000000 0.000000 0.000000
  outer loop
   vertex -69.400000 -17.500000 14.000000
   vertex -69.400000 0.000000 14.000000
   vertex -69.400000 0.000000 15.600000
  endloop
 endfacet
 facet normal 1.000000 0.000000 0.000000
  outer loop
   vertex -69.400000 -17.500000 14.000000
   vertex -69.400000 0.000000 15.600000
   vertex -69.400000 -17.500000 15.600000
  endloop
 endfacet
 facet normal 0.000000 0.000000 -1.000000
  outer loop
   vertex -72.600000 0.000000 14.000000
   vertex -72.600000 17.500000 14.000000
   vertex -69.400000 17.500000 14.000000
  endloop
 endfacet
 facet normal 0.000000 0.000000 -1.000000
  outer loop
   vertex -72.600000 0.000000 14.000000
   vertex -69.400000 17.500000 14.000000
   vertex -69.400000 0.000000 14.000000
  endloop
 endfacet
 facet normal 0.000000 0.000000 1.000000
  outer loop
   vertex -72.600000 0.000000 15.600000
   vertex -69.400000 0.000000 15.600000
   vertex -69.400000 17.500000 15.600000
  endloop
 endfacet
 facet normal 0.000000 0.000000 1.000000
  outer loop
   vertex -72.600000 0.000000 15.600000
   vertex -69.400000 17.500000 15.600000
   vertex -72.600000 17.500000 15.600000
  endloop
 endfacet
 facet normal 0.000000 -1.000000 0.000000
  outer loop
   vertex -72.600000 0.000000 14.000000
   vertex -69.400000 0.000000 14.000000
   vertex -69.400000 0.000000 15.600000
  endloop
 endfacet
 facet normal 0.000000 -1.000000 0.000000
  outer loop
   vertex -72.600000 0.000000 14.000000
   vertex -69.400000 0.000000 15.600000
   vertex -72.600000 0.000000 15.600000
  endloop
 endfacet
 facet normal 0.000000 1.000000 0.000000
  outer loop
   vertex -72.600000 17.500000 14.000000
   vertex -72.600000 17.500000 15.600000
   vertex -69.400000 17.500000 15.600000
  endloop
 endfacet
 facet normal 0.000000 1.000000 0.000000
  outer loop
   vertex -72.600000 17.500000 14.000000
   vertex -69.400000 17.500000 15.600000
   vertex -69.400000 17.500000 14.000000
  endloop
 endfacet
 facet normal -1.000000 0.000000 0.000000
  outer loop
   vertex -72.600000 0.000000 14.000000
   vertex -72.600000 0.000000 15.600000
   vertex -72.600000 17.500000 15.600000
  endloop
 endfacet
 facet normal -1.000000 0.000000 0.000000
  outer loop
   vertex -72.600000 0.000000 14.000000
   vertex -72.600000 17.500000 15.600000
   vertex -72.600000 17.500000 14.000000
  endloop
 endfacet
 facet normal 1.000000 0.000000 0.000000
  outer loop
   vertex -69.400000 0.000000 14.000000
   vertex -69.400000 17.500000 14.000000
   vertex -69.400000 17.500000 15.600000
  endloop
 endfacet
 facet normal 1.000000 0.000000 0.000000
  outer loop
   vertex -69.400000 0.000000 14.000000
   vertex -69.400000 17.500000 15.600000
   vertex -69.400000 0.000000 15.600000
  endloop
 endfacet
 facet normal 0.000000 0.000000 -1.000000
  outer loop
   vertex -72.600000 17.500000 14.000000
   vertex -72.600000 35.000000 14.000000
   vertex -69.400000 35.000000 14.000000
  endloop
 endfacet
 facet normal 0.000000 0.000000 -1.000000
  outer loop
   vertex -72.600000 17.500000 14.000000
   vertex -69.400000 35.000000 14.000000
   vertex -69.400000 17.500000 14.000000
  endloop
 endfacet
 facet normal 0.000000 0.000000 1.000000
  outer loop
   vertex -72.600000 17.500000 15.600000
   vertex -69.400000 17.500000 15.600000
   vertex -69.400000 35.000000 15.600000
  endloop
 endfacet
 facet normal 0.000000 0.000000 1.000000
  outer loop
   vertex -72.600000 17.500000 15.600000
   vertex -69.400000 35.000000 15.600000
   vertex -72.600000 35.000000 15.600000
  endloop
 endfacet
 facet normal 0.000000 -1.000000 0.000000
  outer loop
   vertex -72.600000 17.500000 14.000000
   vertex -69.400000 17.500000 14.000000
   vertex -69.400000 17.500000 15.600000
  endloop
 endfacet
 facet normal 0.000000 -1.000000 0.000000
  outer loop
   vertex -72.600000 17.500000 14.000000
   vertex -69.400000 17.500000 15.600000
   vertex -72.600000 17.500000 15.600000
  endloop
 endfacet
 facet normal 0.000000 1.000000 0.000000
  outer loop
   vertex -72.600000 35.000000 14.000000
   vertex -72.600000 35.000000 15.600000
   vertex -69.400000 35.000000 15.600000
  endloop
 endfacet
 facet normal 0.000000 1.000000 0.000000
  outer loop
   vertex -72.600000 35.000000 14.000000
   vertex -69.400000 35.000000 15.600000
   vertex -69.400000 35.000000 14.000000
  endloop
 endfacet
 facet normal -1.000000 0.000000 0.000000
  outer loop
   vertex -72.600000 17.500000 14.000000
   vertex -72.600000 17.500000 15.600000
   vertex -72.600000 35.000000 15.600000
  endloop
 endfacet
 facet normal -1.000000 0.000000 0.000000
  outer loop
   vertex -72.600000 17.500000 14.000000
   vertex -72.600000 35.000000 15.600000
   vertex -72.600000 35.000000 14.000000
  endloop
 endfacet
 facet normal 1.000000 0.000000 0.000000
  outer loop
   vertex -69.400000 17.500000 14.000000
   vertex -69.400000 35.000000 14.000000
   vertex -69.400000 35.000000 15.600000
  endloop
 endfacet
 facet normal 1.000000 0.000000 0.000000
  outer loop
   vertex -69.400000 17.500000 14.000000
   vertex -69.400000 35.000000 15.600000
   vertex -69.400000 17.500000 15.600000
  endloop
 endfacet
 facet normal 0.000000 0.000000 -1.000000
  outer loop
   vertex -77.600000 -35.000000 18.000000
   vertex -77.600000 -17.500000 18.000000
   vertex -74.400000 -17.500000 18.000000
  endloop
 endfacet
 facet normal 0.000000 0.000000 -1.000000
  outer loop
   vertex -77.600000 -35.000000 18.000000
   vertex -74.400000 -17.500000 18.000000
   vertex -74.400000 -35.000000 18.000000
  endloop
 endfacet
 facet normal 0.000000 0.000000 1.000000
  outer loop
   vertex -77.600000 -35.000000 19.600000
   vertex -74.400000 -35.000000 19.600000
   vertex -74.400000 -17.500000 19.600000
  endloop
 endfacet
 facet normal 0.000000 0.000000 1.000000
  outer loop
   vertex -77.600000 -35.000000 19.600000
   vertex -74.400000 -17.500000 19.600000
   vertex -77.600000 -17.500000 19.600000
  endloop
 endfacet
 facet normal 0.000000 -1.000000 0.000000
  outer loop
   vertex -77.600000 -35.000000 18.000000
   vertex -74.400000 -35.000000 18.000000
   vertex -74.400000 -35.000000 19.600000
  endloop
 endfacet
 facet normal 0.000000 -1.000000 0.000000
  outer loop
   vertex -77.600000 -35.000000 18.000000
   vertex -74.400000 -35.000000 19.600000
   vertex -77.600000 -35.000000 19.600000
  endloop
 endfacet
 facet normal 0.000000 1.000000 0.000000
  outer loop
   vertex -77.600000 -17.500000 18.000000
   vertex -77.600000 -17.500000 19.600000
   vertex -74.400000 -17.500000 19.600000
  endloop
 endfacet
 facet normal 0.000000 1.000000 0.000000
  outer loop
   vertex -77.600000 -17.500000 18.000000
   vertex -74.400000 -17.500000 19.600000
   vertex -74.400000 -17.500000 18.000000
  endloop
 endfacet
 facet normal -1.000000 0.000000 0.000000
  outer loop
   vertex -77.600000 -35.000000 18.000000
   vertex -77.600000 -35.000000 19.600000
   vertex -77.600000 -17.500000 19.600000
  endloop
 endfacet
 facet normal -1.000000 0.000000 0.000000
  outer loop
   vertex -77.600000 -35.000000 18.000000
   vertex -77.600000 -17.500000 19.600000
   vertex -77.600000 -17.500000 18.000000
  endloop
 endfacet
 facet normal 1.000000 0.000000 0.000000
  outer loop
   vertex -74.400000 -35.000000 18.000000
   vertex -74.400000 -17.500000 18.000000
   vertex -74.400000 -17.500000 19.600000
  endloop
 endfacet
 facet normal 1.000000 0.000000 0.000000
  outer loop
   vertex -74.400000 -35.000000 18.000000
   vertex -74.400000 -17.500000 19.600000
   vertex -74.400000 -35.000000 19.600000
  endloop
 endfacet
 facet normal 0.000000 0.000000 -1.000000
  outer loop
   vertex -77.600000 -17.500000 18.000000
   vertex -77.600000 0.000000 18.000000
   vertex -74.400000 0.000000 18.000000
  endloop
 endfacet
 facet normal 0.000000 0.000000 -1.000000
  outer loop
   vertex -77.600000 -17.500000 18.000000
   vertex -74.400000 0.000000 18.000000
   vertex -74.400000 -17.500000 18.000000
  endloop
 endfacet
 facet normal 0.000000 0.000000 1.000000
  outer loop
   vertex -77.600000 -17.500000 19.600000
   vertex -74.400000 -17.500000 19.600000
   vertex -74.400000 0.000000 19.600000
  endloop
 endfacet
 facet normal 0.000000 0.000000 1.000000
  outer loop
   vertex -77.600000 -17.500000 19.600000
   vertex -74.400000 0.000000 19.600000
   vertex -77.600000 0.000000 19.600000
  endloop
 endfacet
 facet normal 0.000000 -1.000000 0.000000
  outer loop
   vertex -77.600000 -17.500000 18.000000
   vertex -74.400000 -17.500000 18.000000
   vertex -74.400000 -17.500000 19.600000
  endloop
 endfacet
 facet normal 0.000000 -1.000000 0.000000
  outer loop
   vertex -77.600000 -17.500000 18.000000
   vertex -74.400000 -17.500000 19.600000
   vertex -77.600000 -17.500000 19.600000
  endloop
 endfacet
 facet normal 0.000000 1.000000 0.000000
  outer loop
   vertex -77.600000 0.000000 18.000000
   vertex -77.600000 0.000000 19.600000
   vertex -74.400000 0.000000 19.600000
  endloop
 endfacet
 facet normal 0.000000 1.000000 0.000000
  outer loop
   vertex -77.600000 0.000000 18.000000
   vertex -74.400000 0.000000 19.600000
   vertex -74.400000 0.000000 18.000000
  endloop
 endfacet
 facet normal -1.000000 0.000000 0.000000
  outer loop
   vertex -77.600000 -17.500000 18.000000
   vertex -77.600000 -17.500000 19.600000
   vertex -77.600000 0.000000 19.600000
  endloop
 endfacet
 facet normal -1.000000 0.000000 0.000000
  outer loop
   vertex -77.600000 -17.500000 18.000000
   vertex -77.600000 0.000000 19.600000
   vertex -77.600000 0.000000 18.000000
  endloop
 endfacet
 facet normal 1.000000 0.000000 0.000000
  outer loop
   vertex -74.400000 -17.500000 18.000000
   vertex -74.400000 0.000000 18.000000
   vertex -74.400000 0.000000 19.600000
  endloop
 endfacet
 facet normal 1.000000 0.000000 0.000000
  outer loop
   vertex -74.400000 -17.500000 18.000000
   vertex -74.400000 0.000000 19.600000
   vertex -74.400000 -17.500000 19.600000
  endloop
 endfacet
 facet normal 0.000000 0.000000 -1.000000
  outer loop
   vertex -77.600000 0.000000 18.000000
   vertex -77.600000 17.500000 18.000000
   vertex -74.400000 17.500000 18.000000
  endloop
 endfacet
 facet normal 0.000000 0.000000 -1.000000
  outer loop
   vertex -77.600000 0.000000 18.000000
   vertex -74.400000 17.500000 18.000000
   vertex -74.400000 0.000000 18.000000
  endloop
 endfacet
 facet normal 0.000000 0.000000 1.000000
  outer loop
   vertex -77.600000 0.000000 19.600000
   vertex -74.400000 0.000000 19.600000
   vertex -74.400000 17.500000 19.600000
  endloop
 endfacet
 facet normal 0.000000 0.000000 1.000000
  outer loop
   vertex -77.600000 0.000000 19.600000
   vertex -74.400000 17.500000 19.600000
   vertex -77.600000 17.500000 19.600000
  endloop
 endfacet
 facet normal 0.000000 -1.000000 0.000000
  outer loop
   vertex -77.600000 0.000000 18.000000
   vertex -74.400000 0.000000 18.000000
   vertex -74.400000 0.000000 19.600000
  endloop
 endfacet
 facet normal 0.000000 -1.000000 0.000000
  outer loop
   vertex -77.600000 0.000000 18.000000
   vertex -74.400000 0.000000 19.600000
   vertex -77.600000 0.000000 19.600000
  endloop
 endfacet
 facet normal 0.000000 1.000000 0.000000
  outer loop
   vertex -77.600000 17.500000 18.000000
   vertex -77.600000 17.500000 19.600000
   vertex -74.400000 17.500000 19.600000
  endloop
 endfacet
 facet normal 0.000000 1.000000 0.000000
  outer loop
   vertex -77.600000 17.500000 18.000000
   vertex -74.400000 17.500000 19.600000
   vertex -74.400000 17.500000 18.000000
  endloop
 endfacet
 facet normal -1.000000 0.000000 0.000000
  outer loop
   vertex -77.600000 0.000000 18.000000
   vertex -77.600000 0.000000 19.600000
   vertex -77.600000 17.500000 19.600000
  endloop
 endfacet
 facet normal -1.000000 0.000000 0.000000
  outer loop
   vertex -77.600000 0.000000 18.000000
   vertex -77.600000 17.500000 19.600000
   vertex -77.600000 17.500000 18.000000
  endloop
 endfacet
 facet normal 1.000000 0.000000 0.000000
  outer loop
   vertex -74.400000 0.000000 18.000000
   vertex -74.400000 17.500000 18.000000
   vertex -74.400000 17.500000 19.600000
  endloop
 endfacet
 facet normal 1.000000 0.000000 0.000000
  outer loop
   vertex -74.400000 0.000000 18.000000
   vertex -74.400000 17.500000 19.600000
   vertex -74.400000 0.000000 19.600000
  endloop
 endfacet
 facet normal 0.000000 0.000000 -1.000000
  outer loop
   vertex -77.600000 17.500000 18.000000
   vertex -77.600000 35.000000 18.000000
   vertex -74.400000 35.000000 18.000000
  endloop
 endfacet
 facet normal 0.000000 0.000000 -1.000000
  outer loop
   vertex -77.600000 17.500000 18.000000
   vertex -74.400000 35.000000 18.000000
   vertex -74.400000 17.500000 18.000000
  endloop
 endfacet
 facet normal 0.000000 0.000000 1.000000
  outer loop
   vertex -77.600000 17.500000 19.600000
   vertex -74.400000 17.500000 19.600000
   vertex -74.400000 35.000000 19.600000
  endloop
 endfacet
 facet normal 0.000000 0.000000 1.000000
  outer loop
   vertex -77.600000 17.500000 19.600000
   vertex -74.400000 35.000000 19.600000
   vertex -77.600000 35.000000 19.600000
  endloop
 endfacet
 facet normal 0.000000 -1.000000 0.000000
  outer loop
   vertex -77.600000 17.500000 18.000000
   vertex -74.400000 17.500000 18.000000
   vertex -74.400000 17.500000 19.600000
  endloop
 endfacet
 facet normal 0.000000 -1.000000 0.000000
  outer loop
   vertex -77.600000 17.500000 18.000000
   vertex -74.400000 17.500000 19.600000
   vertex -77.600000 17.500000 19.600000
  endloop
 endfacet
 facet normal 0.000000 1.000000 0.000000
  outer loop
   vertex -77.600000 35.000000 18.000000
   vertex -77.600000 35.000000 19.600000
   vertex -74.400000 35.000000 19.600000
  endloop
 endfacet
 facet normal 0.000000 1.000000 0.000000
  outer loop
   vertex -77.600000 35.000000 18.000000
   vertex -74.400000 35.000000 19.600000
   vertex -74.400000 35.000000 18.000000
  endloop
 endfacet
 facet normal -1.000000 0.000000 0.000000
  outer loop
   vertex -77.600000 17.500000 18.000000
   vertex -77.600000 17.500000 19.600000
   vertex -77.600000 35.000000 19.600000
  endloop
 endfacet
 facet normal -1.000000 0.000000 0.000000
  outer loop
   vertex -77.600000 17.500000 18.000000
   vertex -77.600000 35.000000 19.600000
   vertex -77.600000 35.000000 18.000000
  endloop
 endfacet
 facet normal 1.000000 0.000000 0.000000
  outer loop
   vertex -74.400000 17.500000 18.000000
   vertex -74.400000 35.000000 18.000000
   vertex -74.400000 35.000000 19.600000
  endloop
 endfacet
 facet normal 1.000000 0.000000 0.000000
  outer loop
   vertex -74.400000 17.500000 18.000000
   vertex -74.400000 35.000000 19.600000
   vertex -74.400000 17.500000 19.600000
  endloop
 endfacet
 facet normal 0.000000 0.000000 -1.000000
  outer loop
   vertex -50.000000 -36.500000 0.000000
   vertex -50.000000 -34.500000 0.000000
   vertex -46.000000 -34.500000 0.000000
  endloop
 endfacet
 facet normal 0.000000 0.000000 -1.000000
  outer loop
   vertex -50.000000 -36.500000 0.000000
   vertex -46.000000 -34.500000 0.000000
   vertex -46.000000 -36.500000 0.000000
  endloop
 endfacet
 facet normal 0.000000 0.000000 1.000000
  outer loop
   vertex -50.000000 -36.500000 22.000000
   vertex -46.000000 -36.500000 22.000000
   vertex -46.000000 -34.500000 22.000000
  endloop
 endfacet
 facet normal 0.000000 0.000000 1.000000
  outer loop
   vertex -50.000000 -36.500000 22.000000
   vertex -46.000000 -34.500000 22.000000
   vertex -50.000000 -34.500000 22.000000
  endloop
 endfacet
 facet normal 0.000000 -1.000000 0.000000
  outer loop
   vertex -50.000000 -36.500000 0.000000
   vertex -46.000000 -36.500000 0.000000
   vertex -46.000000 -36.500000 22.000000
  endloop
 endfacet
 facet normal 0.000000 -1.000000 0.000000
  outer loop
   vertex -50.000000 -36.500000 0.000000
   vertex -46.000000 -36.500000 22.000000
   vertex -50.000000 -36.500000 22.000000
  endloop
 endfacet
 facet normal 0.000000 1.000000 0.000000
  outer loop
   vertex -50.000000 -34.500000 0.000000
   vertex -50.000000 -34.500000 22.000000
   vertex -46.000000 -34.500000 22.000000
  endloop
 endfacet
 facet normal 0.000000 1.000000 0.000000
  outer loop
   vertex -50.000000 -34.500000 0.000000
   vertex -46.000000 -34.500000 22.000000
   vertex -46.000000 -34.500000 0.000000
  endloop
 endfacet
 facet normal -1.000000 0.000000 0.000000
  outer loop
   vertex -50.000000 -36.500000 0.000000
   vertex -50.000000 -36.500000 22.000000
   vertex -50.000000 -34.500000 22.000000
  endloop
 endfacet
 facet normal -1.000000 0.000000 0.000000
  outer loop
   vertex -50.000000 -36.500000 0.000000
   vertex -50.000000 -34.500000 22.000000
   vertex -50.000000 -34.500000 0.000000
  endloop
 endfacet
 facet normal 1.000000 0.000000 0.000000
  outer loop
   vertex -46.000000 -36.500000 0.000000
   vertex -46.000000 -34.500000 0.000000
   vertex -46.000000 -34.500000 22.000000
  endloop
 endfacet
 facet normal 1.000000 0.000000 0.000000
  outer loop
   vertex -46.000000 -36.500000 0.000000
   vertex -46.000000 -34.500000 22.000000
   vertex -46.000000 -36.500000 22.000000
  endloop
 endfacet
 facet normal 0.000000 0.000000 -1.000000
  outer loop
   vertex -50.000000 34.500000 0.000000
   vertex -50.000000 36.500000 0.000000
   vertex -46.000000 36.500000 0.000000
  endloop
 endfacet
 facet normal 0.000000 0.000000 -1.000000
  outer loop
   vertex -50.000000 34.500000 0.000000
   vertex -46.000000 36.500000 0.000000
   vertex -46.000000 34.500000 0.000000
  endloop
 endfacet
 facet normal 0.000000 0.000000 1.000000
  outer loop
   vertex -50.000000 34.500000 22.000000
   vertex -46.000000 34.500000 22.000000
   vertex -46.000000 36.500000 22.000000
  endloop
 endfacet
 facet normal 0.000000 0.000000 1.000000
  outer loop
   vertex -50.000000 34.500000 22.000000
   vertex -46.000000 36.500000 22.000000
   vertex -50.000000 36.500000 22.000000
  endloop
 endfacet
 facet normal 0.000000 -1.000000 0.000000
  outer loop
   vertex -50.000000 34.500000 0.000000
   vertex -46.000000 34.500000 0.000000
   vertex -46.000000 34.500000 22.000000
  endloop
 endfacet
 facet normal 0.000000 -1.000000 0.000000
  outer loop
   vertex -50.000000 34.500000 0.000000
   vertex -46.000000 34.500000 22.000000
   vertex -50.000000 34.500000 22.000000
  endloop
 endfacet
 facet normal 0.000000 1.000000 0.000000
  outer loop
   vertex -50.000000 36.500000 0.000000
   vertex -50.000000 36.500000 22.000000
   vertex -46.000000 36.500000 22.000000
  endloop
 endfacet
 facet normal 0.000000 1.000000 0.000000
  outer loop
   vertex -50.000000 36.500000 0.000000
   vertex -46.000000 36.500000 22.000000
   vertex -46.000000 36.500000 0.000000
  endloop
 endfacet
 facet normal -1.000000 0.000000 0.000000
  outer loop
   vertex -50.000000 34.500000 0.000000
   vertex -50.000000 34.500000 22.000000
   vertex -50.000000 36.500000 22.000000
  endloop
 endfacet
 facet normal -1.000000 0.000000 0.000000
  outer loop
   vertex -50.000000 34.500000 0.000000
   vertex -50.000000 36.500000 22.000000
   vertex -50.000000 36.500000 0.000000
  endloop
 endfacet
 facet normal 1.000000 0.000000 0.000000
  outer loop
   vertex -46.000000 34.500000 0.000000
   vertex -46.000000 36.500000 0.000000
   vertex -46.000000 36.500000 22.000000
  endloop
 endfacet
 facet normal 1.000000 0.000000 0.000000
  outer loop
   vertex -46.000000 34.500000 0.000000
   vertex -46.000000 36.500000 22.000000
   vertex -46.000000 34.500000 22.000000
  endloop
 endfacet
 facet normal 0.000000 0.000000 -1.000000
  outer loop
   vertex -50.000000 -61.000000 0.000000
   vertex -50.000000 -57.000000 0.000000
   vertex -46.000000 -57.000000 0.000000
  endloop
 endfacet
 facet normal 0.000000 0.000000 -1.000000
  outer loop
   vertex -50.000000 -61.000000 0.000000
   vertex -46.000000 -57.000000 0.000000
   vertex -46.000000 -61.000000 0.000000
  endloop
 endfacet
 facet normal 0.000000 0.000000 1.000000
  outer loop
   vertex -50.000000 -61.000000 22.000000
   vertex -46.000000 -61.000000 22.000000
   vertex -46.000000 -57.000000 22.000000
  endloop
 endfacet
 facet normal 0.000000 0.000000 1.000000
  outer loop
   vertex -50.000000 -61.000000 22.000000
   vertex -46.000000 -57.000000 22.000000
   vertex -50.000000 -57.000000 22.000000
  endloop
 endfacet
 facet normal 0.000000 -1.000000 0.000000
  outer loop
   vertex -50.000000 -61.000000 0.000000
   vertex -46.000000 -61.000000 0.000000
   vertex -46.000000 -61.000000 22.000000
  endloop
 endfacet
 facet normal 0.000000 -1.000000 0.000000
  outer loop
   vertex -50.000000 -61.000000 0.000000
   vertex -46.000000 -61.000000 22.000000
   vertex -50.000000 -61.000000 22.000000
  endloop
 endfacet
 facet normal 0.000000 1.000000 0.000000
  outer loop
   vertex -50.000000 -57.000000 0.000000
   vertex -50.000000 -57.000000 22.000000
   vertex -46.000000 -57.000000 22.000000
  endloop
 endfacet
 facet normal 0.000000 1.000000 0.000000
  outer loop
   vertex -50.000000 -57.000000 0.000000
   vertex -46.000000 -57.000000 22.000000
   vertex -46.000000 -57.000000 0.000000
  endloop
 endfacet
 facet normal -1.000000 0.000000 0.000000
  outer loop
   vertex -50.000000 -61.000000 0.000000
   vertex -50.000000 -61.000000 22.000000
   vertex -50.000000 -57.000000 22.000000
  endloop
 endfacet
 facet normal -1.000000 0.000000 0.000000
  outer loop
   vertex -50.000000 -61.000000 0.000000
   vertex -50.000000 -57.000000 22.000000
   vertex -50.000000 -57.000000 0.000000
  endloop
 endfacet
 facet normal 1.000000 0.000000 0.000000
  outer loop
   vertex -46.000000 -61.000000 0.000000
   vertex -46.000000 -57.000000 0.000000
   vertex -46.000000 -57.000000 22.000000
  endloop
 endfacet
 facet normal 1.000000 0.000000 0.000000
  outer loop
   vertex -46.000000 -61.000000 0.000000
   vertex -46.000000 -57.000000 22.000000
   vertex -46.000000 -61.000000 22.000000
  endloop
 endfacet
 facet normal 0.000000 0.000000 -1.000000
  outer loop
   vertex -50.000000 57.000000 0.000000
   vertex -50.000000 61.000000 0.000000
   vertex -46.000000 61.000000 0.000000
  endloop
 endfacet
 facet normal 0.000000 0.000000 -1.000000
  outer loop
   vertex -50.000000 57.000000 0.000000
   vertex -46.000000 61.000000 0.000000
   vertex -46.000000 57.000000 0.000000
  endloop
 endfacet
 facet normal 0.000000 0.000000 1.000000
  outer loop
   vertex -50.000000 57.000000 22.000000
   vertex -46.000000 57.000000 22.000000
   vertex -46.000000 61.000000 22.000000
  endloop
 endfacet
 facet normal 0.000000 0.000000 1.000000
  outer loop
   vertex -50.000000 57.000000 22.000000
   vertex -46.000000 61.000000 22.000000
   vertex -50.000000 61.000000 22.000000
  endloop
 endfacet
 facet normal 0.000000 -1.000000 0.000000
  outer loop
   vertex -50.000000 57.000000 0.000000
   vertex -46.000000 57.000000 0.000000
   vertex -46.000000 57.000000 22.000000
  endloop
 endfacet
 facet normal 0.000000 -1.000000 0.000000
  outer loop
   vertex -50.000000 57.000000 0.000000
   vertex -46.000000 57.000000 22.000000
   vertex -50.000000 57.000000 22.000000
  endloop
 endfacet
 facet normal 0.000000 1.000000 0.000000
  outer loop
   vertex -50.000000 61.000000 0.000000
   vertex -50.000000 61.000000 22.000000
   vertex -46.000000 61.000000 22.000000
  endloop
 endfacet
 facet normal 0.000000 1.000000 0.000000
  outer loop
   vertex -50.000000 61.000000 0.000000
   vertex -46.000000 61.000000 22.000000
   vertex -46.000000 61.000000 0.000000
  endloop
 endfacet
 facet normal -1.000000 0.000000 0.000000
  outer loop
   vertex -50.000000 57.000000 0.000000
   vertex -50.000000 57.000000 22.000000
   vertex -50.000000 61.000000 22.000000
  endloop
 endfacet
 facet normal -1.000000 0.000000 0.000000
  outer loop
   vertex -50.000000 57.000000 0.000000
   vertex -50.000000 61.000000 22.000000
   vertex -50.000000 61.000000 0.000000
  endloop
 endfacet
 facet normal 1.000000 0.000000 0.000000
  outer loop
   vertex -46.000000 57.000000 0.000000
   vertex -46.000000 61.000000 0.000000
   vertex -46.000000 61.000000 22.000000
  endloop
 endfacet
 facet normal 1.000000 0.000000 0.000000
  outer loop
   vertex -46.000000 57.000000 0.000000
   vertex -46.000000 61.000000 22.000000
   vertex -46.000000 57.000000 22.000000
  endloop
 endfacet
 facet normal 0.000000 0.000000 -1.000000
  outer loop
   vertex -18.000000 -36.500000 0.000000
   vertex -18.000000 -34.500000 0.000000
   vertex -14.000000 -34.500000 0.000000
  endloop
 endfacet
 facet normal 0.000000 0.000000 -1.000000
  outer loop
   vertex -18.000000 -36.500000 0.000000
   vertex -14.000000 -34.500000 0.000000
   vertex -14.000000 -36.500000 0.000000
  endloop
 endfacet
 facet normal 0.000000 0.000000 1.000000
  outer loop
   vertex -18.000000 -36.500000 22.000000
   vertex -14.000000 -36.500000 22.000000
   vertex -14.000000 -34.500000 22.000000
  endloop
 endfacet
 facet normal 0.000000 0.000000 1.000000
  outer loop
   vertex -18.000000 -36.500000 22.000000
   vertex -14.000000 -34.500000 22.000000
   vertex -18.000000 -34.500000 22.000000
  endloop
 endfacet
 facet normal 0.000000 -1.000000 0.000000
  outer loop
   vertex -18.000000 -36.500000 0.000000
   vertex -14.000000 -36.500000 0.000000
   vertex -14.000000 -36.500000 22.000000
  endloop
 endfacet
 facet normal 0.000000 -1.000000 0.000000
  outer loop
   vertex -18.000000 -36.500000 0.000000
   vertex -14.000000 -36.500000 22.000000
   vertex -18.000000 -36.500000 22.000000
  endloop
 endfacet
 facet normal 0.000000 1.000000 0.000000
  outer loop
   vertex -18.000000 -34.500000 0.000000
   vertex -18.000000 -34.500000 22.000000
   vertex -14.000000 -34.500000 22.000000
  endloop
 endfacet
 facet normal 0.000000 1.000000 0.000000
  outer loop
   vertex -18.000000 -34.500000 0.000000
   vertex -14.000000 -34.500000 22.000000
   vertex -14.000000 -34.500000 0.000000
  endloop
 endfacet
 facet normal -1.000000 0.000000 0.000000
  outer loop
   vertex -18.000000 -36.500000 0.000000
   vertex -18.000000 -36.500000 22.000000
   vertex -18.000000 -34.500000 22.000000
  endloop
 endfacet
 facet normal -1.000000 0.000000 0.000000
  outer loop
   vertex -18.000000 -36.500000 0.000000
   vertex -18.000000 -34.500000 22.000000
   vertex -18.000000 -34.500000 0.000000
  endloop
 endfacet
 facet normal 1.000000 0.000000 0.000000
  outer loop
   vertex -14.000000 -36.500000 0.000000
   vertex -14.000000 -34.500000 0.000000
   vertex -14.000000 -34.500000 22.000000
  endloop
 endfacet
 facet normal 1.000000 0.000000 0.000000
  outer loop
   vertex -14.000000 -36.500000 0.000000
   vertex -14.000000 -34.500000 22.000000
   vertex -14.000000 -36.500000 22.000000
  endloop
 endfacet
 facet normal 0.000000 0.000000 -1.000000
  outer loop
   vertex -18.000000 34.500000 0.000000
   vertex -18.000000 36.500000 0.000000
   vertex -14.000000 36.500000 0.000000
  endloop
 endfacet
 facet normal 0.000000 0.000000 -1.000000
  outer loop
   vertex -18.000000 34.500000 0.000000
   vertex -14.000000 36.500000 0.000000
   vertex -14.000000 34.500000 0.000000
  endloop
 endfacet
 facet normal 0.000000 0.000000 1.000000
  outer loop
   vertex -18.000000 34.500000 22.000000
   vertex -14.000000 34.500000 22.000000
   vertex -14.000000 36.500000 22.000000
  endloop
 endfacet
 facet normal 0.000000 0.000000 1.000000
  outer loop
   vertex -18.000000 34.500000 22.000000
   vertex -14.000000 36.500000 22.000000
   vertex -18.000000 36.500000 22.000000
  endloop
 endfacet
 facet normal 0.000000 -1.000000 0.000000
  outer loop
   vertex -18.000000 34.500000 0.000000
   vertex -14.000000 34.500000 0.000000
   vertex -14.000000 34.500000 22.000000
  endloop
 endfacet
 facet normal 0.000000 -1.000000 0.000000
  outer loop
   vertex -18.000000 34.500000 0.000000
   vertex -14.000000 34.500000 22.000000
   vertex -18.000000 34.500000 22.000000
  endloop
 endfacet
 facet normal 0.000000 1.000000 0.000000
  outer loop
   vertex -18.000000 36.500000 0.000000
   vertex -18.000000 36.500000 22.000000
   vertex -14.000000 36.500000 22.000000
  endloop
 endfacet
 facet normal 0.000000 1.000000 0.000000
  outer loop
   vertex -18.000000 36.500000 0.000000
   vertex -14.000000 36.500000 22.000000
   vertex -14.000000 36.500000 0.000000
  endloop
 endfacet
 facet normal -1.000000 0.000000 0.000000
  outer loop
   vertex -18.000000 34.500000 0.000000
   vertex -18.000000 34.500000 22.000000
   vertex -18.000000 36.500000 22.000000
  endloop
 endfacet
 facet normal -1.000000 0.000000 0.000000
  outer loop
   vertex -18.000000 34.500000 0.000000
   vertex -18.000000 36.500000 22.000000
   vertex -18.000000 36.500000 0.000000
  endloop
 endfacet
 facet normal 1.000000 0.000000 0.000000
  outer loop
   vertex -14.000000 34.500000 0.000000
   vertex -14.000000 36.500000 0.000000
   vertex -14.000000 36.500000 22.000000
  endloop
 endfacet
 facet normal 1.000000 0.000000 0.000000
  outer loop
   vertex -14.000000 34.500000 0.000000
   vertex -14.000000 36.500000 22.000000
   vertex -14.000000 34.500000 22.000000
  endloop
 endfacet
 facet normal 0.000000 0.000000 -1.000000
  outer loop
   vertex -22.000000 -61.000000 0.000000
   vertex -22.000000 -57.000000 0.000000
   vertex -18.000000 -57.000000 0.000000
  endloop
 endfacet
 facet normal 0.000000 0.000000 -1.000000
  outer loop
   vertex -22.000000 -61.000000 0.000000
   vertex -18.000000 -57.000000 0.000000
   vertex -18.000000 -61.000000 0.000000
  endloop
 endfacet
 facet normal 0.000000 0.000000 1.000000
  outer loop
   vertex -22.000000 -61.000000 22.000000
   vertex -18.000000 -61.000000 22.000000
   vertex -18.000000 -57.000000 22.000000
  endloop
 endfacet
 facet normal 0.000000 0.000000 1.000000
  outer loop
   vertex -22.000000 -61.000000 22.000000
   vertex -18.000000 -57.000000 22.000000
   vertex -22.000000 -57.000000 22.000000
  endloop
 endfacet
 facet normal 0.000000 -1.000000 0.000000
  outer loop
   vertex -22.000000 -61.000000 0.000000
   vertex -18.000000 -61.000000 0.000000
   vertex -18.000000 -61.000000 22.000000
  endloop
 endfacet
 facet normal 0.000000 -1.000000 0.000000
  outer loop
   vertex -22.000000 -61.000000 0.000000
   vertex -18.000000 -61.000000 22.000000
   vertex -22.000000 -61.000000 22.000000
  endloop
 endfacet
 facet normal 0.000000 1.000000 0.000000
  outer loop
   vertex -22.000000 -57.000000 0.000000
   vertex -22.000000 -57.000000 22.000000
   vertex -18.000000 -57.000000 22.000000
  endloop
 endfacet
 facet normal 0.000000 1.000000 0.000000
  outer loop
   vertex -22.000000 -57.000000 0.000000
   vertex -18.000000 -57.000000 22.000000
   vertex -18.000000 -57.000000 0.000000
  endloop
 endfacet
 facet normal -1.000000 0.000000 0.000000
  outer loop
   vertex -22.000000 -61.000000 0.000000
   vertex -22.000000 -61.000000 22.000000
   vertex -22.000000 -57.000000 22.000000
  endloop
 endfacet
 facet normal -1.000000 0.000000 0.000000
  outer loop
   vertex -22.000000 -61.000000 0.000000
   vertex -22.000000 -57.000000 22.000000
   vertex -22.000000 -57.000000 0.000000
  endloop
 endfacet
 facet normal 1.000000 0.000000 0.000000
  outer loop
   vertex -18.000000 -61.000000 0.000000
   vertex -18.000000 -57.000000 0.000000
   vertex -18.000000 -57.000000 22.000000
  endloop
 endfacet
 facet normal 1.000000 0.000000 0.000000
  outer loop
   vertex -18.000000 -61.000000 0.000000
   vertex -18.000000 -57.000000 22.000000
   vertex -18.000000 -61.000000 22.000000
  endloop
 endfacet
 facet normal 0.000000 0.000000 -1.000000
  outer loop
   vertex -22.000000 57.000000 0.000000
   vertex -22.000000 61.000000 0.000000
   vertex -18.000000 61.000000 0.000000
  endloop
 endfacet
 facet normal 0.000000 0.000000 -1.000000
  outer loop
   vertex -22.000000 57.000000 0.000000
   vertex -18.000000 61.000000 0.000000
   vertex -18.000000 57.000000 0.000000
  endloop
 endfacet
 facet normal 0.000000 0.000000 1.000000
  outer loop
   vertex -22.000000 57.000000 22.000000
   vertex -18.000000 57.000000 22.000000
   vertex -18.000000 61.000000 22.000000
  endloop
 endfacet
 facet normal 0.000000 0.000000 1.000000
  outer loop
   vertex -22.000000 57.000000 22.000000
   vertex -18.000000 61.000000 22.000000
   vertex -22.000000 61.000000 22.000000
  endloop
 endfacet
 facet normal 0.000000 -1.000000 0.000000
  outer loop
   vertex -22.000000 57.000000 0.000000
   vertex -18.000000 57.000000 0.000000
   vertex -18.000000 57.000000 22.000000
  endloop
 endfacet
 facet normal 0.000000 -1.000000 0.000000
  outer loop
   vertex -22.000000 57.000000 0.000000
   vertex -18.000000 57.000000 22.000000
   vertex -22.000000 57.000000 22.000000
  endloop
 endfacet
 facet normal 0.000000 1.000000 0.000000
  outer loop
   vertex -22.000000 61.000000 0.000000
   vertex -22.000000 61.000000 22.000000
   vertex -18.000000 61.000000 22.000000
  endloop
 endfacet
 facet normal 0.000000 1.000000 0.000000
  outer loop
   vertex -22.000000 61.000000 0.000000
   vertex -18.000000 61.000000 22.000000
   vertex -18.000000 61.000000 0.000000
  endloop
 endfacet
 facet normal -1.000000 0.000000 0.000000
  outer loop
   vertex -22.000000 57.000000 0.000000
   vertex -22.000000 57.000000 22.000000
   vertex -22.000000 61.000000 22.000000
  endloop
 endfacet
 facet normal -1.000000 0.000000 0.000000
  outer loop
   vertex -22.000000 57.000000 0.000000
   vertex -22.000000 61.000000 22.000000
   vertex -22.000000 61.000000 0.000000
  endloop
 endfacet
 facet normal 1.000000 0.000000 0.000000
  outer loop
   vertex -18.000000 57.000000 0.000000
   vertex -18.000000 61.000000 0.000000
   vertex -18.000000 61.000000 22.000000
  endloop
 endfacet
 facet normal 1.000000 0.000000 0.000000
  outer loop
   vertex -18.000000 57.000000 0.000000
   vertex -18.000000 61.000000 22.000000
   vertex -18.000000 57.000000 22.000000
  endloop
 endfacet
 facet normal 0.000000 0.000000 -1.000000
  outer loop
   vertex 14.000000 -36.500000 0.000000
   vertex 14.000000 -34.500000 0.000000
   vertex 18.000000 -34.500000 0.000000
  endloop
 endfacet
 facet normal 0.000000 0.000000 -1.000000
  outer loop
   vertex 14.000000 -36.500000 0.000000
   vertex 18.000000 -34.500000 0.000000
   vertex 18.000000 -36.500000 0.000000
  endloop
 endfacet
 facet normal 0.000000 0.000000 1.000000
  outer loop
   vertex 14.000000 -36.500000 22.000000
   vertex 18.000000 -36.500000 22.000000
   vertex 18.000000 -34.500000 22.000000
  endloop
 endfacet
 facet normal 0.000000 0.000000 1.000000
  outer loop
   vertex 14.000000 -36.500000 22.000000
   vertex 18.000000 -34.500000 22.000000
   vertex 14.000000 -34.500000 22.000000
  endloop
 endfacet
 facet normal 0.000000 -1.000000 0.000000
  outer loop
   vertex 14.000000 -36.500000 0.000000
   vertex 18.000000 -36.500000 0.000000
   vertex 18.000000 -36.500000 22.000000
  endloop
 endfacet
 facet normal 0.000000 -1.000000 0.000000
  outer loop
   vertex 14.000000 -36.500000 0.000000
   vertex 18.000000 -36.500000 22.000000
   vertex 14.000000 -36.500000 22.000000
  endloop
 endfacet
 facet normal 0.000000 1.000000 0.000000
  outer loop
   vertex 14.000000 -34.500000 0.000000
   vertex 14.000000 -34.500000 22.000000
   vertex 18.000000 -34.500000 22.000000
  endloop
 endfacet
 facet normal 0.000000 1.000000 0.000000
  outer loop
   vertex 14.000000 -34.500000 0.000000
   vertex 18.000000 -34.500000 22.000000
   vertex 18.000000 -34.500000 0.000000
  endloop
 endfacet
 facet normal -1.000000 0.000000 0.000000
  outer loop
   vertex 14.000000 -36.500000 0.000000
   vertex 14.000000 -36.500000 22.000000
   vertex 14.000000 -34.500000 22.000000
  endloop
 endfacet
 facet normal -1.000000 0.000000 0.000000
  outer loop
   vertex 14.000000 -36.500000 0.000000
   vertex 14.000000 -34.500000 22.000000
   vertex 14.000000 -34.500000 0.000000
  endloop
 endfacet
 facet normal 1.000000 0.000000 0.000000
  outer loop
   vertex 18.000000 -36.500000 0.000000
   vertex 18.000000 -34.500000 0.000000
   vertex 18.000000 -34.500000 22.000000
  endloop
 endfacet
 facet normal 1.000000 0.000000 0.000000
  outer loop
   vertex 18.000000 -36.500000 0.000000
   vertex 18.000000 -34.500000 22.000000
   vertex 18.000000 -36.500000 22.000000
  endloop
 endfacet
 facet normal 0.000000 0.000000 -1.000000
  outer loop
   vertex 14.000000 34.500000 0.000000
   vertex 14.000000 36.500000 0.000000
   vertex 18.000000 36.500000 0.000000
  endloop
 endfacet
 facet normal 0.000000 0.000000 -1.000000
  outer loop
   vertex 14.000000 34.500000 0.000000
   vertex 18.000000 36.500000 0.000000
   vertex 18.000000 34.500000 0.000000
  endloop
 endfacet
 facet normal 0.000000 0.000000 1.000000
  outer loop
   vertex 14.000000 34.500000 22.000000
   vertex 18.000000 34.500000 22.000000
   vertex 18.000000 36.500000 22.000000
  endloop
 endfacet
 facet normal 0.000000 0.000000 1.000000
  outer loop
   vertex 14.000000 34.500000 22.000000
   vertex 18.000000 36.500000 22.000000
   vertex 14.000000 36.500000 22.000000
  endloop
 endfacet
 facet normal 0.000000 -1.000000 0.000000
  outer loop
   vertex 14.000000 34.500000 0.000000
   vertex 18.000000 34.500000 0.000000
   vertex 18.000000 34.500000 22.000000
  endloop
 endfacet
 facet normal 0.000000 -1.000000 0.000000
  outer loop
   vertex 14.000000 34.500000 0.000000
   vertex 18.000000 34.500000 22.000000
   vertex 14.000000 34.500000 22.000000
  endloop
 endfacet
 facet normal 0.000000 1.000000 0.000000
  outer loop
   vertex 14.000000 36.500000 0.000000
   vertex 14.000000 36.500000 22.000000
   vertex 18.000000 36.500000 22.000000
  endloop
 endfacet
 facet normal 0.000000 1.000000 0.000000
  outer loop
   vertex 14.000000 36.500000 0.000000
   vertex 18.000000 36.500000 22.000000
   vertex 18.000000 36.500000 0.000000
  endloop
 endfacet
 facet normal -1.000000 0.000000 0.000000
  outer loop
   vertex 14.000000 34.500000 0.000000
   vertex 14.000000 34.500000 22.000000
   vertex 14.000000 36.500000 22.000000
  endloop
 endfacet
 facet normal -1.000000 0.000000 0.000000
  outer loop
   vertex 14.000000 34.500000 0.000000
   vertex 14.000000 36.500000 22.000000
   vertex 14.000000 36.500000 0.000000
  endloop
 endfacet
 facet normal 1.000000 0.000000 0.000000
  outer loop
   vertex 18.000000 34.500000 0.000000
   vertex 18.000000 36.500000 0.000000
   vertex 18.000000 36.500000 22.000000
  endloop
 endfacet
 facet normal 1.000000 0.000000 0.000000
  outer loop
   vertex 18.000000 34.500000 0.000000
   vertex 18.000000 36.500000 22.000000
   vertex 18.000000 34.500000 22.000000
  endloop
 endfacet
 facet normal 0.000000 0.000000 -1.000000
  outer loop
   vertex 18.000000 -61.000000 0.000000
   vertex 18.000000 -57.000000 0.000000
   vertex 22.000000 -57.000000 0.000000
  endloop
 endfacet
 facet normal 0.000000 0.000000 -1.000000
  outer loop
   vertex 18.000000 -61.000000 0.000000
   vertex 22.000000 -57.000000 0.000000
   vertex 22.000000 -61.000000 0.000000
  endloop
 endfacet
 facet normal 0.000000 0.000000 1.000000
  outer loop
   vertex 18.000000 -61.000000 22.000000
   vertex 22.000000 -61.000000 22.000000
   vertex 22.000000 -57.000000 22.000000
  endloop
 endfacet
 facet normal 0.000000 0.000000 1.000000
  outer loop
   vertex 18.000000 -61.000000 22.000000
   vertex 22.000000 -57.000000 22.000000
   vertex 18.000000 -57.000000 22.000000
  endloop
 endfacet
 facet normal 0.000000 -1.000000 0.000000
  outer loop
   vertex 18.000000 -61.000000 0.000000
   vertex 22.000000 -61.000000 0.000000
   vertex 22.000000 -61.000000 22.000000
  endloop
 endfacet
 facet normal 0.000000 -1.000000 0.000000
  outer loop
   vertex 18.000000 -61.000000 0.000000
   vertex 22.000000 -61.000000 22.000000
   vertex 18.000000 -61.000000 22.000000
  endloop
 endfacet
 facet normal 0.000000 1.000000 0.000000
  outer loop
   vertex 18.000000 -57.000000 0.000000
   vertex 18.000000 -57.000000 22.000000
   vertex 22.000000 -57.000000 22.000000
  endloop
 endfacet
 facet normal 0.000000 1.000000 0.000000
  outer loop
   vertex 18.000000 -57.000000 0.000000
   vertex 22.000000 -57.000000 22.000000
   vertex 22.000000 -57.000000 0.000000
  endloop
 endfacet
 facet normal -1.000000 0.000000 0.000000
  outer loop
   vertex 18.000000 -61.000000 0.000000
   vertex 18.000000 -61.000000 22.000000
   vertex 18.000000 -57.000000 22.000000
  endloop
 endfacet
 facet normal -1.000000 0.000000 0.000000
  outer loop
   vertex 18.000000 -61.000000 0.000000
   vertex 18.000000 -57.000000 22.000000
   vertex 18.000000 -57.000000 0.000000
  endloop
 endfacet
 facet normal 1.000000 0.000000 0.000000
  outer loop
   vertex 22.000000 -61.000000 0.000000
   vertex 22.000000 -57.000000 0.000000
   vertex 22.000000 -57.000000 22.000000
  endloop
 endfacet
 facet normal 1.000000 0.000000 0.000000
  outer loop
   vertex 22.000000 -61.000000 0.000000
   vertex 22.000000 -57.000000 22.000000
   vertex 22.000000 -61.000000 22.000000
  endloop
 endfacet
 facet normal 0.000000 0.000000 -1.000000
  outer loop
   vertex 18.000000 57.000000 0.000000
   vertex 18.000000 61.000000 0.000000
   vertex 22.000000 61.000000 0.000000
  endloop
 endfacet
 facet normal 0.000000 0.000000 -1.000000
  outer loop
   vertex 18.000000 57.000000 0.000000
   vertex 22.000000 61.000000 0.000000
   vertex 22.000000 57.000000 0.000000
  endloop
 endfacet
 facet normal 0.000000 0.000000 1.000000
  outer loop
   vertex 18.000000 57.000000 22.000000
   vertex 22.000000 57.000000 22.000000
   vertex 22.000000 61.000000 22.000000
  endloop
 endfacet
 facet normal 0.000000 0.000000 1.000000
  outer loop
   vertex 18.000000 57.000000 22.000000
   vertex 22.000000 61.000000 22.000000
   vertex 18.000000 61.000000 22.000000
  endloop
 endfacet
 facet normal 0.000000 -1.000000 0.000000
  outer loop
   vertex 18.000000 57.000000 0.000000
   vertex 22.000000 57.000000 0.000000
   vertex 22.000000 57.000000 22.000000
  endloop
 endfacet
 facet normal 0.000000 -1.000000 0.000000
  outer loop
   vertex 18.000000 57.000000 0.000000
   vertex 22.000000 57.000000 22.000000
   vertex 18.000000 57.000000 22.000000
  endloop
 endfacet
 facet normal 0.000000 1.000000 0.000000
  outer loop
   vertex 18.000000 61.000000 0.000000
   vertex 18.000000 61.000000 22.000000
   vertex 22.000000 61.000000 22.000000
  endloop
 endfacet
 facet normal 0.000000 1.000000 0.000000
  outer loop
   vertex 18.000000 61.000000 0.000000
   vertex 22.000000 61.000000 22.000000
   vertex 22.000000 61.000000 0.000000
  endloop
 endfacet
 facet normal -1.000000 0.000000 0.000000
  outer loop
   vertex 18.000000 57.000000 0.000000
   vertex 18.000000 57.000000 22.000000
   vertex 18.000000 61.000000 22.000000
  endloop
 endfacet
 facet normal -1.000000 0.000000 0.000000
  outer loop
   vertex 18.000000 57.000000 0.000000
   vertex 18.000000 61.000000 22.000000
   vertex 18.000000 61.000000 0.000000
  endloop
 endfacet
 facet normal 1.000000 0.000000 0.000000
  outer loop
   vertex 22.000000 57.000000 0.000000
   vertex 22.000000 61.000000 0.000000
   vertex 22.000000 61.000000 22.000000
  endloop
 endfacet
 facet normal 1.000000 0.000000 0.000000
  outer loop
   vertex 22.000000 57.000000 0.000000
   vertex 22.000000 61.000000 22.000000
   vertex 22.000000 57.000000 22.000000
  endloop
 endfacet
 facet normal 0.000000 0.000000 -1.000000
  outer loop
   vertex 46.000000 -36.500000 0.000000
   vertex 46.000000 -34.500000 0.000000
   vertex 50.000000 -34.500000 0.000000
  endloop
 endfacet
 facet normal 0.000000 0.000000 -1.000000
  outer loop
   vertex 46.000000 -36.500000 0.000000
   vertex 50.000000 -34.500000 0.000000
   vertex 50.000000 -36.500000 0.000000
  endloop
 endfacet
 facet normal 0.000000 0.000000 1.000000
  outer loop
   vertex 46.000000 -36.500000 22.000000
   vertex 50.000000 -36.500000 22.000000
   vertex 50.000000 -34.500000 22.000000
  endloop
 endfacet
 facet normal 0.000000 0.000000 1.000000
  outer loop
   vertex 46.000000 -36.500000 22.000000
   vertex 50.000000 -34.500000 22.000000
   vertex 46.000000 -34.500000 22.000000
  endloop
 endfacet
 facet normal 0.000000 -1.000000 0.000000
  outer loop
   vertex 46.000000 -36.500000 0.000000
   vertex 50.000000 -36.500000 0.000000
   vertex 50.000000 -36.500000 22.000000
  endloop
 endfacet
 facet normal 0.000000 -1.000000 0.000000
  outer loop
   vertex 46.000000 -36.500000 0.000000
   vertex 50.000000 -36.500000 22.000000
   vertex 46.000000 -36.500000 22.000000
  endloop
 endfacet
 facet normal 0.000000 1.000000 0.000000
  outer loop
   vertex 46.000000 -34.500000 0.000000
   vertex 46.000000 -34.500000 22.000000
   vertex 50.000000 -34.500000 22.000000
  endloop
 endfacet
 facet normal 0.000000 1.000000 0.000000
  outer loop
   vertex 46.000000 -34.500000 0.000000
   vertex 50.000000 -34.500000 22.000000
   vertex 50.000000 -34.500000 0.000000
  endloop
 endfacet
 facet normal -1.000000 0.000000 0.000000
  outer loop
   vertex 46.000000 -36.500000 0.000000
   vertex 46.000000 -36.500000 22.000000
   vertex 46.000000 -34.500000 22.000000
  endloop
 endfacet
 facet normal -1.000000 0.000000 0.000000
  outer loop
   vertex 46.000000 -36.500000 0.000000
   vertex 46.000000 -34.500000 22.000000
   vertex 46.000000 -34.500000 0.000000
  endloop
 endfacet
 facet normal 1.000000 0.000000 0.000000
  outer loop
   vertex 50.000000 -36.500000 0.000000
   vertex 50.000000 -34.500000 0.000000
   vertex 50.000000 -34.500000 22.000000
  endloop
 endfacet
 facet normal 1.000000 0.000000 0.000000
  outer loop
   vertex 50.000000 -36.500000 0.000000
   vertex 50.000000 -34.500000 22.000000
   vertex 50.000000 -36.500000 22.000000
  endloop
 endfacet
 facet normal 0.000000 0.000000 -1.000000
  outer loop
   vertex 46.000000 34.500000 0.000000
   vertex 46.000000 36.500000 0.000000
   vertex 50.000000 36.500000 0.000000
  endloop
 endfacet
 facet normal 0.000000 0.000000 -1.000000
  outer loop
   vertex 46.000000 34.500000 0.000000
   vertex 50.000000 36.500000 0.000000
   vertex 50.000000 34.500000 0.000000
  endloop
 endfacet
 facet normal 0.000000 0.000000 1.000000
  outer loop
   vertex 46.000000 34.500000 22.000000
   vertex 50.000000 34.500000 22.000000
   vertex 50.000000 36.500000 22.000000
  endloop
 endfacet
 facet normal 0.000000 0.000000 1.000000
  outer loop
   vertex 46.000000 34.500000 22.000000
   vertex 50.000000 36.500000 22.000000
   vertex 46.000000 36.500000 22.000000
  endloop
 endfacet
 facet normal 0.000000 -1.000000 0.000000
  outer loop
   vertex 46.000000 34.500000 0.000000
   vertex 50.000000 34.500000 0.000000
   vertex 50.000000 34.500000 22.000000
  endloop
 endfacet
 facet normal 0.000000 -1.000000 0.000000
  outer loop
   vertex 46.000000 34.500000 0.000000
   vertex 50.000000 34.500000 22.000000
   vertex 46.000000 34.500000 22.000000
  endloop
 endfacet
 facet normal 0.000000 1.000000 0.000000
  outer loop
   vertex 46.000000 36.500000 0.000000
   vertex 46.000000 36.500000 22.000000
   vertex 50.000000 36.500000 22.000000
  endloop
 endfacet
 facet normal 0.000000 1.000000 0.000000
  outer loop
   vertex 46.000000 36.500000 0.000000
   vertex 50.000000 36.500000 22.000000
   vertex 50.000000 36.500000 0.000000
  endloop
 endfacet
 facet normal -1.000000 0.000000 0.000000
  outer loop
   vertex 46.000000 34.500000 0.000000
   vertex 46.000000 34.500000 22.000000
   vertex 46.000000 36.500000 22.000000
  endloop
 endfacet
 facet normal -1.000000 0.000000 0.000000
  outer loop
   vertex 46.000000 34.500000 0.000000
   vertex 46.000000 36.500000 22.000000
   vertex 46.000000 36.500000 0.000000
  endloop
 endfacet
 facet normal 1.000000 0.000000 0.000000
  outer loop
   vertex 50.000000 34.500000 0.000000
   vertex 50.000000 36.500000 0.000000
   vertex 50.000000 36.500000 22.000000
  endloop
 endfacet
 facet normal 1.000000 0.000000 0.000000
  outer loop
   vertex 50.000000 34.500000 0.000000
   vertex 50.000000 36.500000 22.000000
   vertex 50.000000 34.500000 22.000000
  endloop
 endfacet
 facet normal 0.000000 0.000000 -1.000000
  outer loop
   vertex 46.000000 -61.000000 0.000000
   vertex 46.000000 -57.000000 0.000000
   vertex 50.000000 -57.000000 0.000000
  endloop
 endfacet
 facet normal 0.000000 0.000000 -1.000000
  outer loop
   vertex 46.000000 -61.000000 0.000000
   vertex 50.000000 -57.000000 0.000000
   vertex 50.000000 -61.000000 0.000000
  endloop
 endfacet
 facet normal 0.000000 0.000000 1.000000
  outer loop
   vertex 46.000000 -61.000000 22.000000
   vertex 50.000000 -61.000000 22.000000
   vertex 50.000000 -57.000000 22.000000
  endloop
 endfacet
 facet normal 0.000000 0.000000 1.000000
  outer loop
   vertex 46.000000 -61.000000 22.000000
   vertex 50.000000 -57.000000 22.000000
   vertex 46.000000 -57.000000 22.000000
  endloop
 endfacet
 facet normal 0.000000 -1.000000 0.000000
  outer loop
   vertex 46.000000 -61.000000 0.000000
   vertex 50.000000 -61.000000 0.000000
   vertex 50.000000 -61.000000 22.000000
  endloop
 endfacet
 facet normal 0.000000 -1.000000 0.000000
  outer loop
   vertex 46.000000 -61.000000 0.000000
   vertex 50.000000 -61.000000 22.000000
   vertex 46.000000 -61.000000 22.000000
  endloop
 endfacet
 facet normal 0.000000 1.000000 0.000000
  outer loop
   vertex 46.000000 -57.000000 0.000000
   vertex 46.000000 -57.000000 22.000000
   vertex 50.000000 -57.000000 22.000000
  endloop
 endfacet
 facet normal 0.000000 1.000000 0.000000
  outer loop
   vertex 46.000000 -57.000000 0.000000
   vertex 50.000000 -57.000000 22.000000
   vertex 50.000000 -57.000000 0.000000
  endloop
 endfacet
 facet normal -1.000000 0.000000 0.000000
  outer loop
   vertex 46.000000 -61.000000 0.000000
   vertex 46.000000 -61.000000 22.000000
   vertex 46.000000 -57.000000 22.000000
  endloop
 endfacet
 facet normal -1.000000 0.000000 0.000000
  outer loop
   vertex 46.000000 -61.000000 0.000000
   vertex 46.000000 -57.000000 22.000000
   vertex 46.000000 -57.000000 0.000000
  endloop
 endfacet
 facet normal 1.000000 0.000000 0.000000
  outer loop
   vertex 50.000000 -61.000000 0.000000
   vertex 50.000000 -57.000000 0.000000
   vertex 50.000000 -57.000000 22.000000
  endloop
 endfacet
 facet normal 1.000000 0.000000 0.000000
  outer loop
   vertex 50.000000 -61.000000 0.000000
   vertex 50.000000 -57.000000 22.000000
   vertex 50.000000 -61.000000 22.000000
  endloop
 endfacet
 facet normal 0.000000 0.000000 -1.000000
  outer loop
   vertex 46.000000 57.000000 0.000000
   vertex 46.000000 61.000000 0.000000
   vertex 50.000000 61.000000 0.000000
  endloop
 endfacet
 facet normal 0.000000 0.000000 -1.000000
  outer loop
   vertex 46.000000 57.000000 0.000000
   vertex 50.000000 61.000000 0.000000
   vertex 50.000000 57.000000 0.000000
  endloop
 endfacet
 facet normal 0.000000 0.000000 1.000000
  outer loop
   vertex 46.000000 57.000000 22.000000
   vertex 50.000000 57.000000 22.000000
   vertex 50.000000 61.000000 22.000000
  endloop
 endfacet
 facet normal 0.000000 0.000000 1.000000
  outer loop
   vertex 46.000000 57.000000 22.000000
   vertex 50.000000 61.000000 22.000000
   vertex 46.000000 61.000000 22.000000
  endloop
 endfacet
 facet normal 0.000000 -1.000000 0.000000
  outer loop
   vertex 46.000000 57.000000 0.000000
   vertex 50.000000 57.000000 0.000000
   vertex 50.000000 57.000000 22.000000
  endloop
 endfacet
 facet normal 0.000000 -1.000000 0.000000
  outer loop
   vertex 46.000000 57.000000 0.000000
   vertex 50.000000 57.000000 22.000000
   vertex 46.000000 57.000000 22.000000
  endloop
 endfacet
 facet normal 0.000000 1.000000 0.000000
  outer loop
   vertex 46.000000 61.000000 0.000000
   vertex 46.000000 61.000000 22.000000
   vertex 50.000000 61.000000 22.000000
  endloop
 endfacet
 facet normal 0.000000 1.000000 0.000000
  outer loop
   vertex 46.000000 61.000000 0.000000
   vertex 50.000000 61.000000 22.000000
   vertex 50.000000 61.000000 0.000000
  endloop
 endfacet
 facet normal -1.000000 0.000000 0.000000
  outer loop
   vertex 46.000000 57.000000 0.000000
   vertex 46.000000 57.000000 22.000000
   vertex 46.000000 61.000000 22.000000
  endloop
 endfacet
 facet normal -1.000000 0.000000 0.000000
  outer loop
   vertex 46.000000 57.000000 0.000000
   vertex 46.000000 61.000000 22.000000
   vertex 46.000000 61.000000 0.000000
  endloop
 endfacet
 facet normal 1.000000 0.000000 0.000000
  outer loop
   vertex 50.000000 57.000000 0.000000
   vertex 50.000000 61.000000 0.000000
   vertex 50.000000 61.000000 22.000000
  endloop
 endfacet
 facet normal 1.000000 0.000000 0.000000
  outer loop
   vertex 50.000000 57.000000 0.000000
   vertex 50.000000 61.000000 22.000000
   vertex 50.000000 57.000000 22.000000
  endloop
 endfacet
 facet normal 0.000000 0.000000 -1.000000
  outer loop
   vertex 79.000000 -2.000000 0.000000
   vertex 79.000000 2.000000 0.000000
   vertex 83.000000 2.000000 0.000000
  endloop
 endfacet
 facet normal 0.000000 0.000000 -1.000000
  outer loop
   vertex 79.000000 -2.000000 0.000000
   vertex 83.000000 2.000000 0.000000
   vertex 83.000000 -2.000000 0.000000
  endloop
 endfacet
 facet normal 0.000000 0.000000 1.000000
  outer loop
   vertex 79.000000 -2.000000 22.000000
   vertex 83.000000 -2.000000 22.000000
   vertex 83.000000 2.000000 22.000000
  endloop
 endfacet
 facet normal 0.000000 0.000000 1.000000
  outer loop
   vertex 79.000000 -2.000000 22.000000
   vertex 83.000000 2.000000 22.000000
   vertex 79.000000 2.000000 22.000000
  endloop
 endfacet
 facet normal 0.000000 -1.000000 0.000000
  outer loop
   vertex 79.000000 -2.000000 0.000000
   vertex 83.000000 -2.000000 0.000000
   vertex 83.000000 -2.000000 22.000000
  endloop
 endfacet
 facet normal 0.000000 -1.000000 0.000000
  outer loop
   vertex 79.000000 -2.000000 0.000000
   vertex 83.000000 -2.000000 22.000000
   vertex 79.000000 -2.000000 22.000000
  endloop
 endfacet
 facet normal 0.000000 1.000000 0.000000
  outer loop
   vertex 79.000000 2.000000 0.000000
   vertex 79.000000 2.000000 22.000000
   vertex 83.000000 2.000000 22.000000
  endloop
 endfacet
 facet normal 0.000000 1.000000 0.000000
  outer loop
   vertex 79.000000 2.000000 0.000000
   vertex 83.000000 2.000000 22.000000
   vertex 83.000000 2.000000 0.000000
  endloop
 endfacet
 facet normal -1.000000 0.000000 0.000000
  outer loop
   vertex 79.000000 -2.000000 0.000000
   vertex 79.000000 -2.000000 22.000000
   vertex 79.000000 2.000000 22.000000
  endloop
 endfacet
 facet normal -1.000000 0.000000 0.000000
  outer loop
   vertex 79.000000 -2.000000 0.000000
   vertex 79.000000 2.000000 22.000000
   vertex 79.000000 2.000000 0.000000
  endloop
 endfacet
 facet normal 1.000000 0.000000 0.000000
  outer loop
   vertex 83.000000 -2.000000 0.000000
   vertex 83.000000 2.000000 0.000000
   vertex 83.000000 2.000000 22.000000
  endloop
 endfacet
 facet normal 1.000000 0.000000 0.000000
  outer loop
   vertex 83.000000 -2.000000 0.000000
   vertex 83.000000 2.000000 22.000000
   vertex 83.000000 -2.000000 22.000000
  endloop
 endfacet
 facet normal 0.000000 0.000000 -1.000000
  outer loop
   vertex -83.000000 -2.000000 0.000000
   vertex -83.000000 2.000000 0.000000
   vertex -79.000000 2.000000 0.000000
  endloop
 endfacet
 facet normal 0.000000 0.000000 -1.000000
  outer loop
   vertex -83.000000 -2.000000 0.000000
   vertex -79.000000 2.000000 0.000000
   vertex -79.000000 -2.000000 0.000000
  endloop
 endfacet
 facet normal 0.000000 0.000000 1.000000
  outer loop
   vertex -83.000000 -2.000000 22.000000
   vertex -79.000000 -2.000000 22.000000
   vertex -79.000000 2.000000 22.000000
  endloop
 endfacet
 facet normal 0.000000 0.000000 1.000000
  outer loop
   vertex -83.000000 -2.000000 22.000000
   vertex -79.000000 2.000000 22.000000
   vertex -83.000000 2.000000 22.000000
  endloop
 endfacet
 facet normal 0.000000 -1.000000 0.000000
  outer loop
   vertex -83.000000 -2.000000 0.000000
   vertex -79.000000 -2.000000 0.000000
   vertex -79.000000 -2.000000 22.000000
  endloop
 endfacet
 facet normal 0.000000 -1.000000 0.000000
  outer loop
   vertex -83.000000 -2.000000 0.000000
   vertex -79.000000 -2.000000 22.000000
   vertex -83.000000 -2.000000 22.000000
  endloop
 endfacet
 facet normal 0.000000 1.000000 0.000000
  outer loop
   vertex -83.000000 2.000000 0.000000
   vertex -83.000000 2.000000 22.000000
   vertex -79.000000 2.000000 22.000000
  endloop
 endfacet
 facet normal 0.000000 1.000000 0.000000
  outer loop
   vertex -83.000000 2.000000 0.000000
   vertex -79.000000 2.000000 22.000000
   vertex -79.000000 2.000000 0.000000
  endloop
 endfacet
 facet normal -1.000000 0.000000 0.000000
  outer loop
   vertex -83.000000 -2.000000 0.000000
   vertex -83.000000 -2.000000 22.000000
   vertex -83.000000 2.000000 22.000000
  endloop
 endfacet
 facet normal -1.000000 0.000000 0.000000
  outer loop
   vertex -83.000000 -2.000000 0.000000
   vertex -83.000000 2.000000 22.000000
   vertex -83.000000 2.000000 0.000000
  endloop
 endfacet
 facet normal 1.000000 0.000000 0.000000
  outer loop
   vertex -79.000000 -2.000000 0.000000
   vertex -79.000000 2.000000 0.000000
   vertex -79.000000 2.000000 22.000000
  endloop
 endfacet
 facet normal 1.000000 0.000000 0.000000
  outer loop
   vertex -79.000000 -2.000000 0.000000
   vertex -79.000000 2.000000 22.000000
   vertex -79.000000 -2.000000 22.000000
  endloop
 endfacet
 facet normal 0.000000 0.000000 -1.000000
  outer loop
   vertex -51.000000 -56.000000 22.000000
   vertex 51.000000 -32.000000 22.000000
   vertex 51.000000 -56.000000 22.000000
  endloop
 endfacet
 facet normal 0.000000 0.000000 -1.000000
  outer loop
   vertex -51.000000 -56.000000 22.000000
   vertex -51.000000 -32.000000 22.000000
   vertex 51.000000 -32.000000 22.000000
  endloop
 endfacet
 facet normal 0.000000 -0.640184 0.768221
  outer loop
   vertex -51.000000 -56.000000 22.000000
   vertex 51.000000 -56.000000 22.000000
   vertex 51.000000 -44.000000 32.000000
  endloop
 endfacet
 facet normal 0.000000 -0.640184 0.768221
  outer loop
   vertex -51.000000 -56.000000 22.000000
   vertex 51.000000 -44.000000 32.000000
   vertex -51.000000 -44.000000 32.000000
  endloop
 endfacet
 facet normal -0.000000 0.640184 0.768221
  outer loop
   vertex -51.000000 -32.000000 22.000000
   vertex 51.000000 -44.000000 32.000000
   vertex 51.000000 -32.000000 22.000000
  endloop
 endfacet
 facet normal 0.000000 0.640184 0.768221
  outer loop
   vertex -51.000000 -32.000000 22.000000
   vertex -51.000000 -44.000000 32.000000
   vertex 51.000000 -44.000000 32.000000
  endloop
 endfacet
 facet normal -1.000000 0.000000 0.000000
  outer loop
   vertex -51.000000 -56.000000 22.000000
   vertex -51.000000 -44.000000 32.000000
   vertex -51.000000 -32.000000 22.000000
  endloop
 endfacet
 facet normal 1.000000 0.000000 0.000000
  outer loop
   vertex 51.000000 -56.000000 22.000000
   vertex 51.000000 -32.000000 22.000000
   vertex 51.000000 -44.000000 32.000000
  endloop
 endfacet
 facet normal 0.000000 0.000000 -1.000000
  outer loop
   vertex -51.000000 32.000000 22.000000
   vertex 51.000000 56.000000 22.000000
   vertex 51.000000 32.000000 22.000000
  endloop
 endfacet
 facet normal 0.000000 0.000000 -1.000000
  outer loop
   vertex -51.000000 32.000000 22.000000
   vertex -51.000000 56.000000 22.000000
   vertex 51.000000 56.000000 22.000000
  endloop
 endfacet
 facet normal 0.000000 -0.640184 0.768221
  outer loop
   vertex -51.000000 32.000000 22.000000
   vertex 51.000000 32.000000 22.000000
   vertex 51.000000 44.000000 32.000000
  endloop
 endfacet
 facet normal 0.000000 -0.640184 0.768221
  outer loop
   vertex -51.000000 32.000000 22.000000
   vertex 51.000000 44.000000 32.000000
   vertex -51.000000 44.000000 32.000000
  endloop
 endfacet
 facet normal -0.000000 0.640184 0.768221
  outer loop
   vertex -51.000000 56.000000 22.000000
   vertex 51.000000 44.000000 32.000000
   vertex 51.000000 56.000000 22.000000
  endloop
 endfacet
 facet normal 0.000000 0.640184 0.768221
  outer loop
   vertex -51.000000 56.000000 22.000000
   vertex -51.000000 44.000000 32.000000
   vertex 51.000000 44.000000 32.000000
  endloop
 endfacet
 facet normal -1.000000 0.000000 0.000000
  outer loop
   vertex -51.000000 32.000000 22.000000
   vertex -51.000000 44.000000 32.000000
   vertex -51.000000 56.000000 22.000000
  endloop
 endfacet
 facet normal 1.000000 0.000000 0.000000
  outer loop
   vertex 51.000000 32.000000 22.000000
   vertex 51.000000 56.000000 22.000000
   vertex 51.000000 44.000000 32.000000
  endloop
 endfacet
 facet normal 0.000000 0.000000 -1.000000
  outer loop
   vertex 56.000000 -29.000000 22.000000
   vertex 56.000000 29.000000 22.000000
   vertex 78.000000 29.000000 22.000000
  endloop
 endfacet
 facet normal 0.000000 0.000000 -1.000000
  outer loop
   vertex 56.000000 -29.000000 22.000000
   vertex 78.000000 29.000000 22.000000
   vertex 78.000000 -29.000000 22.000000
  endloop
 endfacet
 facet normal -0.672673 0.000000 0.739940
  outer loop
   vertex 56.000000 -29.000000 22.000000
   vertex 67.000000 29.000000 32.000000
   vertex 56.000000 29.000000 22.000000
  endloop
 endfacet
 facet normal -0.672673 0.000000 0.739940
  outer loop
   vertex 56.000000 -29.000000 22.000000
   vertex 67.000000 -29.000000 32.000000
   vertex 67.000000 29.000000 32.000000
  endloop
 endfacet
 facet normal 0.672673 -0.000000 0.739940
  outer loop
   vertex 78.000000 -29.000000 22.000000
   vertex 78.000000 29.000000 22.000000
   vertex 67.000000 29.000000 32.000000
  endloop
 endfacet
 facet normal 0.672673 0.000000 0.739940
  outer loop
   vertex 78.000000 -29.000000 22.000000
   vertex 67.000000 29.000000 32.000000
   vertex 67.000000 -29.000000 32.000000
  endloop
 endfacet
 facet normal 0.000000 -1.000000 0.000000
  outer loop
   vertex 56.000000 -29.000000 22.000000
   vertex 78.000000 -29.000000 22.000000
   vertex 67.000000 -29.000000 32.000000
  endloop
 endfacet
 facet normal 0.000000 1.000000 0.000000
  outer loop
   vertex 56.000000 29.000000 22.000000
   vertex 67.000000 29.000000 32.000000
   vertex 78.000000 29.000000 22.000000
  endloop
 endfacet
 facet normal 0.000000 0.000000 -1.000000
  outer loop
   vertex -78.000000 -29.000000 22.000000
   vertex -78.000000 29.000000 22.000000
   vertex -56.000000 29.000000 22.000000
  endloop
 endfacet
 facet normal 0.000000 0.000000 -1.000000
  outer loop
   vertex -78.000000 -29.000000 22.000000
   vertex -56.000000 29.000000 22.000000
   vertex -56.000000 -29.000000 22.000000
  endloop
 endfacet
 facet normal -0.672673 0.000000 0.739940
  outer loop
   vertex -78.000000 -29.000000 22.000000
   vertex -67.000000 29.000000 32.000000
   vertex -78.000000 29.000000 22.000000
  endloop
 endfacet
 facet normal -0.672673 0.000000 0.739940
  outer loop
   vertex -78.000000 -29.000000 22.000000
   vertex -67.000000 -29.000000 32.000000
   vertex -67.000000 29.000000 32.000000
  endloop
 endfacet
 facet normal 0.672673 -0.000000 0.739940
  outer loop
   vertex -56.000000 -29.000000 22.000000
   vertex -56.000000 29.000000 22.000000
   vertex -67.000000 29.000000 32.000000
  endloop
 endfacet
 facet normal 0.672673 0.000000 0.739940
  outer loop
   vertex -56.000000 -29.000000 22.000000
   vertex -67.000000 29.000000 32.000000
   vertex -67.000000 -29.000000 32.000000
  endloop
 endfacet
 facet normal 0.000000 -1.000000 0.000000
  outer loop
   vertex -78.000000 -29.000000 22.000000
   vertex -56.000000 -29.000000 22.000000
   vertex -67.000000 -29.000000 32.000000
  endloop
 endfacet
 facet normal 0.000000 1.000000 0.000000
  outer loop
   vertex -78.000000 29.000000 22.000000
   vertex -67.000000 29.000000 32.000000
   vertex -56.000000 29.000000 22.000000
  endloop
 endfacet
 facet normal 0.000000 0.000000 -1.000000
  outer loop
   vertex -43.000000 -34.500000 2.000000
   vertex -43.000000 -34.000000 2.000000
   vertex -31.000000 -34.000000 2.000000
  endloop
 endfacet
 facet normal 0.000000 0.000000 -1.000000
  outer loop
   vertex -43.000000 -34.500000 2.000000
   vertex -31.000000 -34.000000 2.000000
   vertex -31.000000 -34.500000 2.000000
  endloop
 endfacet
 facet normal 0.000000 0.000000 1.000000
  outer loop
   vertex -43.000000 -34.500000 4.500000
   vertex -31.000000 -34.500000 4.500000
   vertex -31.000000 -34.000000 4.500000
  endloop
 endfacet
 facet normal 0.000000 0.000000 1.000000
  outer loop
   vertex -43.000000 -34.500000 4.500000
   vertex -31.000000 -34.000000 4.500000
   vertex -43.000000 -34.000000 4.500000
  endloop
 endfacet
 facet normal 0.000000 -1.000000 0.000000
  outer loop
   vertex -43.000000 -34.500000 2.000000
   vertex -31.000000 -34.500000 2.000000
   vertex -31.000000 -34.500000 4.500000
  endloop
 endfacet
 facet normal 0.000000 -1.000000 0.000000
  outer loop
   vertex -43.000000 -34.500000 2.000000
   vertex -31.000000 -34.500000 4.500000
   vertex -43.000000 -34.500000 4.500000
  endloop
 endfacet
 facet normal 0.000000 1.000000 0.000000
  outer loop
   vertex -43.000000 -34.000000 2.000000
   vertex -43.000000 -34.000000 4.500000
   vertex -31.000000 -34.000000 4.500000
  endloop
 endfacet
 facet normal 0.000000 1.000000 0.000000
  outer loop
   vertex -43.000000 -34.000000 2.000000
   vertex -31.000000 -34.000000 4.500000
   vertex -31.000000 -34.000000 2.000000
  endloop
 endfacet
 facet normal -1.000000 0.000000 0.000000
  outer loop
   vertex -43.000000 -34.500000 2.000000
   vertex -43.000000 -34.500000 4.500000
   vertex -43.000000 -34.000000 4.500000
  endloop
 endfacet
 facet normal -1.000000 0.000000 0.000000
  outer loop
   vertex -43.000000 -34.500000 2.000000
   vertex -43.000000 -34.000000 4.500000
   vertex -43.000000 -34.000000 2.000000
  endloop
 endfacet
 facet normal 1.000000 0.000000 0.000000
  outer loop
   vertex -31.000000 -34.500000 2.000000
   vertex -31.000000 -34.000000 2.000000
   vertex -31.000000 -34.000000 4.500000
  endloop
 endfacet
 facet normal 1.000000 0.000000 0.000000
  outer loop
   vertex -31.000000 -34.500000 2.000000
   vertex -31.000000 -34.000000 4.500000
   vertex -31.000000 -34.500000 4.500000
  endloop
 endfacet
 facet normal 0.000000 0.000000 -1.000000
  outer loop
   vertex -43.000000 34.000000 2.000000
   vertex -43.000000 34.500000 2.000000
   vertex -31.000000 34.500000 2.000000
  endloop
 endfacet
 facet normal 0.000000 0.000000 -1.000000
  outer loop
   vertex -43.000000 34.000000 2.000000
   vertex -31.000000 34.500000 2.000000
   vertex -31.000000 34.000000 2.000000
  endloop
 endfacet
 facet normal 0.000000 0.000000 1.000000
  outer loop
   vertex -43.000000 34.000000 4.500000
   vertex -31.000000 34.000000 4.500000
   vertex -31.000000 34.500000 4.500000
  endloop
 endfacet
 facet normal 0.000000 0.000000 1.000000
  outer loop
   vertex -43.000000 34.000000 4.500000
   vertex -31.000000 34.500000 4.500000
   vertex -43.000000 34.500000 4.500000
  endloop
 endfacet
 facet normal 0.000000 -1.000000 0.000000
  outer loop
   vertex -43.000000 34.000000 2.000000
   vertex -31.000000 34.000000 2.000000
   vertex -31.000000 34.000000 4.500000
  endloop
 endfacet
 facet normal 0.000000 -1.000000 0.000000
  outer loop
   vertex -43.000000 34.000000 2.000000
   vertex -31.000000 34.000000 4.500000
   vertex -43.000000 34.000000 4.500000
  endloop
 endfacet
 facet normal 0.000000 1.000000 0.000000
  outer loop
   vertex -43.000000 34.500000 2.000000
   vertex -43.000000 34.500000 4.500000
   vertex -31.000000 34.500000 4.500000
  endloop
 endfacet
 facet normal 0.000000 1.000000 0.000000
  outer loop
   vertex -43.000000 34.500000 2.000000
   vertex -31.000000 34.500000 4.500000
   vertex -31.000000 34.500000 2.000000
  endloop
 endfacet
 facet normal -1.000000 0.000000 0.000000
  outer loop
   vertex -43.000000 34.000000 2.000000
   vertex -43.000000 34.000000 4.500000
   vertex -43.000000 34.500000 4.500000
  endloop
 endfacet
 facet normal -1.000000 0.000000 0.000000
  outer loop
   vertex -43.000000 34.000000 2.000000
   vertex -43.000000 34.500000 4.500000
   vertex -43.000000 34.500000 2.000000
  endloop
 endfacet
 facet normal 1.000000 0.000000 0.000000
  outer loop
   vertex -31.000000 34.000000 2.000000
   vertex -31.000000 34.500000 2.000000
   vertex -31.000000 34.500000 4.500000
  endloop
 endfacet
 facet normal 1.000000 0.000000 0.000000
  outer loop
   vertex -31.000000 34.000000 2.000000
   vertex -31.000000 34.500000 4.500000
   vertex -31.000000 34.000000 4.500000
  endloop
 endfacet
 facet normal 0.000000 0.000000 -1.000000
  outer loop
   vertex 31.000000 -34.500000 2.000000
   vertex 31.000000 -34.000000 2.000000
   vertex 43.000000 -34.000000 2.000000
  endloop
 endfacet
 facet normal 0.000000 0.000000 -1.000000
  outer loop
   vertex 31.000000 -34.500000 2.000000
   vertex 43.000000 -34.000000 2.000000
   vertex 43.000000 -34.500000 2.000000
  endloop
 endfacet
 facet normal 0.000000 0.000000 1.000000
  outer loop
   vertex 31.000000 -34.500000 4.500000
   vertex 43.000000 -34.500000 4.500000
   vertex 43.000000 -34.000000 4.500000
  endloop
 endfacet
 facet normal 0.000000 0.000000 1.000000
  outer loop
   vertex 31.000000 -34.500000 4.500000
   vertex 43.000000 -34.000000 4.500000
   vertex 31.000000 -34.000000 4.500000
  endloop
 endfacet
 facet normal 0.000000 -1.000000 0.000000
  outer loop
   vertex 31.000000 -34.500000 2.000000
   vertex 43.000000 -34.500000 2.000000
   vertex 43.000000 -34.500000 4.500000
  endloop
 endfacet
 facet normal 0.000000 -1.000000 0.000000
  outer loop
   vertex 31.000000 -34.500000 2.000000
   vertex 43.000000 -34.500000 4.500000
   vertex 31.000000 -34.500000 4.500000
  endloop
 endfacet
 facet normal 0.000000 1.000000 0.000000
  outer loop
   vertex 31.000000 -34.000000 2.000000
   vertex 31.000000 -34.000000 4.500000
   vertex 43.000000 -34.000000 4.500000
  endloop
 endfacet
 facet normal 0.000000 1.000000 0.000000
  outer loop
   vertex 31.000000 -34.000000 2.000000
   vertex 43.000000 -34.000000 4.500000
   vertex 43.000000 -34.000000 2.000000
  endloop
 endfacet
 facet normal -1.000000 0.000000 0.000000
  outer loop
   vertex 31.000000 -34.500000 2.000000
   vertex 31.000000 -34.500000 4.500000
   vertex 31.000000 -34.000000 4.500000
  endloop
 endfacet
 facet normal -1.000000 0.000000 0.000000
  outer loop
   vertex 31.000000 -34.500000 2.000000
   vertex 31.000000 -34.000000 4.500000
   vertex 31.000000 -34.000000 2.000000
  endloop
 endfacet
 facet normal 1.000000 0.000000 0.000000
  outer loop
   vertex 43.000000 -34.500000 2.000000
   vertex 43.000000 -34.000000 2.000000
   vertex 43.000000 -34.000000 4.500000
  endloop
 endfacet
 facet normal 1.000000 0.000000 0.000000
  outer loop
   vertex 43.000000 -34.500000 2.000000
   vertex 43.000000 -34.000000 4.500000
   vertex 43.000000 -34.500000 4.500000
  endloop
 endfacet
 facet normal 0.000000 0.000000 -1.000000
  outer loop
   vertex 31.000000 34.000000 2.000000
   vertex 31.000000 34.500000 2.000000
   vertex 43.000000 34.500000 2.000000
  endloop
 endfacet
 facet normal 0.000000 0.000000 -1.000000
  outer loop
   vertex 31.000000 34.000000 2.000000
   vertex 43.000000 34.500000 2.000000
   vertex 43.000000 34.000000 2.000000
  endloop
 endfacet
 facet normal 0.000000 0.000000 1.000000
  outer loop
   vertex 31.000000 34.000000 4.500000
   vertex 43.000000 34.000000 4.500000
   vertex 43.000000 34.500000 4.500000
  endloop
 endfacet
 facet normal 0.000000 0.000000 1.000000
  outer loop
   vertex 31.000000 34.000000 4.500000
   vertex 43.000000 34.500000 4.500000
   vertex 31.000000 34.500000 4.500000
  endloop
 endfacet
 facet normal 0.000000 -1.000000 0.000000
  outer loop
   vertex 31.000000 34.000000 2.000000
   vertex 43.000000 34.000000 2.000000
   vertex 43.000000 34.000000 4.500000
  endloop
 endfacet
 facet normal 0.000000 -1.000000 0.000000
  outer loop
   vertex 31.000000 34.000000 2.000000
   vertex 43.000000 34.000000 4.500000
   vertex 31.000000 34.000000 4.500000
  endloop
 endfacet
 facet normal 0.000000 1.000000 0.000000
  outer loop
   vertex 31.000000 34.500000 2.000000
   vertex 31.000000 34.500000 4.500000
   vertex 43.000000 34.500000 4.500000
  endloop
 endfacet
 facet normal 0.000000 1.000000 0.000000
  outer loop
   vertex 31.000000 34.500000 2.000000
   vertex 43.000000 34.500000 4.500000
   vertex 43.000000 34.500000 2.000000
  endloop
 endfacet
 facet normal -1.000000 0.000000 0.000000
  outer loop
   vertex 31.000000 34.000000 2.000000
   vertex 31.000000 34.000000 4.500000
   vertex 31.000000 34.500000 4.500000
  endloop
 endfacet
 facet normal -1.000000 0.000000 0.000000
  outer loop
   vertex 31.000000 34.000000 2.000000
   vertex 31.000000 34.500000 4.500000
   vertex 31.000000 34.500000 2.000000
  endloop
 endfacet
 facet normal 1.000000 0.000000 0.000000
  outer loop
   vertex 43.000000 34.000000 2.000000
   vertex 43.000000 34.500000 2.000000
   vertex 43.000000 34.500000 4.500000
  endloop
 endfacet
 facet normal 1.000000 0.000000 0.000000
  outer loop
   vertex 43.000000 34.000000 2.000000
   vertex 43.000000 34.500000 4.500000
   vertex 43.000000 34.000000 4.500000
  endloop
 endfacet
 facet normal 0.000000 0.000000 -1.000000
  outer loop
   vertex 53.350000 -24.000000 2.000000
   vertex 53.350000 -0.500000 2.000000
   vertex 53.850000 -0.500000 2.000000
  endloop
 endfacet
 facet normal 0.000000 0.000000 -1.000000
  outer loop
   vertex 53.350000 -24.000000 2.000000
   vertex 53.850000 -0.500000 2.000000
   vertex 53.850000 -24.000000 2.000000
  endloop
 endfacet
 facet normal 0.000000 0.000000 1.000000
  outer loop
   vertex 53.350000 -24.000000 4.500000
   vertex 53.850000 -24.000000 4.500000
   vertex 53.850000 -0.500000 4.500000
  endloop
 endfacet
 facet normal 0.000000 0.000000 1.000000
  outer loop
   vertex 53.350000 -24.000000 4.500000
   vertex 53.850000 -0.500000 4.500000
   vertex 53.350000 -0.500000 4.500000
  endloop
 endfacet
 facet normal 0.000000 -1.000000 0.000000
  outer loop
   vertex 53.350000 -24.000000 2.000000
   vertex 53.850000 -24.000000 2.000000
   vertex 53.850000 -24.000000 4.500000
  endloop
 endfacet
 facet normal 0.000000 -1.000000 0.000000
  outer loop
   vertex 53.350000 -24.000000 2.000000
   vertex 53.850000 -24.000000 4.500000
   vertex 53.350000 -24.000000 4.500000
  endloop
 endfacet
 facet normal 0.000000 1.000000 0.000000
  outer loop
   vertex 53.350000 -0.500000 2.000000
   vertex 53.350000 -0.500000 4.500000
   vertex 53.850000 -0.500000 4.500000
  endloop
 endfacet
 facet normal 0.000000 1.000000 0.000000
  outer loop
   vertex 53.350000 -0.500000 2.000000
   vertex 53.850000 -0.500000 4.500000
   vertex 53.850000 -0.500000 2.000000
  endloop
 endfacet
 facet normal -1.000000 0.000000 0.000000
  outer loop
   vertex 53.350000 -24.000000 2.000000
   vertex 53.350000 -24.000000 4.500000
   vertex 53.350000 -0.500000 4.500000
  endloop
 endfacet
 facet normal -1.000000 0.000000 0.000000
  outer loop
   vertex 53.350000 -24.000000 2.000000
   vertex 53.350000 -0.500000 4.500000
   vertex 53.350000 -0.500000 2.000000
  endloop
 endfacet
 facet normal 1.000000 0.000000 0.000000
  outer loop
   vertex 53.850000 -24.000000 2.000000
   vertex 53.850000 -0.500000 2.000000
   vertex 53.850000 -0.500000 4.500000
  endloop
 endfacet
 facet normal 1.000000 0.000000 0.000000
  outer loop
   vertex 53.850000 -24.000000 2.000000
   vertex 53.850000 -0.500000 4.500000
   vertex 53.850000 -24.000000 4.500000
  endloop
 endfacet
 facet normal 0.000000 0.000000 -1.000000
  outer loop
   vertex -53.850000 -24.000000 2.000000
   vertex -53.850000 -0.500000 2.000000
   vertex -53.350000 -0.500000 2.000000
  endloop
 endfacet
 facet normal 0.000000 0.000000 -1.000000
  outer loop
   vertex -53.850000 -24.000000 2.000000
   vertex -53.350000 -0.500000 2.000000
   vertex -53.350000 -24.000000 2.000000
  endloop
 endfacet
 facet normal 0.000000 0.000000 1.000000
  outer loop
   vertex -53.850000 -24.000000 4.500000
   vertex -53.350000 -24.000000 4.500000
   vertex -53.350000 -0.500000 4.500000
  endloop
 endfacet
 facet normal 0.000000 0.000000 1.000000
  outer loop
   vertex -53.850000 -24.000000 4.500000
   vertex -53.350000 -0.500000 4.500000
   vertex -53.850000 -0.500000 4.500000
  endloop
 endfacet
 facet normal 0.000000 -1.000000 0.000000
  outer loop
   vertex -53.850000 -24.000000 2.000000
   vertex -53.350000 -24.000000 2.000000
   vertex -53.350000 -24.000000 4.500000
  endloop
 endfacet
 facet normal 0.000000 -1.000000 0.000000
  outer loop
   vertex -53.850000 -24.000000 2.000000
   vertex -53.350000 -24.000000 4.500000
   vertex -53.850000 -24.000000 4.500000
  endloop
 endfacet
 facet normal 0.000000 1.000000 0.000000
  outer loop
   vertex -53.850000 -0.500000 2.000000
   vertex -53.850000 -0.500000 4.500000
   vertex -53.350000 -0.500000 4.500000
  endloop
 endfacet
 facet normal 0.000000 1.000000 0.000000
  outer loop
   vertex -53.850000 -0.500000 2.000000
   vertex -53.350000 -0.500000 4.500000
   vertex -53.350000 -0.500000 2.000000
  endloop
 endfacet
 facet normal -1.000000 0.000000 0.000000
  outer loop
   vertex -53.850000 -24.000000 2.000000
   vertex -53.850000 -24.000000 4.500000
   vertex -53.850000 -0.500000 4.500000
  endloop
 endfacet
 facet normal -1.000000 0.000000 0.000000
  outer loop
   vertex -53.850000 -24.000000 2.000000
   vertex -53.850000 -0.500000 4.500000
   vertex -53.850000 -0.500000 2.000000
  endloop
 endfacet
 facet normal 1.000000 0.000000 0.000000
  outer loop
   vertex -53.350000 -24.000000 2.000000
   vertex -53.350000 -0.500000 2.000000
   vertex -53.350000 -0.500000 4.500000
  endloop
 endfacet
 facet normal 1.000000 0.000000 0.000000
  outer loop
   vertex -53.350000 -24.000000 2.000000
   vertex -53.350000 -0.500000 4.500000
   vertex -53.350000 -24.000000 4.500000
  endloop
 endfacet
 facet normal 0.000000 0.000000 -1.000000
  outer loop
   vertex 53.350000 0.500000 2.000000
   vertex 53.350000 24.000000 2.000000
   vertex 53.850000 24.000000 2.000000
  endloop
 endfacet
 facet normal 0.000000 0.000000 -1.000000
  outer loop
   vertex 53.350000 0.500000 2.000000
   vertex 53.850000 24.000000 2.000000
   vertex 53.850000 0.500000 2.000000
  endloop
 endfacet
 facet normal 0.000000 0.000000 1.000000
  outer loop
   vertex 53.350000 0.500000 4.500000
   vertex 53.850000 0.500000 4.500000
   vertex 53.850000 24.000000 4.500000
  endloop
 endfacet
 facet normal 0.000000 0.000000 1.000000
  outer loop
   vertex 53.350000 0.500000 4.500000
   vertex 53.850000 24.000000 4.500000
   vertex 53.350000 24.000000 4.500000
  endloop
 endfacet
 facet normal 0.000000 -1.000000 0.000000
  outer loop
   vertex 53.350000 0.500000 2.000000
   vertex 53.850000 0.500000 2.000000
   vertex 53.850000 0.500000 4.500000
  endloop
 endfacet
 facet normal 0.000000 -1.000000 0.000000
  outer loop
   vertex 53.350000 0.500000 2.000000
   vertex 53.850000 0.500000 4.500000
   vertex 53.350000 0.500000 4.500000
  endloop
 endfacet
 facet normal 0.000000 1.000000 0.000000
  outer loop
   vertex 53.350000 24.000000 2.000000
   vertex 53.350000 24.000000 4.500000
   vertex 53.850000 24.000000 4.500000
  endloop
 endfacet
 facet normal 0.000000 1.000000 0.000000
  outer loop
   vertex 53.350000 24.000000 2.000000
   vertex 53.850000 24.000000 4.500000
   vertex 53.850000 24.000000 2.000000
  endloop
 endfacet
 facet normal -1.000000 0.000000 0.000000
  outer loop
   vertex 53.350000 0.500000 2.000000
   vertex 53.350000 0.500000 4.500000
   vertex 53.350000 24.000000 4.500000
  endloop
 endfacet
 facet normal -1.000000 0.000000 0.000000
  outer loop
   vertex 53.350000 0.500000 2.000000
   vertex 53.350000 24.000000 4.500000
   vertex 53.350000 24.000000 2.000000
  endloop
 endfacet
 facet normal 1.000000 0.000000 0.000000
  outer loop
   vertex 53.850000 0.500000 2.000000
   vertex 53.850000 24.000000 2.000000
   vertex 53.850000 24.000000 4.500000
  endloop
 endfacet
 facet normal 1.000000 0.000000 0.000000
  outer loop
   vertex 53.850000 0.500000 2.000000
   vertex 53.850000 24.000000 4.500000
   vertex 53.850000 0.500000 4.500000
  endloop
 endfacet
 facet normal 0.000000 0.000000 -1.000000
  outer loop
   vertex -53.850000 0.500000 2.000000
   vertex -53.850000 24.000000 2.000000
   vertex -53.350000 24.000000 2.000000
  endloop
 endfacet
 facet normal 0.000000 0.000000 -1.000000
  outer loop
   vertex -53.850000 0.500000 2.000000
   vertex -53.350000 24.000000 2.000000
   vertex -53.350000 0.500000 2.000000
  endloop
 endfacet
 facet normal 0.000000 0.000000 1.000000
  outer loop
   vertex -53.850000 0.500000 4.500000
   vertex -53.350000 0.500000 4.500000
   vertex -53.350000 24.000000 4.500000
  endloop
 endfacet
 facet normal 0.000000 0.000000 1.000000
  outer loop
   vertex -53.850000 0.500000 4.500000
   vertex -53.350000 24.000000 4.500000
   vertex -53.850000 24.000000 4.500000
  endloop
 endfacet
 facet normal 0.000000 -1.000000 0.000000
  outer loop
   vertex -53.850000 0.500000 2.000000
   vertex -53.350000 0.500000 2.000000
   vertex -53.350000 0.500000 4.500000
  endloop
 endfacet
 facet normal 0.000000 -1.000000 0.000000
  outer loop
   vertex -53.850000 0.500000 2.000000
   vertex -53.350000 0.500000 4.500000
   vertex -53.850000 0.500000 4.500000
  endloop
 endfacet
 facet normal 0.000000 1.000000 0.000000
  outer loop
   vertex -53.850000 24.000000 2.000000
   vertex -53.850000 24.000000 4.500000
   vertex -53.350000 24.000000 4.500000
  endloop
 endfacet
 facet normal 0.000000 1.000000 0.000000
  outer loop
   vertex -53.850000 24.000000 2.000000
   vertex -53.350000 24.000000 4.500000
   vertex -53.350000 24.000000 2.000000
  endloop
 endfacet
 facet normal -1.000000 0.000000 0.000000
  outer loop
   vertex -53.850000 0.500000 2.000000
   vertex -53.850000 0.500000 4.500000
   vertex -53.850000 24.000000 4.500000
  endloop
 endfacet
 facet normal -1.000000 0.000000 0.000000
  outer loop
   vertex -53.850000 0.500000 2.000000
   vertex -53.850000 24.000000 4.500000
   vertex -53.850000 24.000000 2.000000
  endloop
 endfacet
 facet normal 1.000000 0.000000 0.000000
  outer loop
   vertex -53.350000 0.500000 2.000000
   vertex -53.350000 24.000000 2.000000
   vertex -53.350000 24.000000 4.500000
  endloop
 endfacet
 facet normal 1.000000 0.000000 0.000000
  outer loop
   vertex -53.350000 0.500000 2.000000
   vertex -53.350000 24.000000 4.500000
   vertex -53.350000 0.500000 4.500000
  endloop
 endfacet
 facet normal 0.000000 0.000000 -1.000000
  outer loop
   vertex -7.000000 -36.500000 0.000000
   vertex -7.000000 -34.000000 0.000000
   vertex 7.000000 -34.000000 0.000000
  endloop
 endfacet
 facet normal 0.000000 0.000000 -1.000000
  outer loop
   vertex -7.000000 -36.500000 0.000000
   vertex 7.000000 -34.000000 0.000000
   vertex 7.000000 -36.500000 0.000000
  endloop
 endfacet
 facet normal 0.000000 0.000000 1.000000
  outer loop
   vertex -7.000000 -36.500000 2.000000
   vertex 7.000000 -36.500000 2.000000
   vertex 7.000000 -34.000000 2.000000
  endloop
 endfacet
 facet normal 0.000000 0.000000 1.000000
  outer loop
   vertex -7.000000 -36.500000 2.000000
   vertex 7.000000 -34.000000 2.000000
   vertex -7.000000 -34.000000 2.000000
  endloop
 endfacet
 facet normal 0.000000 -1.000000 0.000000
  outer loop
   vertex -7.000000 -36.500000 0.000000
   vertex 7.000000 -36.500000 0.000000
   vertex 7.000000 -36.500000 2.000000
  endloop
 endfacet
 facet normal 0.000000 -1.000000 0.000000
  outer loop
   vertex -7.000000 -36.500000 0.000000
   vertex 7.000000 -36.500000 2.000000
   vertex -7.000000 -36.500000 2.000000
  endloop
 endfacet
 facet normal 0.000000 1.000000 0.000000
  outer loop
   vertex -7.000000 -34.000000 0.000000
   vertex -7.000000 -34.000000 2.000000
   vertex 7.000000 -34.000000 2.000000
  endloop
 endfacet
 facet normal 0.000000 1.000000 0.000000
  outer loop
   vertex -7.000000 -34.000000 0.000000
   vertex 7.000000 -34.000000 2.000000
   vertex 7.000000 -34.000000 0.000000
  endloop
 endfacet
 facet normal -1.000000 0.000000 0.000000
  outer loop
   vertex -7.000000 -36.500000 0.000000
   vertex -7.000000 -36.500000 2.000000
   vertex -7.000000 -34.000000 2.000000
  endloop
 endfacet
 facet normal -1.000000 0.000000 0.000000
  outer loop
   vertex -7.000000 -36.500000 0.000000
   vertex -7.000000 -34.000000 2.000000
   vertex -7.000000 -34.000000 0.000000
  endloop
 endfacet
 facet normal 1.000000 0.000000 0.000000
  outer loop
   vertex 7.000000 -36.500000 0.000000
   vertex 7.000000 -34.000000 0.000000
   vertex 7.000000 -34.000000 2.000000
  endloop
 endfacet
 facet normal 1.000000 0.000000 0.000000
  outer loop
   vertex 7.000000 -36.500000 0.000000
   vertex 7.000000 -34.000000 2.000000
   vertex 7.000000 -36.500000 2.000000
  endloop
 endfacet
 facet normal 0.000000 0.000000 -1.000000
  outer loop
   vertex -7.000000 -36.500000 2.000000
   vertex -7.000000 -34.000000 2.000000
   vertex 7.000000 -34.000000 2.000000
  endloop
 endfacet
 facet normal 0.000000 0.000000 -1.000000
  outer loop
   vertex -7.000000 -36.500000 2.000000
   vertex 7.000000 -34.000000 2.000000
   vertex 7.000000 -36.500000 2.000000
  endloop
 endfacet
 facet normal 0.000000 0.000000 1.000000
  outer loop
   vertex -7.000000 -36.500000 2.600000
   vertex 7.000000 -36.500000 2.600000
   vertex 7.000000 -34.000000 2.600000
  endloop
 endfacet
 facet normal 0.000000 0.000000 1.000000
  outer loop
   vertex -7.000000 -36.500000 2.600000
   vertex 7.000000 -34.000000 2.600000
   vertex -7.000000 -34.000000 2.600000
  endloop
 endfacet
 facet normal 0.000000 -1.000000 0.000000
  outer loop
   vertex -7.000000 -36.500000 2.000000
   vertex 7.000000 -36.500000 2.000000
   vertex 7.000000 -36.500000 2.600000
  endloop
 endfacet
 facet normal 0.000000 -1.000000 0.000000
  outer loop
   vertex -7.000000 -36.500000 2.000000
   vertex 7.000000 -36.500000 2.600000
   vertex -7.000000 -36.500000 2.600000
  endloop
 endfacet
 facet normal 0.000000 1.000000 0.000000
  outer loop
   vertex -7.000000 -34.000000 2.000000
   vertex -7.000000 -34.000000 2.600000
   vertex 7.000000 -34.000000 2.600000
  endloop
 endfacet
 facet normal 0.000000 1.000000 0.000000
  outer loop
   vertex -7.000000 -34.000000 2.000000
   vertex 7.000000 -34.000000 2.600000
   vertex 7.000000 -34.000000 2.000000
  endloop
 endfacet
 facet normal -1.000000 0.000000 0.000000
  outer loop
   vertex -7.000000 -36.500000 2.000000
   vertex -7.000000 -36.500000 2.600000
   vertex -7.000000 -34.000000 2.600000
  endloop
 endfacet
 facet normal -1.000000 0.000000 0.000000
  outer loop
   vertex -7.000000 -36.500000 2.000000
   vertex -7.000000 -34.000000 2.600000
   vertex -7.000000 -34.000000 2.000000
  endloop
 endfacet
 facet normal 1.000000 0.000000 0.000000
  outer loop
   vertex 7.000000 -36.500000 2.000000
   vertex 7.000000 -34.000000 2.000000
   vertex 7.000000 -34.000000 2.600000
  endloop
 endfacet
 facet normal 1.000000 0.000000 0.000000
  outer loop
   vertex 7.000000 -36.500000 2.000000
   vertex 7.000000 -34.000000 2.600000
   vertex 7.000000 -36.500000 2.600000
  endloop
 endfacet
 facet normal 0.000000 0.000000 -1.000000
  outer loop
   vertex -36.000000 -36.200000 0.000000
   vertex -36.000000 -34.200000 0.000000
   vertex -24.000000 -34.200000 0.000000
  endloop
 endfacet
 facet normal 0.000000 0.000000 -1.000000
  outer loop
   vertex -36.000000 -36.200000 0.000000
   vertex -24.000000 -34.200000 0.000000
   vertex -24.000000 -36.200000 0.000000
  endloop
 endfacet
 facet normal 0.000000 0.000000 1.000000
  outer loop
   vertex -36.000000 -36.200000 1.600000
   vertex -24.000000 -36.200000 1.600000
   vertex -24.000000 -34.200000 1.600000
  endloop
 endfacet
 facet normal 0.000000 0.000000 1.000000
  outer loop
   vertex -36.000000 -36.200000 1.600000
   vertex -24.000000 -34.200000 1.600000
   vertex -36.000000 -34.200000 1.600000
  endloop
 endfacet
 facet normal 0.000000 -1.000000 0.000000
  outer loop
   vertex -36.000000 -36.200000 0.000000
   vertex -24.000000 -36.200000 0.000000
   vertex -24.000000 -36.200000 1.600000
  endloop
 endfacet
 facet normal 0.000000 -1.000000 0.000000
  outer loop
   vertex -36.000000 -36.200000 0.000000
   vertex -24.000000 -36.200000 1.600000
   vertex -36.000000 -36.200000 1.600000
  endloop
 endfacet
 facet normal 0.000000 1.000000 0.000000
  outer loop
   vertex -36.000000 -34.200000 0.000000
   vertex -36.000000 -34.200000 1.600000
   vertex -24.000000 -34.200000 1.600000
  endloop
 endfacet
 facet normal 0.000000 1.000000 0.000000
  outer loop
   vertex -36.000000 -34.200000 0.000000
   vertex -24.000000 -34.200000 1.600000
   vertex -24.000000 -34.200000 0.000000
  endloop
 endfacet
 facet normal -1.000000 0.000000 0.000000
  outer loop
   vertex -36.000000 -36.200000 0.000000
   vertex -36.000000 -36.200000 1.600000
   vertex -36.000000 -34.200000 1.600000
  endloop
 endfacet
 facet normal -1.000000 0.000000 0.000000
  outer loop
   vertex -36.000000 -36.200000 0.000000
   vertex -36.000000 -34.200000 1.600000
   vertex -36.000000 -34.200000 0.000000
  endloop
 endfacet
 facet normal 1.000000 0.000000 0.000000
  outer loop
   vertex -24.000000 -36.200000 0.000000
   vertex -24.000000 -34.200000 0.000000
   vertex -24.000000 -34.200000 1.600000
  endloop
 endfacet
 facet normal 1.000000 0.000000 0.000000
  outer loop
   vertex -24.000000 -36.200000 0.000000
   vertex -24.000000 -34.200000 1.600000
   vertex -24.000000 -36.200000 1.600000
  endloop
 endfacet
 facet normal 0.000000 0.000000 -1.000000
  outer loop
   vertex -36.000000 -36.500000 0.000000
   vertex -36.000000 -36.200000 0.000000
   vertex -24.000000 -36.200000 0.000000
  endloop
 endfacet
 facet normal 0.000000 0.000000 -1.000000
  outer loop
   vertex -36.000000 -36.500000 0.000000
   vertex -24.000000 -36.200000 0.000000
   vertex -24.000000 -36.500000 0.000000
  endloop
 endfacet
 facet normal 0.000000 0.000000 1.000000
  outer loop
   vertex -36.000000 -36.500000 3.400000
   vertex -24.000000 -36.500000 3.400000
   vertex -24.000000 -36.200000 3.400000
  endloop
 endfacet
 facet normal 0.000000 0.000000 1.000000
  outer loop
   vertex -36.000000 -36.500000 3.400000
   vertex -24.000000 -36.200000 3.400000
   vertex -36.000000 -36.200000 3.400000
  endloop
 endfacet
 facet normal 0.000000 -1.000000 0.000000
  outer loop
   vertex -36.000000 -36.500000 0.000000
   vertex -24.000000 -36.500000 0.000000
   vertex -24.000000 -36.500000 3.400000
  endloop
 endfacet
 facet normal 0.000000 -1.000000 0.000000
  outer loop
   vertex -36.000000 -36.500000 0.000000
   vertex -24.000000 -36.500000 3.400000
   vertex -36.000000 -36.500000 3.400000
  endloop
 endfacet
 facet normal 0.000000 1.000000 0.000000
  outer loop
   vertex -36.000000 -36.200000 0.000000
   vertex -36.000000 -36.200000 3.400000
   vertex -24.000000 -36.200000 3.400000
  endloop
 endfacet
 facet normal 0.000000 1.000000 0.000000
  outer loop
   vertex -36.000000 -36.200000 0.000000
   vertex -24.000000 -36.200000 3.400000
   vertex -24.000000 -36.200000 0.000000
  endloop
 endfacet
 facet normal -1.000000 0.000000 0.000000
  outer loop
   vertex -36.000000 -36.500000 0.000000
   vertex -36.000000 -36.500000 3.400000
   vertex -36.000000 -36.200000 3.400000
  endloop
 endfacet
 facet normal -1.000000 0.000000 0.000000
  outer loop
   vertex -36.000000 -36.500000 0.000000
   vertex -36.000000 -36.200000 3.400000
   vertex -36.000000 -36.200000 0.000000
  endloop
 endfacet
 facet normal 1.000000 0.000000 0.000000
  outer loop
   vertex -24.000000 -36.500000 0.000000
   vertex -24.000000 -36.200000 0.000000
   vertex -24.000000 -36.200000 3.400000
  endloop
 endfacet
 facet normal 1.000000 0.000000 0.000000
  outer loop
   vertex -24.000000 -36.500000 0.000000
   vertex -24.000000 -36.200000 3.400000
   vertex -24.000000 -36.500000 3.400000
  endloop
 endfacet
 facet normal 0.000000 0.000000 -1.000000
  outer loop
   vertex -37.000000 -36.900000 3.400000
   vertex -23.000000 -34.900000 3.400000
   vertex -23.000000 -36.900000 3.400000
  endloop
 endfacet
 facet normal 0.000000 0.000000 -1.000000
  outer loop
   vertex -37.000000 -36.900000 3.400000
   vertex -37.000000 -34.900000 3.400000
   vertex -23.000000 -34.900000 3.400000
  endloop
 endfacet
 facet normal 0.000000 -0.894427 0.447214
  outer loop
   vertex -37.000000 -36.900000 3.400000
   vertex -23.000000 -36.900000 3.400000
   vertex -23.000000 -35.900000 5.400000
  endloop
 endfacet
 facet normal 0.000000 -0.894427 0.447214
  outer loop
   vertex -37.000000 -36.900000 3.400000
   vertex -23.000000 -35.900000 5.400000
   vertex -37.000000 -35.900000 5.400000
  endloop
 endfacet
 facet normal -0.000000 0.894427 0.447214
  outer loop
   vertex -37.000000 -34.900000 3.400000
   vertex -23.000000 -35.900000 5.400000
   vertex -23.000000 -34.900000 3.400000
  endloop
 endfacet
 facet normal 0.000000 0.894427 0.447214
  outer loop
   vertex -37.000000 -34.900000 3.400000
   vertex -37.000000 -35.900000 5.400000
   vertex -23.000000 -35.900000 5.400000
  endloop
 endfacet
 facet normal -1.000000 0.000000 0.000000
  outer loop
   vertex -37.000000 -36.900000 3.400000
   vertex -37.000000 -35.900000 5.400000
   vertex -37.000000 -34.900000 3.400000
  endloop
 endfacet
 facet normal 1.000000 0.000000 0.000000
  outer loop
   vertex -23.000000 -36.900000 3.400000
   vertex -23.000000 -34.900000 3.400000
   vertex -23.000000 -35.900000 5.400000
  endloop
 endfacet
 facet normal 0.000000 0.000000 -1.000000
  outer loop
   vertex 24.000000 -36.200000 0.000000
   vertex 24.000000 -34.200000 0.000000
   vertex 36.000000 -34.200000 0.000000
  endloop
 endfacet
 facet normal 0.000000 0.000000 -1.000000
  outer loop
   vertex 24.000000 -36.200000 0.000000
   vertex 36.000000 -34.200000 0.000000
   vertex 36.000000 -36.200000 0.000000
  endloop
 endfacet
 facet normal 0.000000 0.000000 1.000000
  outer loop
   vertex 24.000000 -36.200000 1.600000
   vertex 36.000000 -36.200000 1.600000
   vertex 36.000000 -34.200000 1.600000
  endloop
 endfacet
 facet normal 0.000000 0.000000 1.000000
  outer loop
   vertex 24.000000 -36.200000 1.600000
   vertex 36.000000 -34.200000 1.600000
   vertex 24.000000 -34.200000 1.600000
  endloop
 endfacet
 facet normal 0.000000 -1.000000 0.000000
  outer loop
   vertex 24.000000 -36.200000 0.000000
   vertex 36.000000 -36.200000 0.000000
   vertex 36.000000 -36.200000 1.600000
  endloop
 endfacet
 facet normal 0.000000 -1.000000 0.000000
  outer loop
   vertex 24.000000 -36.200000 0.000000
   vertex 36.000000 -36.200000 1.600000
   vertex 24.000000 -36.200000 1.600000
  endloop
 endfacet
 facet normal 0.000000 1.000000 0.000000
  outer loop
   vertex 24.000000 -34.200000 0.000000
   vertex 24.000000 -34.200000 1.600000
   vertex 36.000000 -34.200000 1.600000
  endloop
 endfacet
 facet normal 0.000000 1.000000 0.000000
  outer loop
   vertex 24.000000 -34.200000 0.000000
   vertex 36.000000 -34.200000 1.600000
   vertex 36.000000 -34.200000 0.000000
  endloop
 endfacet
 facet normal -1.000000 0.000000 0.000000
  outer loop
   vertex 24.000000 -36.200000 0.000000
   vertex 24.000000 -36.200000 1.600000
   vertex 24.000000 -34.200000 1.600000
  endloop
 endfacet
 facet normal -1.000000 0.000000 0.000000
  outer loop
   vertex 24.000000 -36.200000 0.000000
   vertex 24.000000 -34.200000 1.600000
   vertex 24.000000 -34.200000 0.000000
  endloop
 endfacet
 facet normal 1.000000 0.000000 0.000000
  outer loop
   vertex 36.000000 -36.200000 0.000000
   vertex 36.000000 -34.200000 0.000000
   vertex 36.000000 -34.200000 1.600000
  endloop
 endfacet
 facet normal 1.000000 0.000000 0.000000
  outer loop
   vertex 36.000000 -36.200000 0.000000
   vertex 36.000000 -34.200000 1.600000
   vertex 36.000000 -36.200000 1.600000
  endloop
 endfacet
 facet normal 0.000000 0.000000 -1.000000
  outer loop
   vertex 24.000000 -36.500000 0.000000
   vertex 24.000000 -36.200000 0.000000
   vertex 36.000000 -36.200000 0.000000
  endloop
 endfacet
 facet normal 0.000000 0.000000 -1.000000
  outer loop
   vertex 24.000000 -36.500000 0.000000
   vertex 36.000000 -36.200000 0.000000
   vertex 36.000000 -36.500000 0.000000
  endloop
 endfacet
 facet normal 0.000000 0.000000 1.000000
  outer loop
   vertex 24.000000 -36.500000 3.400000
   vertex 36.000000 -36.500000 3.400000
   vertex 36.000000 -36.200000 3.400000
  endloop
 endfacet
 facet normal 0.000000 0.000000 1.000000
  outer loop
   vertex 24.000000 -36.500000 3.400000
   vertex 36.000000 -36.200000 3.400000
   vertex 24.000000 -36.200000 3.400000
  endloop
 endfacet
 facet normal 0.000000 -1.000000 0.000000
  outer loop
   vertex 24.000000 -36.500000 0.000000
   vertex 36.000000 -36.500000 0.000000
   vertex 36.000000 -36.500000 3.400000
  endloop
 endfacet
 facet normal 0.000000 -1.000000 0.000000
  outer loop
   vertex 24.000000 -36.500000 0.000000
   vertex 36.000000 -36.500000 3.400000
   vertex 24.000000 -36.500000 3.400000
  endloop
 endfacet
 facet normal 0.000000 1.000000 0.000000
  outer loop
   vertex 24.000000 -36.200000 0.000000
   vertex 24.000000 -36.200000 3.400000
   vertex 36.000000 -36.200000 3.400000
  endloop
 endfacet
 facet normal 0.000000 1.000000 0.000000
  outer loop
   vertex 24.000000 -36.200000 0.000000
   vertex 36.000000 -36.200000 3.400000
   vertex 36.000000 -36.200000 0.000000
  endloop
 endfacet
 facet normal -1.000000 0.000000 0.000000
  outer loop
   vertex 24.000000 -36.500000 0.000000
   vertex 24.000000 -36.500000 3.400000
   vertex 24.000000 -36.200000 3.400000
  endloop
 endfacet
 facet normal -1.000000 0.000000 0.000000
  outer loop
   vertex 24.000000 -36.500000 0.000000
   vertex 24.000000 -36.200000 3.400000
   vertex 24.000000 -36.200000 0.000000
  endloop
 endfacet
 facet normal 1.000000 0.000000 0.000000
  outer loop
   vertex 36.000000 -36.500000 0.000000
   vertex 36.000000 -36.200000 0.000000
   vertex 36.000000 -36.200000 3.400000
  endloop
 endfacet
 facet normal 1.000000 0.000000 0.000000
  outer loop
   vertex 36.000000 -36.500000 0.000000
   vertex 36.000000 -36.200000 3.400000
   vertex 36.000000 -36.500000 3.400000
  endloop
 endfacet
 facet normal 0.000000 0.000000 -1.000000
  outer loop
   vertex 23.000000 -36.900000 3.400000
   vertex 37.000000 -34.900000 3.400000
   vertex 37.000000 -36.900000 3.400000
  endloop
 endfacet
 facet normal 0.000000 0.000000 -1.000000
  outer loop
   vertex 23.000000 -36.900000 3.400000
   vertex 23.000000 -34.900000 3.400000
   vertex 37.000000 -34.900000 3.400000
  endloop
 endfacet
 facet normal 0.000000 -0.894427 0.447214
  outer loop
   vertex 23.000000 -36.900000 3.400000
   vertex 37.000000 -36.900000 3.400000
   vertex 37.000000 -35.900000 5.400000
  endloop
 endfacet
 facet normal 0.000000 -0.894427 0.447214
  outer loop
   vertex 23.000000 -36.900000 3.400000
   vertex 37.000000 -35.900000 5.400000
   vertex 23.000000 -35.900000 5.400000
  endloop
 endfacet
 facet normal -0.000000 0.894427 0.447214
  outer loop
   vertex 23.000000 -34.900000 3.400000
   vertex 37.000000 -35.900000 5.400000
   vertex 37.000000 -34.900000 3.400000
  endloop
 endfacet
 facet normal 0.000000 0.894427 0.447214
  outer loop
   vertex 23.000000 -34.900000 3.400000
   vertex 23.000000 -35.900000 5.400000
   vertex 37.000000 -35.900000 5.400000
  endloop
 endfacet
 facet normal -1.000000 0.000000 0.000000
  outer loop
   vertex 23.000000 -36.900000 3.400000
   vertex 23.000000 -35.900000 5.400000
   vertex 23.000000 -34.900000 3.400000
  endloop
 endfacet
 facet normal 1.000000 0.000000 0.000000
  outer loop
   vertex 37.000000 -36.900000 3.400000
   vertex 37.000000 -34.900000 3.400000
   vertex 37.000000 -35.900000 5.400000
  endloop
 endfacet
 facet normal 0.000000 0.000000 -1.000000
  outer loop
   vertex 80.000000 38.000000 0.000000
   vertex 80.000000 42.000000 0.000000
   vertex 84.000000 42.000000 0.000000
  endloop
 endfacet
 facet normal 0.000000 0.000000 -1.000000
  outer loop
   vertex 80.000000 38.000000 0.000000
   vertex 84.000000 42.000000 0.000000
   vertex 84.000000 38.000000 0.000000
  endloop
 endfacet
 facet normal 0.000000 0.000000 1.000000
  outer loop
   vertex 80.000000 38.000000 24.000000
   vertex 84.000000 38.000000 24.000000
   vertex 84.000000 42.000000 24.000000
  endloop
 endfacet
 facet normal 0.000000 0.000000 1.000000
  outer loop
   vertex 80.000000 38.000000 24.000000
   vertex 84.000000 42.000000 24.000000
   vertex 80.000000 42.000000 24.000000
  endloop
 endfacet
 facet normal 0.000000 -1.000000 0.000000
  outer loop
   vertex 80.000000 38.000000 0.000000
   vertex 84.000000 38.000000 0.000000
   vertex 84.000000 38.000000 24.000000
  endloop
 endfacet
 facet normal 0.000000 -1.000000 0.000000
  outer loop
   vertex 80.000000 38.000000 0.000000
   vertex 84.000000 38.000000 24.000000
   vertex 80.000000 38.000000 24.000000
  endloop
 endfacet
 facet normal 0.000000 1.000000 0.000000
  outer loop
   vertex 80.000000 42.000000 0.000000
   vertex 80.000000 42.000000 24.000000
   vertex 84.000000 42.000000 24.000000
  endloop
 endfacet
 facet normal 0.000000 1.000000 0.000000
  outer loop
   vertex 80.000000 42.000000 0.000000
   vertex 84.000000 42.000000 24.000000
   vertex 84.000000 42.000000 0.000000
  endloop
 endfacet
 facet normal -1.000000 0.000000 0.000000
  outer loop
   vertex 80.000000 38.000000 0.000000
   vertex 80.000000 38.000000 24.000000
   vertex 80.000000 42.000000 24.000000
  endloop
 endfacet
 facet normal -1.000000 0.000000 0.000000
  outer loop
   vertex 80.000000 38.000000 0.000000
   vertex 80.000000 42.000000 24.000000
   vertex 80.000000 42.000000 0.000000
  endloop
 endfacet
 facet normal 1.000000 0.000000 0.000000
  outer loop
   vertex 84.000000 38.000000 0.000000
   vertex 84.000000 42.000000 0.000000
   vertex 84.000000 42.000000 24.000000
  endloop
 endfacet
 facet normal 1.000000 0.000000 0.000000
  outer loop
   vertex 84.000000 38.000000 0.000000
   vertex 84.000000 42.000000 24.000000
   vertex 84.000000 38.000000 24.000000
  endloop
 endfacet
 facet normal 0.000000 0.000000 -1.000000
  outer loop
   vertex 96.000000 38.000000 0.000000
   vertex 96.000000 42.000000 0.000000
   vertex 100.000000 42.000000 0.000000
  endloop
 endfacet
 facet normal 0.000000 0.000000 -1.000000
  outer loop
   vertex 96.000000 38.000000 0.000000
   vertex 100.000000 42.000000 0.000000
   vertex 100.000000 38.000000 0.000000
  endloop
 endfacet
 facet normal 0.000000 0.000000 1.000000
  outer loop
   vertex 96.000000 38.000000 24.000000
   vertex 100.000000 38.000000 24.000000
   vertex 100.000000 42.000000 24.000000
  endloop
 endfacet
 facet normal 0.000000 0.000000 1.000000
  outer loop
   vertex 96.000000 38.000000 24.000000
   vertex 100.000000 42.000000 24.000000
   vertex 96.000000 42.000000 24.000000
  endloop
 endfacet
 facet normal 0.000000 -1.000000 0.000000
  outer loop
   vertex 96.000000 38.000000 0.000000
   vertex 100.000000 38.000000 0.000000
   vertex 100.000000 38.000000 24.000000
  endloop
 endfacet
 facet normal 0.000000 -1.000000 0.000000
  outer loop
   vertex 96.000000 38.000000 0.000000
   vertex 100.000000 38.000000 24.000000
   vertex 96.000000 38.000000 24.000000
  endloop
 endfacet
 facet normal 0.000000 1.000000 0.000000
  outer loop
   vertex 96.000000 42.000000 0.000000
   vertex 96.000000 42.000000 24.000000
   vertex 100.000000 42.000000 24.000000
  endloop
 endfacet
 facet normal 0.000000 1.000000 0.000000
  outer loop
   vertex 96.000000 42.000000 0.000000
   vertex 100.000000 42.000000 24.000000
   vertex 100.000000 42.000000 0.000000
  endloop
 endfacet
 facet normal -1.000000 0.000000 0.000000
  outer loop
   vertex 96.000000 38.000000 0.000000
   vertex 96.000000 38.000000 24.000000
   vertex 96.000000 42.000000 24.000000
  endloop
 endfacet
 facet normal -1.000000 0.000000 0.000000
  outer loop
   vertex 96.000000 38.000000 0.000000
   vertex 96.000000 42.000000 24.000000
   vertex 96.000000 42.000000 0.000000
  endloop
 endfacet
 facet normal 1.000000 0.000000 0.000000
  outer loop
   vertex 100.000000 38.000000 0.000000
   vertex 100.000000 42.000000 0.000000
   vertex 100.000000 42.000000 24.000000
  endloop
 endfacet
 facet normal 1.000000 0.000000 0.000000
  outer loop
   vertex 100.000000 38.000000 0.000000
   vertex 100.000000 42.000000 24.000000
   vertex 100.000000 38.000000 24.000000
  endloop
 endfacet
 facet normal 0.000000 0.000000 -1.000000
  outer loop
   vertex 80.000000 38.000000 33.000000
   vertex 80.000000 42.000000 33.000000
   vertex 100.000000 42.000000 33.000000
  endloop
 endfacet
 facet normal 0.000000 0.000000 -1.000000
  outer loop
   vertex 80.000000 38.000000 33.000000
   vertex 100.000000 42.000000 33.000000
   vertex 100.000000 38.000000 33.000000
  endloop
 endfacet
 facet normal 0.000000 0.000000 1.000000
  outer loop
   vertex 80.000000 38.000000 36.000000
   vertex 100.000000 38.000000 36.000000
   vertex 100.000000 42.000000 36.000000
  endloop
 endfacet
 facet normal 0.000000 0.000000 1.000000
  outer loop
   vertex 80.000000 38.000000 36.000000
   vertex 100.000000 42.000000 36.000000
   vertex 80.000000 42.000000 36.000000
  endloop
 endfacet
 facet normal 0.000000 -1.000000 0.000000
  outer loop
   vertex 80.000000 38.000000 33.000000
   vertex 100.000000 38.000000 33.000000
   vertex 100.000000 38.000000 36.000000
  endloop
 endfacet
 facet normal 0.000000 -1.000000 0.000000
  outer loop
   vertex 80.000000 38.000000 33.000000
   vertex 100.000000 38.000000 36.000000
   vertex 80.000000 38.000000 36.000000
  endloop
 endfacet
 facet normal 0.000000 1.000000 0.000000
  outer loop
   vertex 80.000000 42.000000 33.000000
   vertex 80.000000 42.000000 36.000000
   vertex 100.000000 42.000000 36.000000
  endloop
 endfacet
 facet normal 0.000000 1.000000 0.000000
  outer loop
   vertex 80.000000 42.000000 33.000000
   vertex 100.000000 42.000000 36.000000
   vertex 100.000000 42.000000 33.000000
  endloop
 endfacet
 facet normal -1.000000 0.000000 0.000000
  outer loop
   vertex 80.000000 38.000000 33.000000
   vertex 80.000000 38.000000 36.000000
   vertex 80.000000 42.000000 36.000000
  endloop
 endfacet
 facet normal -1.000000 0.000000 0.000000
  outer loop
   vertex 80.000000 38.000000 33.000000
   vertex 80.000000 42.000000 36.000000
   vertex 80.000000 42.000000 33.000000
  endloop
 endfacet
 facet normal 1.000000 0.000000 0.000000
  outer loop
   vertex 100.000000 38.000000 33.000000
   vertex 100.000000 42.000000 33.000000
   vertex 100.000000 42.000000 36.000000
  endloop
 endfacet
 facet normal 1.000000 0.000000 0.000000
  outer loop
   vertex 100.000000 38.000000 33.000000
   vertex 100.000000 42.000000 36.000000
   vertex 100.000000 38.000000 36.000000
  endloop
 endfacet
 facet normal 0.000000 0.000000 -1.000000
  outer loop
   vertex 84.000000 38.250000 24.000000
   vertex 84.000000 40.250000 24.000000
   vertex 96.000000 40.250000 24.000000
  endloop
 endfacet
 facet normal 0.000000 0.000000 -1.000000
  outer loop
   vertex 84.000000 38.250000 24.000000
   vertex 96.000000 40.250000 24.000000
   vertex 96.000000 38.250000 24.000000
  endloop
 endfacet
 facet normal 0.000000 0.000000 1.000000
  outer loop
   vertex 84.000000 38.250000 33.000000
   vertex 96.000000 38.250000 33.000000
   vertex 96.000000 40.250000 33.000000
  endloop
 endfacet
 facet normal 0.000000 0.000000 1.000000
  outer loop
   vertex 84.000000 38.250000 33.000000
   vertex 96.000000 40.250000 33.000000
   vertex 84.000000 40.250000 33.000000
  endloop
 endfacet
 facet normal 0.000000 -1.000000 0.000000
  outer loop
   vertex 84.000000 38.250000 24.000000
   vertex 96.000000 38.250000 24.000000
   vertex 96.000000 38.250000 33.000000
  endloop
 endfacet
 facet normal 0.000000 -1.000000 0.000000
  outer loop
   vertex 84.000000 38.250000 24.000000
   vertex 96.000000 38.250000 33.000000
   vertex 84.000000 38.250000 33.000000
  endloop
 endfacet
 facet normal 0.000000 1.000000 0.000000
  outer loop
   vertex 84.000000 40.250000 24.000000
   vertex 84.000000 40.250000 33.000000
   vertex 96.000000 40.250000 33.000000
  endloop
 endfacet
 facet normal 0.000000 1.000000 0.000000
  outer loop
   vertex 84.000000 40.250000 24.000000
   vertex 96.000000 40.250000 33.000000
   vertex 96.000000 40.250000 24.000000
  endloop
 endfacet
 facet normal -1.000000 0.000000 0.000000
  outer loop
   vertex 84.000000 38.250000 24.000000
   vertex 84.000000 38.250000 33.000000
   vertex 84.000000 40.250000 33.000000
  endloop
 endfacet
 facet normal -1.000000 0.000000 0.000000
  outer loop
   vertex 84.000000 38.250000 24.000000
   vertex 84.000000 40.250000 33.000000
   vertex 84.000000 40.250000 24.000000
  endloop
 endfacet
 facet normal 1.000000 0.000000 0.000000
  outer loop
   vertex 96.000000 38.250000 24.000000
   vertex 96.000000 40.250000 24.000000
   vertex 96.000000 40.250000 33.000000
  endloop
 endfacet
 facet normal 1.000000 0.000000 0.000000
  outer loop
   vertex 96.000000 38.250000 24.000000
   vertex 96.000000 40.250000 33.000000
   vertex 96.000000 38.250000 33.000000
  endloop
 endfacet
 facet normal 0.000000 0.000000 -1.000000
  outer loop
   vertex 85.500000 40.250000 25.500000
   vertex 85.500000 41.250000 25.500000
   vertex 94.500000 41.250000 25.500000
  endloop
 endfacet
 facet normal 0.000000 0.000000 -1.000000
  outer loop
   vertex 85.500000 40.250000 25.500000
   vertex 94.500000 41.250000 25.500000
   vertex 94.500000 40.250000 25.500000
  endloop
 endfacet
 facet normal 0.000000 0.000000 1.000000
  outer loop
   vertex 85.500000 40.250000 31.500000
   vertex 94.500000 40.250000 31.500000
   vertex 94.500000 41.250000 31.500000
  endloop
 endfacet
 facet normal 0.000000 0.000000 1.000000
  outer loop
   vertex 85.500000 40.250000 31.500000
   vertex 94.500000 41.250000 31.500000
   vertex 85.500000 41.250000 31.500000
  endloop
 endfacet
 facet normal 0.000000 -1.000000 0.000000
  outer loop
   vertex 85.500000 40.250000 25.500000
   vertex 94.500000 40.250000 25.500000
   vertex 94.500000 40.250000 31.500000
  endloop
 endfacet
 facet normal 0.000000 -1.000000 0.000000
  outer loop
   vertex 85.500000 40.250000 25.500000
   vertex 94.500000 40.250000 31.500000
   vertex 85.500000 40.250000 31.500000
  endloop
 endfacet
 facet normal 0.000000 1.000000 0.000000
  outer loop
   vertex 85.500000 41.250000 25.500000
   vertex 85.500000 41.250000 31.500000
   vertex 94.500000 41.250000 31.500000
  endloop
 endfacet
 facet normal 0.000000 1.000000 0.000000
  outer loop
   vertex 85.500000 41.250000 25.500000
   vertex 94.500000 41.250000 31.500000
   vertex 94.500000 41.250000 25.500000
  endloop
 endfacet
 facet normal -1.000000 0.000000 0.000000
  outer loop
   vertex 85.500000 40.250000 25.500000
   vertex 85.500000 40.250000 31.500000
   vertex 85.500000 41.250000 31.500000
  endloop
 endfacet
 facet normal -1.000000 0.000000 0.000000
  outer loop
   vertex 85.500000 40.250000 25.500000
   vertex 85.500000 41.250000 31.500000
   vertex 85.500000 41.250000 25.500000
  endloop
 endfacet
 facet normal 1.000000 0.000000 0.000000
  outer loop
   vertex 94.500000 40.250000 25.500000
   vertex 94.500000 41.250000 25.500000
   vertex 94.500000 41.250000 31.500000
  endloop
 endfacet
 facet normal 1.000000 0.000000 0.000000
  outer loop
   vertex 94.500000 40.250000 25.500000
   vertex 94.500000 41.250000 31.500000
   vertex 94.500000 40.250000 31.500000
  endloop
 endfacet
 facet normal 0.000000 0.000000 -1.000000
  outer loop
   vertex -89.500000 -67.500000 0.000000
   vertex -89.500000 -64.500000 0.000000
   vertex -86.500000 -64.500000 0.000000
  endloop
 endfacet
 facet normal 0.000000 0.000000 -1.000000
  outer loop
   vertex -89.500000 -67.500000 0.000000
   vertex -86.500000 -64.500000 0.000000
   vertex -86.500000 -67.500000 0.000000
  endloop
 endfacet
 facet normal 0.000000 0.000000 1.000000
  outer loop
   vertex -89.500000 -67.500000 34.000000
   vertex -86.500000 -67.500000 34.000000
   vertex -86.500000 -64.500000 34.000000
  endloop
 endfacet
 facet normal 0.000000 0.000000 1.000000
  outer loop
   vertex -89.500000 -67.500000 34.000000
   vertex -86.500000 -64.500000 34.000000
   vertex -89.500000 -64.500000 34.000000
  endloop
 endfacet
 facet normal 0.000000 -1.000000 0.000000
  outer loop
   vertex -89.500000 -67.500000 0.000000
   vertex -86.500000 -67.500000 0.000000
   vertex -86.500000 -67.500000 34.000000
  endloop
 endfacet
 facet normal 0.000000 -1.000000 0.000000
  outer loop
   vertex -89.500000 -67.500000 0.000000
   vertex -86.500000 -67.500000 34.000000
   vertex -89.500000 -67.500000 34.000000
  endloop
 endfacet
 facet normal 0.000000 1.000000 0.000000
  outer loop
   vertex -89.500000 -64.500000 0.000000
   vertex -89.500000 -64.500000 34.000000
   vertex -86.500000 -64.500000 34.000000
  endloop
 endfacet
 facet normal 0.000000 1.000000 0.000000
  outer loop
   vertex -89.500000 -64.500000 0.000000
   vertex -86.500000 -64.500000 34.000000
   vertex -86.500000 -64.500000 0.000000
  endloop
 endfacet
 facet normal -1.000000 0.000000 0.000000
  outer loop
   vertex -89.500000 -67.500000 0.000000
   vertex -89.500000 -67.500000 34.000000
   vertex -89.500000 -64.500000 34.000000
  endloop
 endfacet
 facet normal -1.000000 0.000000 0.000000
  outer loop
   vertex -89.500000 -67.500000 0.000000
   vertex -89.500000 -64.500000 34.000000
   vertex -89.500000 -64.500000 0.000000
  endloop
 endfacet
 facet normal 1.000000 0.000000 0.000000
  outer loop
   vertex -86.500000 -67.500000 0.000000
   vertex -86.500000 -64.500000 0.000000
   vertex -86.500000 -64.500000 34.000000
  endloop
 endfacet
 facet normal 1.000000 0.000000 0.000000
  outer loop
   vertex -86.500000 -67.500000 0.000000
   vertex -86.500000 -64.500000 34.000000
   vertex -86.500000 -67.500000 34.000000
  endloop
 endfacet
 facet normal 0.000000 0.000000 -1.000000
  outer loop
   vertex -92.500000 -70.500000 34.000000
   vertex -92.500000 -61.500000 34.000000
   vertex -83.500000 -61.500000 34.000000
  endloop
 endfacet
 facet normal 0.000000 0.000000 -1.000000
  outer loop
   vertex -92.500000 -70.500000 34.000000
   vertex -83.500000 -61.500000 34.000000
   vertex -83.500000 -70.500000 34.000000
  endloop
 endfacet
 facet normal 0.000000 0.000000 1.000000
  outer loop
   vertex -92.500000 -70.500000 38.000000
   vertex -83.500000 -70.500000 38.000000
   vertex -83.500000 -61.500000 38.000000
  endloop
 endfacet
 facet normal 0.000000 0.000000 1.000000
  outer loop
   vertex -92.500000 -70.500000 38.000000
   vertex -83.500000 -61.500000 38.000000
   vertex -92.500000 -61.500000 38.000000
  endloop
 endfacet
 facet normal 0.000000 -1.000000 0.000000
  outer loop
   vertex -92.500000 -70.500000 34.000000
   vertex -83.500000 -70.500000 34.000000
   vertex -83.500000 -70.500000 38.000000
  endloop
 endfacet
 facet normal 0.000000 -1.000000 0.000000
  outer loop
   vertex -92.500000 -70.500000 34.000000
   vertex -83.500000 -70.500000 38.000000
   vertex -92.500000 -70.500000 38.000000
  endloop
 endfacet
 facet normal 0.000000 1.000000 0.000000
  outer loop
   vertex -92.500000 -61.500000 34.000000
   vertex -92.500000 -61.500000 38.000000
   vertex -83.500000 -61.500000 38.000000
  endloop
 endfacet
 facet normal 0.000000 1.000000 0.000000
  outer loop
   vertex -92.500000 -61.500000 34.000000
   vertex -83.500000 -61.500000 38.000000
   vertex -83.500000 -61.500000 34.000000
  endloop
 endfacet
 facet normal -1.000000 0.000000 0.000000
  outer loop
   vertex -92.500000 -70.500000 34.000000
   vertex -92.500000 -70.500000 38.000000
   vertex -92.500000 -61.500000 38.000000
  endloop
 endfacet
 facet normal -1.000000 0.000000 0.000000
  outer loop
   vertex -92.500000 -70.500000 34.000000
   vertex -92.500000 -61.500000 38.000000
   vertex -92.500000 -61.500000 34.000000
  endloop
 endfacet
 facet normal 1.000000 0.000000 0.000000
  outer loop
   vertex -83.500000 -70.500000 34.000000
   vertex -83.500000 -61.500000 34.000000
   vertex -83.500000 -61.500000 38.000000
  endloop
 endfacet
 facet normal 1.000000 0.000000 0.000000
  outer loop
   vertex -83.500000 -70.500000 34.000000
   vertex -83.500000 -61.500000 38.000000
   vertex -83.500000 -70.500000 38.000000
  endloop
 endfacet
 facet normal 0.000000 0.000000 -1.000000
  outer loop
   vertex 86.500000 -67.500000 0.000000
   vertex 86.500000 -64.500000 0.000000
   vertex 89.500000 -64.500000 0.000000
  endloop
 endfacet
 facet normal 0.000000 0.000000 -1.000000
  outer loop
   vertex 86.500000 -67.500000 0.000000
   vertex 89.500000 -64.500000 0.000000
   vertex 89.500000 -67.500000 0.000000
  endloop
 endfacet
 facet normal 0.000000 0.000000 1.000000
  outer loop
   vertex 86.500000 -67.500000 34.000000
   vertex 89.500000 -67.500000 34.000000
   vertex 89.500000 -64.500000 34.000000
  endloop
 endfacet
 facet normal 0.000000 0.000000 1.000000
  outer loop
   vertex 86.500000 -67.500000 34.000000
   vertex 89.500000 -64.500000 34.000000
   vertex 86.500000 -64.500000 34.000000
  endloop
 endfacet
 facet normal 0.000000 -1.000000 0.000000
  outer loop
   vertex 86.500000 -67.500000 0.000000
   vertex 89.500000 -67.500000 0.000000
   vertex 89.500000 -67.500000 34.000000
  endloop
 endfacet
 facet normal 0.000000 -1.000000 0.000000
  outer loop
   vertex 86.500000 -67.500000 0.000000
   vertex 89.500000 -67.500000 34.000000
   vertex 86.500000 -67.500000 34.000000
  endloop
 endfacet
 facet normal 0.000000 1.000000 0.000000
  outer loop
   vertex 86.500000 -64.500000 0.000000
   vertex 86.500000 -64.500000 34.000000
   vertex 89.500000 -64.500000 34.000000
  endloop
 endfacet
 facet normal 0.000000 1.000000 0.000000
  outer loop
   vertex 86.500000 -64.500000 0.000000
   vertex 89.500000 -64.500000 34.000000
   vertex 89.500000 -64.500000 0.000000
  endloop
 endfacet
 facet normal -1.000000 0.000000 0.000000
  outer loop
   vertex 86.500000 -67.500000 0.000000
   vertex 86.500000 -67.500000 34.000000
   vertex 86.500000 -64.500000 34.000000
  endloop
 endfacet
 facet normal -1.000000 0.000000 0.000000
  outer loop
   vertex 86.500000 -67.500000 0.000000
   vertex 86.500000 -64.500000 34.000000
   vertex 86.500000 -64.500000 0.000000
  endloop
 endfacet
 facet normal 1.000000 0.000000 0.000000
  outer loop
   vertex 89.500000 -67.500000 0.000000
   vertex 89.500000 -64.500000 0.000000
   vertex 89.500000 -64.500000 34.000000
  endloop
 endfacet
 facet normal 1.000000 0.000000 0.000000
  outer loop
   vertex 89.500000 -67.500000 0.000000
   vertex 89.500000 -64.500000 34.000000
   vertex 89.500000 -67.500000 34.000000
  endloop
 endfacet
 facet normal 0.000000 0.000000 -1.000000
  outer loop
   vertex 83.500000 -70.500000 34.000000
   vertex 83.500000 -61.500000 34.000000
   vertex 92.500000 -61.500000 34.000000
  endloop
 endfacet
 facet normal 0.000000 0.000000 -1.000000
  outer loop
   vertex 83.500000 -70.500000 34.000000
   vertex 92.500000 -61.500000 34.000000
   vertex 92.500000 -70.500000 34.000000
  endloop
 endfacet
 facet normal 0.000000 0.000000 1.000000
  outer loop
   vertex 83.500000 -70.500000 38.000000
   vertex 92.500000 -70.500000 38.000000
   vertex 92.500000 -61.500000 38.000000
  endloop
 endfacet
 facet normal 0.000000 0.000000 1.000000
  outer loop
   vertex 83.500000 -70.500000 38.000000
   vertex 92.500000 -61.500000 38.000000
   vertex 83.500000 -61.500000 38.000000
  endloop
 endfacet
 facet normal 0.000000 -1.000000 0.000000
  outer loop
   vertex 83.500000 -70.500000 34.000000
   vertex 92.500000 -70.500000 34.000000
   vertex 92.500000 -70.500000 38.000000
  endloop
 endfacet
 facet normal 0.000000 -1.000000 0.000000
  outer loop
   vertex 83.500000 -70.500000 34.000000
   vertex 92.500000 -70.500000 38.000000
   vertex 83.500000 -70.500000 38.000000
  endloop
 endfacet
 facet normal 0.000000 1.000000 0.000000
  outer loop
   vertex 83.500000 -61.500000 34.000000
   vertex 83.500000 -61.500000 38.000000
   vertex 92.500000 -61.500000 38.000000
  endloop
 endfacet
 facet normal 0.000000 1.000000 0.000000
  outer loop
   vertex 83.500000 -61.500000 34.000000
   vertex 92.500000 -61.500000 38.000000
   vertex 92.500000 -61.500000 34.000000
  endloop
 endfacet
 facet normal -1.000000 0.000000 0.000000
  outer loop
   vertex 83.500000 -70.500000 34.000000
   vertex 83.500000 -70.500000 38.000000
   vertex 83.500000 -61.500000 38.000000
  endloop
 endfacet
 facet normal -1.000000 0.000000 0.000000
  outer loop
   vertex 83.500000 -70.500000 34.000000
   vertex 83.500000 -61.500000 38.000000
   vertex 83.500000 -61.500000 34.000000
  endloop
 endfacet
 facet normal 1.000000 0.000000 0.000000
  outer loop
   vertex 92.500000 -70.500000 34.000000
   vertex 92.500000 -61.500000 34.000000
   vertex 92.500000 -61.500000 38.000000
  endloop
 endfacet
 facet normal 1.000000 0.000000 0.000000
  outer loop
   vertex 92.500000 -70.500000 34.000000
   vertex 92.500000 -61.500000 38.000000
   vertex 92.500000 -70.500000 38.000000
  endloop
 endfacet
 facet normal 0.000000 0.000000 -1.000000
  outer loop
   vertex -89.500000 64.500000 0.000000
   vertex -89.500000 67.500000 0.000000
   vertex -86.500000 67.500000 0.000000
  endloop
 endfacet
 facet normal 0.000000 0.000000 -1.000000
  outer loop
   vertex -89.500000 64.500000 0.000000
   vertex -86.500000 67.500000 0.000000
   vertex -86.500000 64.500000 0.000000
  endloop
 endfacet
 facet normal 0.000000 0.000000 1.000000
  outer loop
   vertex -89.500000 64.500000 34.000000
   vertex -86.500000 64.500000 34.000000
   vertex -86.500000 67.500000 34.000000
  endloop
 endfacet
 facet normal 0.000000 0.000000 1.000000
  outer loop
   vertex -89.500000 64.500000 34.000000
   vertex -86.500000 67.500000 34.000000
   vertex -89.500000 67.500000 34.000000
  endloop
 endfacet
 facet normal 0.000000 -1.000000 0.000000
  outer loop
   vertex -89.500000 64.500000 0.000000
   vertex -86.500000 64.500000 0.000000
   vertex -86.500000 64.500000 34.000000
  endloop
 endfacet
 facet normal 0.000000 -1.000000 0.000000
  outer loop
   vertex -89.500000 64.500000 0.000000
   vertex -86.500000 64.500000 34.000000
   vertex -89.500000 64.500000 34.000000
  endloop
 endfacet
 facet normal 0.000000 1.000000 0.000000
  outer loop
   vertex -89.500000 67.500000 0.000000
   vertex -89.500000 67.500000 34.000000
   vertex -86.500000 67.500000 34.000000
  endloop
 endfacet
 facet normal 0.000000 1.000000 0.000000
  outer loop
   vertex -89.500000 67.500000 0.000000
   vertex -86.500000 67.500000 34.000000
   vertex -86.500000 67.500000 0.000000
  endloop
 endfacet
 facet normal -1.000000 0.000000 0.000000
  outer loop
   vertex -89.500000 64.500000 0.000000
   vertex -89.500000 64.500000 34.000000
   vertex -89.500000 67.500000 34.000000
  endloop
 endfacet
 facet normal -1.000000 0.000000 0.000000
  outer loop
   vertex -89.500000 64.500000 0.000000
   vertex -89.500000 67.500000 34.000000
   vertex -89.500000 67.500000 0.000000
  endloop
 endfacet
 facet normal 1.000000 0.000000 0.000000
  outer loop
   vertex -86.500000 64.500000 0.000000
   vertex -86.500000 67.500000 0.000000
   vertex -86.500000 67.500000 34.000000
  endloop
 endfacet
 facet normal 1.000000 0.000000 0.000000
  outer loop
   vertex -86.500000 64.500000 0.000000
   vertex -86.500000 67.500000 34.000000
   vertex -86.500000 64.500000 34.000000
  endloop
 endfacet
 facet normal 0.000000 0.000000 -1.000000
  outer loop
   vertex -92.500000 61.500000 34.000000
   vertex -92.500000 70.500000 34.000000
   vertex -83.500000 70.500000 34.000000
  endloop
 endfacet
 facet normal 0.000000 0.000000 -1.000000
  outer loop
   vertex -92.500000 61.500000 34.000000
   vertex -83.500000 70.500000 34.000000
   vertex -83.500000 61.500000 34.000000
  endloop
 endfacet
 facet normal 0.000000 0.000000 1.000000
  outer loop
   vertex -92.500000 61.500000 38.000000
   vertex -83.500000 61.500000 38.000000
   vertex -83.500000 70.500000 38.000000
  endloop
 endfacet
 facet normal 0.000000 0.000000 1.000000
  outer loop
   vertex -92.500000 61.500000 38.000000
   vertex -83.500000 70.500000 38.000000
   vertex -92.500000 70.500000 38.000000
  endloop
 endfacet
 facet normal 0.000000 -1.000000 0.000000
  outer loop
   vertex -92.500000 61.500000 34.000000
   vertex -83.500000 61.500000 34.000000
   vertex -83.500000 61.500000 38.000000
  endloop
 endfacet
 facet normal 0.000000 -1.000000 0.000000
  outer loop
   vertex -92.500000 61.500000 34.000000
   vertex -83.500000 61.500000 38.000000
   vertex -92.500000 61.500000 38.000000
  endloop
 endfacet
 facet normal 0.000000 1.000000 0.000000
  outer loop
   vertex -92.500000 70.500000 34.000000
   vertex -92.500000 70.500000 38.000000
   vertex -83.500000 70.500000 38.000000
  endloop
 endfacet
 facet normal 0.000000 1.000000 0.000000
  outer loop
   vertex -92.500000 70.500000 34.000000
   vertex -83.500000 70.500000 38.000000
   vertex -83.500000 70.500000 34.000000
  endloop
 endfacet
 facet normal -1.000000 0.000000 0.000000
  outer loop
   vertex -92.500000 61.500000 34.000000
   vertex -92.500000 61.500000 38.000000
   vertex -92.500000 70.500000 38.000000
  endloop
 endfacet
 facet normal -1.000000 0.000000 0.000000
  outer loop
   vertex -92.500000 61.500000 34.000000
   vertex -92.500000 70.500000 38.000000
   vertex -92.500000 70.500000 34.000000
  endloop
 endfacet
 facet normal 1.000000 0.000000 0.000000
  outer loop
   vertex -83.500000 61.500000 34.000000
   vertex -83.500000 70.500000 34.000000
   vertex -83.500000 70.500000 38.000000
  endloop
 endfacet
 facet normal 1.000000 0.000000 0.000000
  outer loop
   vertex -83.500000 61.500000 34.000000
   vertex -83.500000 70.500000 38.000000
   vertex -83.500000 61.500000 38.000000
  endloop
 endfacet
 facet normal 0.000000 0.000000 -1.000000
  outer loop
   vertex 86.500000 64.500000 0.000000
   vertex 86.500000 67.500000 0.000000
   vertex 89.500000 67.500000 0.000000
  endloop
 endfacet
 facet normal 0.000000 0.000000 -1.000000
  outer loop
   vertex 86.500000 64.500000 0.000000
   vertex 89.500000 67.500000 0.000000
   vertex 89.500000 64.500000 0.000000
  endloop
 endfacet
 facet normal 0.000000 0.000000 1.000000
  outer loop
   vertex 86.500000 64.500000 34.000000
   vertex 89.500000 64.500000 34.000000
   vertex 89.500000 67.500000 34.000000
  endloop
 endfacet
 facet normal 0.000000 0.000000 1.000000
  outer loop
   vertex 86.500000 64.500000 34.000000
   vertex 89.500000 67.500000 34.000000
   vertex 86.500000 67.500000 34.000000
  endloop
 endfacet
 facet normal 0.000000 -1.000000 0.000000
  outer loop
   vertex 86.500000 64.500000 0.000000
   vertex 89.500000 64.500000 0.000000
   vertex 89.500000 64.500000 34.000000
  endloop
 endfacet
 facet normal 0.000000 -1.000000 0.000000
  outer loop
   vertex 86.500000 64.500000 0.000000
   vertex 89.500000 64.500000 34.000000
   vertex 86.500000 64.500000 34.000000
  endloop
 endfacet
 facet normal 0.000000 1.000000 0.000000
  outer loop
   vertex 86.500000 67.500000 0.000000
   vertex 86.500000 67.500000 34.000000
   vertex 89.500000 67.500000 34.000000
  endloop
 endfacet
 facet normal 0.000000 1.000000 0.000000
  outer loop
   vertex 86.500000 67.500000 0.000000
   vertex 89.500000 67.500000 34.000000
   vertex 89.500000 67.500000 0.000000
  endloop
 endfacet
 facet normal -1.000000 0.000000 0.000000
  outer loop
   vertex 86.500000 64.500000 0.000000
   vertex 86.500000 64.500000 34.000000
   vertex 86.500000 67.500000 34.000000
  endloop
 endfacet
 facet normal -1.000000 0.000000 0.000000
  outer loop
   vertex 86.500000 64.500000 0.000000
   vertex 86.500000 67.500000 34.000000
   vertex 86.500000 67.500000 0.000000
  endloop
 endfacet
 facet normal 1.000000 0.000000 0.000000
  outer loop
   vertex 89.500000 64.500000 0.000000
   vertex 89.500000 67.500000 0.000000
   vertex 89.500000 67.500000 34.000000
  endloop
 endfacet
 facet normal 1.000000 0.000000 0.000000
  outer loop
   vertex 89.500000 64.500000 0.000000
   vertex 89.500000 67.500000 34.000000
   vertex 89.500000 64.500000 34.000000
  endloop
 endfacet
 facet normal 0.000000 0.000000 -1.000000
  outer loop
   vertex 83.500000 61.500000 34.000000
   vertex 83.500000 70.500000 34.000000
   vertex 92.500000 70.500000 34.000000
  endloop
 endfacet
 facet normal 0.000000 0.000000 -1.000000
  outer loop
   vertex 83.500000 61.500000 34.000000
   vertex 92.500000 70.500000 34.000000
   vertex 92.500000 61.500000 34.000000
  endloop
 endfacet
 facet normal 0.000000 0.000000 1.000000
  outer loop
   vertex 83.500000 61.500000 38.000000
   vertex 92.500000 61.500000 38.000000
   vertex 92.500000 70.500000 38.000000
  endloop
 endfacet
 facet normal 0.000000 0.000000 1.000000
  outer loop
   vertex 83.500000 61.500000 38.000000
   vertex 92.500000 70.500000 38.000000
   vertex 83.500000 70.500000 38.000000
  endloop
 endfacet
 facet normal 0.000000 -1.000000 0.000000
  outer loop
   vertex 83.500000 61.500000 34.000000
   vertex 92.500000 61.500000 34.000000
   vertex 92.500000 61.500000 38.000000
  endloop
 endfacet
 facet normal 0.000000 -1.000000 0.000000
  outer loop
   vertex 83.500000 61.500000 34.000000
   vertex 92.500000 61.500000 38.000000
   vertex 83.500000 61.500000 38.000000
  endloop
 endfacet
 facet normal 0.000000 1.000000 0.000000
  outer loop
   vertex 83.500000 70.500000 34.000000
   vertex 83.500000 70.500000 38.000000
   vertex 92.500000 70.500000 38.000000
  endloop
 endfacet
 facet normal 0.000000 1.000000 0.000000
  outer loop
   vertex 83.500000 70.500000 34.000000
   vertex 92.500000 70.500000 38.000000
   vertex 92.500000 70.500000 34.000000
  endloop
 endfacet
 facet normal -1.000000 0.000000 0.000000
  outer loop
   vertex 83.500000 61.500000 34.000000
   vertex 83.500000 61.500000 38.000000
   vertex 83.500000 70.500000 38.000000
  endloop
 endfacet
 facet normal -1.000000 0.000000 0.000000
  outer loop
   vertex 83.500000 61.500000 34.000000
   vertex 83.500000 70.500000 38.000000
   vertex 83.500000 70.500000 34.000000
  endloop
 endfacet
 facet normal 1.000000 0.000000 0.000000
  outer loop
   vertex 92.500000 61.500000 34.000000
   vertex 92.500000 70.500000 34.000000
   vertex 92.500000 70.500000 38.000000
  endloop
 endfacet
 facet normal 1.000000 0.000000 0.000000
  outer loop
   vertex 92.500000 61.500000 34.000000
   vertex 92.500000 70.500000 38.000000
   vertex 92.500000 61.500000 38.000000
  endloop
 endfacet
 facet normal 0.000000 0.000000 -1.000000
  outer loop
   vertex -60.600000 51.400000 0.000000
   vertex -60.600000 52.600000 0.000000
   vertex -59.400000 52.600000 0.000000
  endloop
 endfacet
 facet normal 0.000000 0.000000 -1.000000
  outer loop
   vertex -60.600000 51.400000 0.000000
   vertex -59.400000 52.600000 0.000000
   vertex -59.400000 51.400000 0.000000
  endloop
 endfacet
 facet normal 0.000000 0.000000 1.000000
  outer loop
   vertex -60.600000 51.400000 26.000000
   vertex -59.400000 51.400000 26.000000
   vertex -59.400000 52.600000 26.000000
  endloop
 endfacet
 facet normal 0.000000 0.000000 1.000000
  outer loop
   vertex -60.600000 51.400000 26.000000
   vertex -59.400000 52.600000 26.000000
   vertex -60.600000 52.600000 26.000000
  endloop
 endfacet
 facet normal 0.000000 -1.000000 0.000000
  outer loop
   vertex -60.600000 51.400000 0.000000
   vertex -59.400000 51.400000 0.000000
   vertex -59.400000 51.400000 26.000000
  endloop
 endfacet
 facet normal 0.000000 -1.000000 0.000000
  outer loop
   vertex -60.600000 51.400000 0.000000
   vertex -59.400000 51.400000 26.000000
   vertex -60.600000 51.400000 26.000000
  endloop
 endfacet
 facet normal 0.000000 1.000000 0.000000
  outer loop
   vertex -60.600000 52.600000 0.000000
   vertex -60.600000 52.600000 26.000000
   vertex -59.400000 52.600000 26.000000
  endloop
 endfacet
 facet normal 0.000000 1.000000 0.000000
  outer loop
   vertex -60.600000 52.600000 0.000000
   vertex -59.400000 52.600000 26.000000
   vertex -59.400000 52.600000 0.000000
  endloop
 endfacet
 facet normal -1.000000 0.000000 0.000000
  outer loop
   vertex -60.600000 51.400000 0.000000
   vertex -60.600000 51.400000 26.000000
   vertex -60.600000 52.600000 26.000000
  endloop
 endfacet
 facet normal -1.000000 0.000000 0.000000
  outer loop
   vertex -60.600000 51.400000 0.000000
   vertex -60.600000 52.600000 26.000000
   vertex -60.600000 52.600000 0.000000
  endloop
 endfacet
 facet normal 1.000000 0.000000 0.000000
  outer loop
   vertex -59.400000 51.400000 0.000000
   vertex -59.400000 52.600000 0.000000
   vertex -59.400000 52.600000 26.000000
  endloop
 endfacet
 facet normal 1.000000 0.000000 0.000000
  outer loop
   vertex -59.400000 51.400000 0.000000
   vertex -59.400000 52.600000 26.000000
   vertex -59.400000 51.400000 26.000000
  endloop
 endfacet
 facet normal 0.000000 0.000000 -1.000000
  outer loop
   vertex -60.000000 51.800000 20.000000
   vertex -60.000000 52.200000 20.000000
   vertex -53.400000 52.200000 20.000000
  endloop
 endfacet
 facet normal 0.000000 0.000000 -1.000000
  outer loop
   vertex -60.000000 51.800000 20.000000
   vertex -53.400000 52.200000 20.000000
   vertex -53.400000 51.800000 20.000000
  endloop
 endfacet
 facet normal 0.000000 0.000000 1.000000
  outer loop
   vertex -60.000000 51.800000 22.000000
   vertex -53.400000 51.800000 22.000000
   vertex -53.400000 52.200000 22.000000
  endloop
 endfacet
 facet normal 0.000000 0.000000 1.000000
  outer loop
   vertex -60.000000 51.800000 22.000000
   vertex -53.400000 52.200000 22.000000
   vertex -60.000000 52.200000 22.000000
  endloop
 endfacet
 facet normal 0.000000 -1.000000 0.000000
  outer loop
   vertex -60.000000 51.800000 20.000000
   vertex -53.400000 51.800000 20.000000
   vertex -53.400000 51.800000 22.000000
  endloop
 endfacet
 facet normal 0.000000 -1.000000 0.000000
  outer loop
   vertex -60.000000 51.800000 20.000000
   vertex -53.400000 51.800000 22.000000
   vertex -60.000000 51.800000 22.000000
  endloop
 endfacet
 facet normal 0.000000 1.000000 0.000000
  outer loop
   vertex -60.000000 52.200000 20.000000
   vertex -60.000000 52.200000 22.000000
   vertex -53.400000 52.200000 22.000000
  endloop
 endfacet
 facet normal 0.000000 1.000000 0.000000
  outer loop
   vertex -60.000000 52.200000 20.000000
   vertex -53.400000 52.200000 22.000000
   vertex -53.400000 52.200000 20.000000
  endloop
 endfacet
 facet normal -1.000000 0.000000 0.000000
  outer loop
   vertex -60.000000 51.800000 20.000000
   vertex -60.000000 51.800000 22.000000
   vertex -60.000000 52.200000 22.000000
  endloop
 endfacet
 facet normal -1.000000 0.000000 0.000000
  outer loop
   vertex -60.000000 51.800000 20.000000
   vertex -60.000000 52.200000 22.000000
   vertex -60.000000 52.200000 20.000000
  endloop
 endfacet
 facet normal 1.000000 0.000000 0.000000
  outer loop
   vertex -53.400000 51.800000 20.000000
   vertex -53.400000 52.200000 20.000000
   vertex -53.400000 52.200000 22.000000
  endloop
 endfacet
 facet normal 1.000000 0.000000 0.000000
  outer loop
   vertex -53.400000 51.800000 20.000000
   vertex -53.400000 52.200000 22.000000
   vertex -53.400000 51.800000 22.000000
  endloop
 endfacet
 facet normal 0.000000 0.000000 -1.000000
  outer loop
   vertex -60.000000 51.800000 22.000000
   vertex -60.000000 52.200000 22.000000
   vertex -53.400000 52.200000 22.000000
  endloop
 endfacet
 facet normal 0.000000 0.000000 -1.000000
  outer loop
   vertex -60.000000 51.800000 22.000000
   vertex -53.400000 52.200000 22.000000
   vertex -53.400000 51.800000 22.000000
  endloop
 endfacet
 facet normal 0.000000 0.000000 1.000000
  outer loop
   vertex -60.000000 51.800000 24.000000
   vertex -53.400000 51.800000 24.000000
   vertex -53.400000 52.200000 24.000000
  endloop
 endfacet
 facet normal 0.000000 0.000000 1.000000
  outer loop
   vertex -60.000000 51.800000 24.000000
   vertex -53.400000 52.200000 24.000000
   vertex -60.000000 52.200000 24.000000
  endloop
 endfacet
 facet normal 0.000000 -1.000000 0.000000
  outer loop
   vertex -60.000000 51.800000 22.000000
   vertex -53.400000 51.800000 22.000000
   vertex -53.400000 51.800000 24.000000
  endloop
 endfacet
 facet normal 0.000000 -1.000000 0.000000
  outer loop
   vertex -60.000000 51.800000 22.000000
   vertex -53.400000 51.800000 24.000000
   vertex -60.000000 51.800000 24.000000
  endloop
 endfacet
 facet normal 0.000000 1.000000 0.000000
  outer loop
   vertex -60.000000 52.200000 22.000000
   vertex -60.000000 52.200000 24.000000
   vertex -53.400000 52.200000 24.000000
  endloop
 endfacet
 facet normal 0.000000 1.000000 0.000000
  outer loop
   vertex -60.000000 52.200000 22.000000
   vertex -53.400000 52.200000 24.000000
   vertex -53.400000 52.200000 22.000000
  endloop
 endfacet
 facet normal -1.000000 0.000000 0.000000
  outer loop
   vertex -60.000000 51.800000 22.000000
   vertex -60.000000 51.800000 24.000000
   vertex -60.000000 52.200000 24.000000
  endloop
 endfacet
 facet normal -1.000000 0.000000 0.000000
  outer loop
   vertex -60.000000 51.800000 22.000000
   vertex -60.000000 52.200000 24.000000
   vertex -60.000000 52.200000 22.000000
  endloop
 endfacet
 facet normal 1.000000 0.000000 0.000000
  outer loop
   vertex -53.400000 51.800000 22.000000
   vertex -53.400000 52.200000 22.000000
   vertex -53.400000 52.200000 24.000000
  endloop
 endfacet
 facet normal 1.000000 0.000000 0.000000
  outer loop
   vertex -53.400000 51.800000 22.000000
   vertex -53.400000 52.200000 24.000000
   vertex -53.400000 51.800000 24.000000
  endloop
 endfacet
 facet normal 0.000000 0.000000 -1.000000
  outer loop
   vertex -60.000000 51.800000 24.000000
   vertex -60.000000 52.200000 24.000000
   vertex -53.400000 52.200000 24.000000
  endloop
 endfacet
 facet normal 0.000000 0.000000 -1.000000
  outer loop
   vertex -60.000000 51.800000 24.000000
   vertex -53.400000 52.200000 24.000000
   vertex -53.400000 51.800000 24.000000
  endloop
 endfacet
 facet normal 0.000000 0.000000 1.000000
  outer loop
   vertex -60.000000 51.800000 26.000000
   vertex -53.400000 51.800000 26.000000
   vertex -53.400000 52.200000 26.000000
  endloop
 endfacet
 facet normal 0.000000 0.000000 1.000000
  outer loop
   vertex -60.000000 51.800000 26.000000
   vertex -53.400000 52.200000 26.000000
   vertex -60.000000 52.200000 26.000000
  endloop
 endfacet
 facet normal 0.000000 -1.000000 0.000000
  outer loop
   vertex -60.000000 51.800000 24.000000
   vertex -53.400000 51.800000 24.000000
   vertex -53.400000 51.800000 26.000000
  endloop
 endfacet
 facet normal 0.000000 -1.000000 0.000000
  outer loop
   vertex -60.000000 51.800000 24.000000
   vertex -53.400000 51.800000 26.000000
   vertex -60.000000 51.800000 26.000000
  endloop
 endfacet
 facet normal 0.000000 1.000000 0.000000
  outer loop
   vertex -60.000000 52.200000 24.000000
   vertex -60.000000 52.200000 26.000000
   vertex -53.400000 52.200000 26.000000
  endloop
 endfacet
 facet normal 0.000000 1.000000 0.000000
  outer loop
   vertex -60.000000 52.200000 24.000000
   vertex -53.400000 52.200000 26.000000
   vertex -53.400000 52.200000 24.000000
  endloop
 endfacet
 facet normal -1.000000 0.000000 0.000000
  outer loop
   vertex -60.000000 51.800000 24.000000
   vertex -60.000000 51.800000 26.000000
   vertex -60.000000 52.200000 26.000000
  endloop
 endfacet
 facet normal -1.000000 0.000000 0.000000
  outer loop
   vertex -60.000000 51.800000 24.000000
   vertex -60.000000 52.200000 26.000000
   vertex -60.000000 52.200000 24.000000
  endloop
 endfacet
 facet normal 1.000000 0.000000 0.000000
  outer loop
   vertex -53.400000 51.800000 24.000000
   vertex -53.400000 52.200000 24.000000
   vertex -53.400000 52.200000 26.000000
  endloop
 endfacet
 facet normal 1.000000 0.000000 0.000000
  outer loop
   vertex -53.400000 51.800000 24.000000
   vertex -53.400000 52.200000 26.000000
   vertex -53.400000 51.800000 26.000000
  endloop
 endfacet
 facet normal 0.000000 0.000000 -1.000000
  outer loop
   vertex -16.500000 56.500000 0.000000
   vertex -16.500000 61.500000 0.000000
   vertex -11.500000 61.500000 0.000000
  endloop
 endfacet
 facet normal 0.000000 0.000000 -1.000000
  outer loop
   vertex -16.500000 56.500000 0.000000
   vertex -11.500000 61.500000 0.000000
   vertex -11.500000 56.500000 0.000000
  endloop
 endfacet
 facet normal 0.000000 0.000000 1.000000
  outer loop
   vertex -16.500000 56.500000 16.000000
   vertex -11.500000 56.500000 16.000000
   vertex -11.500000 61.500000 16.000000
  endloop
 endfacet
 facet normal 0.000000 0.000000 1.000000
  outer loop
   vertex -16.500000 56.500000 16.000000
   vertex -11.500000 61.500000 16.000000
   vertex -16.500000 61.500000 16.000000
  endloop
 endfacet
 facet normal 0.000000 -1.000000 0.000000
  outer loop
   vertex -16.500000 56.500000 0.000000
   vertex -11.500000 56.500000 0.000000
   vertex -11.500000 56.500000 16.000000
  endloop
 endfacet
 facet normal 0.000000 -1.000000 0.000000
  outer loop
   vertex -16.500000 56.500000 0.000000
   vertex -11.500000 56.500000 16.000000
   vertex -16.500000 56.500000 16.000000
  endloop
 endfacet
 facet normal 0.000000 1.000000 0.000000
  outer loop
   vertex -16.500000 61.500000 0.000000
   vertex -16.500000 61.500000 16.000000
   vertex -11.500000 61.500000 16.000000
  endloop
 endfacet
 facet normal 0.000000 1.000000 0.000000
  outer loop
   vertex -16.500000 61.500000 0.000000
   vertex -11.500000 61.500000 16.000000
   vertex -11.500000 61.500000 0.000000
  endloop
 endfacet
 facet normal -1.000000 0.000000 0.000000
  outer loop
   vertex -16.500000 56.500000 0.000000
   vertex -16.500000 56.500000 16.000000
   vertex -16.500000 61.500000 16.000000
  endloop
 endfacet
 facet normal -1.000000 0.000000 0.000000
  outer loop
   vertex -16.500000 56.500000 0.000000
   vertex -16.500000 61.500000 16.000000
   vertex -16.500000 61.500000 0.000000
  endloop
 endfacet
 facet normal 1.000000 0.000000 0.000000
  outer loop
   vertex -11.500000 56.500000 0.000000
   vertex -11.500000 61.500000 0.000000
   vertex -11.500000 61.500000 16.000000
  endloop
 endfacet
 facet normal 1.000000 0.000000 0.000000
  outer loop
   vertex -11.500000 56.500000 0.000000
   vertex -11.500000 61.500000 16.000000
   vertex -11.500000 56.500000 16.000000
  endloop
 endfacet
 facet normal 0.000000 0.000000 -1.000000
  outer loop
   vertex 11.500000 56.500000 0.000000
   vertex 11.500000 61.500000 0.000000
   vertex 16.500000 61.500000 0.000000
  endloop
 endfacet
 facet normal 0.000000 0.000000 -1.000000
  outer loop
   vertex 11.500000 56.500000 0.000000
   vertex 16.500000 61.500000 0.000000
   vertex 16.500000 56.500000 0.000000
  endloop
 endfacet
 facet normal 0.000000 0.000000 1.000000
  outer loop
   vertex 11.500000 56.500000 16.000000
   vertex 16.500000 56.500000 16.000000
   vertex 16.500000 61.500000 16.000000
  endloop
 endfacet
 facet normal 0.000000 0.000000 1.000000
  outer loop
   vertex 11.500000 56.500000 16.000000
   vertex 16.500000 61.500000 16.000000
   vertex 11.500000 61.500000 16.000000
  endloop
 endfacet
 facet normal 0.000000 -1.000000 0.000000
  outer loop
   vertex 11.500000 56.500000 0.000000
   vertex 16.500000 56.500000 0.000000
   vertex 16.500000 56.500000 16.000000
  endloop
 endfacet
 facet normal 0.000000 -1.000000 0.000000
  outer loop
   vertex 11.500000 56.500000 0.000000
   vertex 16.500000 56.500000 16.000000
   vertex 11.500000 56.500000 16.000000
  endloop
 endfacet
 facet normal 0.000000 1.000000 0.000000
  outer loop
   vertex 11.500000 61.500000 0.000000
   vertex 11.500000 61.500000 16.000000
   vertex 16.500000 61.500000 16.000000
  endloop
 endfacet
 facet normal 0.000000 1.000000 0.000000
  outer loop
   vertex 11.500000 61.500000 0.000000
   vertex 16.500000 61.500000 16.000000
   vertex 16.500000 61.500000 0.000000
  endloop
 endfacet
 facet normal -1.000000 0.000000 0.000000
  outer loop
   vertex 11.500000 56.500000 0.000000
   vertex 11.500000 56.500000 16.000000
   vertex 11.500000 61.500000 16.000000
  endloop
 endfacet
 facet normal -1.000000 0.000000 0.000000
  outer loop
   vertex 11.500000 56.500000 0.000000
   vertex 11.500000 61.500000 16.000000
   vertex 11.500000 61.500000 0.000000
  endloop
 endfacet
 facet normal 1.000000 0.000000 0.000000
  outer loop
   vertex 16.500000 56.500000 0.000000
   vertex 16.500000 61.500000 0.000000
   vertex 16.500000 61.500000 16.000000
  endloop
 endfacet
 facet normal 1.000000 0.000000 0.000000
  outer loop
   vertex 16.500000 56.500000 0.000000
   vertex 16.500000 61.500000 16.000000
   vertex 16.500000 56.500000 16.000000
  endloop
 endfacet
 facet normal 0.000000 0.000000 -1.000000
  outer loop
   vertex -16.500000 56.500000 16.000000
   vertex -16.500000 61.500000 16.000000
   vertex 16.500000 61.500000 16.000000
  endloop
 endfacet
 facet normal 0.000000 0.000000 -1.000000
  outer loop
   vertex -16.500000 56.500000 16.000000
   vertex 16.500000 61.500000 16.000000
   vertex 16.500000 56.500000 16.000000
  endloop
 endfacet
 facet normal 0.000000 0.000000 1.000000
  outer loop
   vertex -16.500000 56.500000 20.000000
   vertex 16.500000 56.500000 20.000000
   vertex 16.500000 61.500000 20.000000
  endloop
 endfacet
 facet normal 0.000000 0.000000 1.000000
  outer loop
   vertex -16.500000 56.500000 20.000000
   vertex 16.500000 61.500000 20.000000
   vertex -16.500000 61.500000 20.000000
  endloop
 endfacet
 facet normal 0.000000 -1.000000 0.000000
  outer loop
   vertex -16.500000 56.500000 16.000000
   vertex 16.500000 56.500000 16.000000
   vertex 16.500000 56.500000 20.000000
  endloop
 endfacet
 facet normal 0.000000 -1.000000 0.000000
  outer loop
   vertex -16.500000 56.500000 16.000000
   vertex 16.500000 56.500000 20.000000
   vertex -16.500000 56.500000 20.000000
  endloop
 endfacet
 facet normal 0.000000 1.000000 0.000000
  outer loop
   vertex -16.500000 61.500000 16.000000
   vertex -16.500000 61.500000 20.000000
   vertex 16.500000 61.500000 20.000000
  endloop
 endfacet
 facet normal 0.000000 1.000000 0.000000
  outer loop
   vertex -16.500000 61.500000 16.000000
   vertex 16.500000 61.500000 20.000000
   vertex 16.500000 61.500000 16.000000
  endloop
 endfacet
 facet normal -1.000000 0.000000 0.000000
  outer loop
   vertex -16.500000 56.500000 16.000000
   vertex -16.500000 56.500000 20.000000
   vertex -16.500000 61.500000 20.000000
  endloop
 endfacet
 facet normal -1.000000 0.000000 0.000000
  outer loop
   vertex -16.500000 56.500000 16.000000
   vertex -16.500000 61.500000 20.000000
   vertex -16.500000 61.500000 16.000000
  endloop
 endfacet
 facet normal 1.000000 0.000000 0.000000
  outer loop
   vertex 16.500000 56.500000 16.000000
   vertex 16.500000 61.500000 16.000000
   vertex 16.500000 61.500000 20.000000
  endloop
 endfacet
 facet normal 1.000000 0.000000 0.000000
  outer loop
   vertex 16.500000 56.500000 16.000000
   vertex 16.500000 61.500000 20.000000
   vertex 16.500000 56.500000 20.000000
  endloop
 endfacet
 facet normal 0.000000 0.000000 -1.000000
  outer loop
   vertex -54.700000 -35.800000 2.600000
   vertex -54.700000 -35.400000 2.600000
   vertex -54.300000 -35.400000 2.600000
  endloop
 endfacet
 facet normal 0.000000 0.000000 -1.000000
  outer loop
   vertex -54.700000 -35.800000 2.600000
   vertex -54.300000 -35.400000 2.600000
   vertex -54.300000 -35.800000 2.600000
  endloop
 endfacet
 facet normal 0.000000 0.000000 1.000000
  outer loop
   vertex -54.700000 -35.800000 5.600000
   vertex -54.300000 -35.800000 5.600000
   vertex -54.300000 -35.400000 5.600000
  endloop
 endfacet
 facet normal 0.000000 0.000000 1.000000
  outer loop
   vertex -54.700000 -35.800000 5.600000
   vertex -54.300000 -35.400000 5.600000
   vertex -54.700000 -35.400000 5.600000
  endloop
 endfacet
 facet normal 0.000000 -1.000000 0.000000
  outer loop
   vertex -54.700000 -35.800000 2.600000
   vertex -54.300000 -35.800000 2.600000
   vertex -54.300000 -35.800000 5.600000
  endloop
 endfacet
 facet normal 0.000000 -1.000000 0.000000
  outer loop
   vertex -54.700000 -35.800000 2.600000
   vertex -54.300000 -35.800000 5.600000
   vertex -54.700000 -35.800000 5.600000
  endloop
 endfacet
 facet normal 0.000000 1.000000 0.000000
  outer loop
   vertex -54.700000 -35.400000 2.600000
   vertex -54.700000 -35.400000 5.600000
   vertex -54.300000 -35.400000 5.600000
  endloop
 endfacet
 facet normal 0.000000 1.000000 0.000000
  outer loop
   vertex -54.700000 -35.400000 2.600000
   vertex -54.300000 -35.400000 5.600000
   vertex -54.300000 -35.400000 2.600000
  endloop
 endfacet
 facet normal -1.000000 0.000000 0.000000
  outer loop
   vertex -54.700000 -35.800000 2.600000
   vertex -54.700000 -35.800000 5.600000
   vertex -54.700000 -35.400000 5.600000
  endloop
 endfacet
 facet normal -1.000000 0.000000 0.000000
  outer loop
   vertex -54.700000 -35.800000 2.600000
   vertex -54.700000 -35.400000 5.600000
   vertex -54.700000 -35.400000 2.600000
  endloop
 endfacet
 facet normal 1.000000 0.000000 0.000000
  outer loop
   vertex -54.300000 -35.800000 2.600000
   vertex -54.300000 -35.400000 2.600000
   vertex -54.300000 -35.400000 5.600000
  endloop
 endfacet
 facet normal 1.000000 0.000000 0.000000
  outer loop
   vertex -54.300000 -35.800000 2.600000
   vertex -54.300000 -35.400000 5.600000
   vertex -54.300000 -35.800000 5.600000
  endloop
 endfacet
 facet normal 0.000000 0.000000 -1.000000
  outer loop
   vertex -54.500000 -35.750000 4.600000
   vertex -54.500000 -35.450000 4.600000
   vertex -52.700000 -35.450000 4.600000
  endloop
 endfacet
 facet normal 0.000000 0.000000 -1.000000
  outer loop
   vertex -54.500000 -35.750000 4.600000
   vertex -52.700000 -35.450000 4.600000
   vertex -52.700000 -35.750000 4.600000
  endloop
 endfacet
 facet normal 0.000000 0.000000 1.000000
  outer loop
   vertex -54.500000 -35.750000 5.600000
   vertex -52.700000 -35.750000 5.600000
   vertex -52.700000 -35.450000 5.600000
  endloop
 endfacet
 facet normal 0.000000 0.000000 1.000000
  outer loop
   vertex -54.500000 -35.750000 5.600000
   vertex -52.700000 -35.450000 5.600000
   vertex -54.500000 -35.450000 5.600000
  endloop
 endfacet
 facet normal 0.000000 -1.000000 0.000000
  outer loop
   vertex -54.500000 -35.750000 4.600000
   vertex -52.700000 -35.750000 4.600000
   vertex -52.700000 -35.750000 5.600000
  endloop
 endfacet
 facet normal 0.000000 -1.000000 0.000000
  outer loop
   vertex -54.500000 -35.750000 4.600000
   vertex -52.700000 -35.750000 5.600000
   vertex -54.500000 -35.750000 5.600000
  endloop
 endfacet
 facet normal 0.000000 1.000000 0.000000
  outer loop
   vertex -54.500000 -35.450000 4.600000
   vertex -54.500000 -35.450000 5.600000
   vertex -52.700000 -35.450000 5.600000
  endloop
 endfacet
 facet normal 0.000000 1.000000 0.000000
  outer loop
   vertex -54.500000 -35.450000 4.600000
   vertex -52.700000 -35.450000 5.600000
   vertex -52.700000 -35.450000 4.600000
  endloop
 endfacet
 facet normal -1.000000 0.000000 0.000000
  outer loop
   vertex -54.500000 -35.750000 4.600000
   vertex -54.500000 -35.750000 5.600000
   vertex -54.500000 -35.450000 5.600000
  endloop
 endfacet
 facet normal -1.000000 0.000000 0.000000
  outer loop
   vertex -54.500000 -35.750000 4.600000
   vertex -54.500000 -35.450000 5.600000
   vertex -54.500000 -35.450000 4.600000
  endloop
 endfacet
 facet normal 1.000000 0.000000 0.000000
  outer loop
   vertex -52.700000 -35.750000 4.600000
   vertex -52.700000 -35.450000 4.600000
   vertex -52.700000 -35.450000 5.600000
  endloop
 endfacet
 facet normal 1.000000 0.000000 0.000000
  outer loop
   vertex -52.700000 -35.750000 4.600000
   vertex -52.700000 -35.450000 5.600000
   vertex -52.700000 -35.750000 5.600000
  endloop
 endfacet
 facet normal 0.000000 0.000000 -1.000000
  outer loop
   vertex 54.300000 -35.800000 2.600000
   vertex 54.300000 -35.400000 2.600000
   vertex 54.700000 -35.400000 2.600000
  endloop
 endfacet
 facet normal 0.000000 0.000000 -1.000000
  outer loop
   vertex 54.300000 -35.800000 2.600000
   vertex 54.700000 -35.400000 2.600000
   vertex 54.700000 -35.800000 2.600000
  endloop
 endfacet
 facet normal 0.000000 0.000000 1.000000
  outer loop
   vertex 54.300000 -35.800000 5.600000
   vertex 54.700000 -35.800000 5.600000
   vertex 54.700000 -35.400000 5.600000
  endloop
 endfacet
 facet normal 0.000000 0.000000 1.000000
  outer loop
   vertex 54.300000 -35.800000 5.600000
   vertex 54.700000 -35.400000 5.600000
   vertex 54.300000 -35.400000 5.600000
  endloop
 endfacet
 facet normal 0.000000 -1.000000 0.000000
  outer loop
   vertex 54.300000 -35.800000 2.600000
   vertex 54.700000 -35.800000 2.600000
   vertex 54.700000 -35.800000 5.600000
  endloop
 endfacet
 facet normal 0.000000 -1.000000 0.000000
  outer loop
   vertex 54.300000 -35.800000 2.600000
   vertex 54.700000 -35.800000 5.600000
   vertex 54.300000 -35.800000 5.600000
  endloop
 endfacet
 facet normal 0.000000 1.000000 0.000000
  outer loop
   vertex 54.300000 -35.400000 2.600000
   vertex 54.300000 -35.400000 5.600000
   vertex 54.700000 -35.400000 5.600000
  endloop
 endfacet
 facet normal 0.000000 1.000000 0.000000
  outer loop
   vertex 54.300000 -35.400000 2.600000
   vertex 54.700000 -35.400000 5.600000
   vertex 54.700000 -35.400000 2.600000
  endloop
 endfacet
 facet normal -1.000000 0.000000 0.000000
  outer loop
   vertex 54.300000 -35.800000 2.600000
   vertex 54.300000 -35.800000 5.600000
   vertex 54.300000 -35.400000 5.600000
  endloop
 endfacet
 facet normal -1.000000 0.000000 0.000000
  outer loop
   vertex 54.300000 -35.800000 2.600000
   vertex 54.300000 -35.400000 5.600000
   vertex 54.300000 -35.400000 2.600000
  endloop
 endfacet
 facet normal 1.000000 0.000000 0.000000
  outer loop
   vertex 54.700000 -35.800000 2.600000
   vertex 54.700000 -35.400000 2.600000
   vertex 54.700000 -35.400000 5.600000
  endloop
 endfacet
 facet normal 1.000000 0.000000 0.000000
  outer loop
   vertex 54.700000 -35.800000 2.600000
   vertex 54.700000 -35.400000 5.600000
   vertex 54.700000 -35.800000 5.600000
  endloop
 endfacet
 facet normal 0.000000 0.000000 -1.000000
  outer loop
   vertex 54.500000 -35.750000 4.600000
   vertex 54.500000 -35.450000 4.600000
   vertex 56.300000 -35.450000 4.600000
  endloop
 endfacet
 facet normal 0.000000 0.000000 -1.000000
  outer loop
   vertex 54.500000 -35.750000 4.600000
   vertex 56.300000 -35.450000 4.600000
   vertex 56.300000 -35.750000 4.600000
  endloop
 endfacet
 facet normal 0.000000 0.000000 1.000000
  outer loop
   vertex 54.500000 -35.750000 5.600000
   vertex 56.300000 -35.750000 5.600000
   vertex 56.300000 -35.450000 5.600000
  endloop
 endfacet
 facet normal 0.000000 0.000000 1.000000
  outer loop
   vertex 54.500000 -35.750000 5.600000
   vertex 56.300000 -35.450000 5.600000
   vertex 54.500000 -35.450000 5.600000
  endloop
 endfacet
 facet normal 0.000000 -1.000000 0.000000
  outer loop
   vertex 54.500000 -35.750000 4.600000
   vertex 56.300000 -35.750000 4.600000
   vertex 56.300000 -35.750000 5.600000
  endloop
 endfacet
 facet normal 0.000000 -1.000000 0.000000
  outer loop
   vertex 54.500000 -35.750000 4.600000
   vertex 56.300000 -35.750000 5.600000
   vertex 54.500000 -35.750000 5.600000
  endloop
 endfacet
 facet normal 0.000000 1.000000 0.000000
  outer loop
   vertex 54.500000 -35.450000 4.600000
   vertex 54.500000 -35.450000 5.600000
   vertex 56.300000 -35.450000 5.600000
  endloop
 endfacet
 facet normal 0.000000 1.000000 0.000000
  outer loop
   vertex 54.500000 -35.450000 4.600000
   vertex 56.300000 -35.450000 5.600000
   vertex 56.300000 -35.450000 4.600000
  endloop
 endfacet
 facet normal -1.000000 0.000000 0.000000
  outer loop
   vertex 54.500000 -35.750000 4.600000
   vertex 54.500000 -35.750000 5.600000
   vertex 54.500000 -35.450000 5.600000
  endloop
 endfacet
 facet normal -1.000000 0.000000 0.000000
  outer loop
   vertex 54.500000 -35.750000 4.600000
   vertex 54.500000 -35.450000 5.600000
   vertex 54.500000 -35.450000 4.600000
  endloop
 endfacet
 facet normal 1.000000 0.000000 0.000000
  outer loop
   vertex 56.300000 -35.750000 4.600000
   vertex 56.300000 -35.450000 4.600000
   vertex 56.300000 -35.450000 5.600000
  endloop
 endfacet
 facet normal 1.000000 0.000000 0.000000
  outer loop
   vertex 56.300000 -35.750000 4.600000
   vertex 56.300000 -35.450000 5.600000
   vertex 56.300000 -35.750000 5.600000
  endloop
 endfacet
 facet normal 0.000000 0.000000 -1.000000
  outer loop
   vertex -54.700000 35.400000 2.600000
   vertex -54.700000 35.800000 2.600000
   vertex -54.300000 35.800000 2.600000
  endloop
 endfacet
 facet normal 0.000000 0.000000 -1.000000
  outer loop
   vertex -54.700000 35.400000 2.600000
   vertex -54.300000 35.800000 2.600000
   vertex -54.300000 35.400000 2.600000
  endloop
 endfacet
 facet normal 0.000000 0.000000 1.000000
  outer loop
   vertex -54.700000 35.400000 5.600000
   vertex -54.300000 35.400000 5.600000
   vertex -54.300000 35.800000 5.600000
  endloop
 endfacet
 facet normal 0.000000 0.000000 1.000000
  outer loop
   vertex -54.700000 35.400000 5.600000
   vertex -54.300000 35.800000 5.600000
   vertex -54.700000 35.800000 5.600000
  endloop
 endfacet
 facet normal 0.000000 -1.000000 0.000000
  outer loop
   vertex -54.700000 35.400000 2.600000
   vertex -54.300000 35.400000 2.600000
   vertex -54.300000 35.400000 5.600000
  endloop
 endfacet
 facet normal 0.000000 -1.000000 0.000000
  outer loop
   vertex -54.700000 35.400000 2.600000
   vertex -54.300000 35.400000 5.600000
   vertex -54.700000 35.400000 5.600000
  endloop
 endfacet
 facet normal 0.000000 1.000000 0.000000
  outer loop
   vertex -54.700000 35.800000 2.600000
   vertex -54.700000 35.800000 5.600000
   vertex -54.300000 35.800000 5.600000
  endloop
 endfacet
 facet normal 0.000000 1.000000 0.000000
  outer loop
   vertex -54.700000 35.800000 2.600000
   vertex -54.300000 35.800000 5.600000
   vertex -54.300000 35.800000 2.600000
  endloop
 endfacet
 facet normal -1.000000 0.000000 0.000000
  outer loop
   vertex -54.700000 35.400000 2.600000
   vertex -54.700000 35.400000 5.600000
   vertex -54.700000 35.800000 5.600000
  endloop
 endfacet
 facet normal -1.000000 0.000000 0.000000
  outer loop
   vertex -54.700000 35.400000 2.600000
   vertex -54.700000 35.800000 5.600000
   vertex -54.700000 35.800000 2.600000
  endloop
 endfacet
 facet normal 1.000000 0.000000 0.000000
  outer loop
   vertex -54.300000 35.400000 2.600000
   vertex -54.300000 35.800000 2.600000
   vertex -54.300000 35.800000 5.600000
  endloop
 endfacet
 facet normal 1.000000 0.000000 0.000000
  outer loop
   vertex -54.300000 35.400000 2.600000
   vertex -54.300000 35.800000 5.600000
   vertex -54.300000 35.400000 5.600000
  endloop
 endfacet
 facet normal 0.000000 0.000000 -1.000000
  outer loop
   vertex -54.500000 35.450000 4.600000
   vertex -54.500000 35.750000 4.600000
   vertex -52.700000 35.750000 4.600000
  endloop
 endfacet
 facet normal 0.000000 0.000000 -1.000000
  outer loop
   vertex -54.500000 35.450000 4.600000
   vertex -52.700000 35.750000 4.600000
   vertex -52.700000 35.450000 4.600000
  endloop
 endfacet
 facet normal 0.000000 0.000000 1.000000
  outer loop
   vertex -54.500000 35.450000 5.600000
   vertex -52.700000 35.450000 5.600000
   vertex -52.700000 35.750000 5.600000
  endloop
 endfacet
 facet normal 0.000000 0.000000 1.000000
  outer loop
   vertex -54.500000 35.450000 5.600000
   vertex -52.700000 35.750000 5.600000
   vertex -54.500000 35.750000 5.600000
  endloop
 endfacet
 facet normal 0.000000 -1.000000 0.000000
  outer loop
   vertex -54.500000 35.450000 4.600000
   vertex -52.700000 35.450000 4.600000
   vertex -52.700000 35.450000 5.600000
  endloop
 endfacet
 facet normal 0.000000 -1.000000 0.000000
  outer loop
   vertex -54.500000 35.450000 4.600000
   vertex -52.700000 35.450000 5.600000
   vertex -54.500000 35.450000 5.600000
  endloop
 endfacet
 facet normal 0.000000 1.000000 0.000000
  outer loop
   vertex -54.500000 35.750000 4.600000
   vertex -54.500000 35.750000 5.600000
   vertex -52.700000 35.750000 5.600000
  endloop
 endfacet
 facet normal 0.000000 1.000000 0.000000
  outer loop
   vertex -54.500000 35.750000 4.600000
   vertex -52.700000 35.750000 5.600000
   vertex -52.700000 35.750000 4.600000
  endloop
 endfacet
 facet normal -1.000000 0.000000 0.000000
  outer loop
   vertex -54.500000 35.450000 4.600000
   vertex -54.500000 35.450000 5.600000
   vertex -54.500000 35.750000 5.600000
  endloop
 endfacet
 facet normal -1.000000 0.000000 0.000000
  outer loop
   vertex -54.500000 35.450000 4.600000
   vertex -54.500000 35.750000 5.600000
   vertex -54.500000 35.750000 4.600000
  endloop
 endfacet
 facet normal 1.000000 0.000000 0.000000
  outer loop
   vertex -52.700000 35.450000 4.600000
   vertex -52.700000 35.750000 4.600000
   vertex -52.700000 35.750000 5.600000
  endloop
 endfacet
 facet normal 1.000000 0.000000 0.000000
  outer loop
   vertex -52.700000 35.450000 4.600000
   vertex -52.700000 35.750000 5.600000
   vertex -52.700000 35.450000 5.600000
  endloop
 endfacet
 facet normal 0.000000 0.000000 -1.000000
  outer loop
   vertex 54.300000 35.400000 2.600000
   vertex 54.300000 35.800000 2.600000
   vertex 54.700000 35.800000 2.600000
  endloop
 endfacet
 facet normal 0.000000 0.000000 -1.000000
  outer loop
   vertex 54.300000 35.400000 2.600000
   vertex 54.700000 35.800000 2.600000
   vertex 54.700000 35.400000 2.600000
  endloop
 endfacet
 facet normal 0.000000 0.000000 1.000000
  outer loop
   vertex 54.300000 35.400000 5.600000
   vertex 54.700000 35.400000 5.600000
   vertex 54.700000 35.800000 5.600000
  endloop
 endfacet
 facet normal 0.000000 0.000000 1.000000
  outer loop
   vertex 54.300000 35.400000 5.600000
   vertex 54.700000 35.800000 5.600000
   vertex 54.300000 35.800000 5.600000
  endloop
 endfacet
 facet normal 0.000000 -1.000000 0.000000
  outer loop
   vertex 54.300000 35.400000 2.600000
   vertex 54.700000 35.400000 2.600000
   vertex 54.700000 35.400000 5.600000
  endloop
 endfacet
 facet normal 0.000000 -1.000000 0.000000
  outer loop
   vertex 54.300000 35.400000 2.600000
   vertex 54.700000 35.400000 5.600000
   vertex 54.300000 35.400000 5.600000
  endloop
 endfacet
 facet normal 0.000000 1.000000 0.000000
  outer loop
   vertex 54.300000 35.800000 2.600000
   vertex 54.300000 35.800000 5.600000
   vertex 54.700000 35.800000 5.600000
  endloop
 endfacet
 facet normal 0.000000 1.000000 0.000000
  outer loop
   vertex 54.300000 35.800000 2.600000
   vertex 54.700000 35.800000 5.600000
   vertex 54.700000 35.800000 2.600000
  endloop
 endfacet
 facet normal -1.000000 0.000000 0.000000
  outer loop
   vertex 54.300000 35.400000 2.600000
   vertex 54.300000 35.400000 5.600000
   vertex 54.300000 35.800000 5.600000
  endloop
 endfacet
 facet normal -1.000000 0.000000 0.000000
  outer loop
   vertex 54.300000 35.400000 2.600000
   vertex 54.300000 35.800000 5.600000
   vertex 54.300000 35.800000 2.600000
  endloop
 endfacet
 facet normal 1.000000 0.000000 0.000000
  outer loop
   vertex 54.700000 35.400000 2.600000
   vertex 54.700000 35.800000 2.600000
   vertex 54.700000 35.800000 5.600000
  endloop
 endfacet
 facet normal 1.000000 0.000000 0.000000
  outer loop
   vertex 54.700000 35.400000 2.600000
   vertex 54.700000 35.800000 5.600000
   vertex 54.700000 35.400000 5.600000
  endloop
 endfacet
 facet normal 0.000000 0.000000 -1.000000
  outer loop
   vertex 54.500000 35.450000 4.600000
   vertex 54.500000 35.750000 4.600000
   vertex 56.300000 35.750000 4.600000
  endloop
 endfacet
 facet normal 0.000000 0.000000 -1.000000
  outer loop
   vertex 54.500000 35.450000 4.600000
   vertex 56.300000 35.750000 4.600000
   vertex 56.300000 35.450000 4.600000
  endloop
 endfacet
 facet normal 0.000000 0.000000 1.000000
  outer loop
   vertex 54.500000 35.450000 5.600000
   vertex 56.300000 35.450000 5.600000
   vertex 56.300000 35.750000 5.600000
  endloop
 endfacet
 facet normal 0.000000 0.000000 1.000000
  outer loop
   vertex 54.500000 35.450000 5.600000
   vertex 56.300000 35.750000 5.600000
   vertex 54.500000 35.750000 5.600000
  endloop
 endfacet
 facet normal 0.000000 -1.000000 0.000000
  outer loop
   vertex 54.500000 35.450000 4.600000
   vertex 56.300000 35.450000 4.600000
   vertex 56.300000 35.450000 5.600000
  endloop
 endfacet
 facet normal 0.000000 -1.000000 0.000000
  outer loop
   vertex 54.500000 35.450000 4.600000
   vertex 56.300000 35.450000 5.600000
   vertex 54.500000 35.450000 5.600000
  endloop
 endfacet
 facet normal 0.000000 1.000000 0.000000
  outer loop
   vertex 54.500000 35.750000 4.600000
   vertex 54.500000 35.750000 5.600000
   vertex 56.300000 35.750000 5.600000
  endloop
 endfacet
 facet normal 0.000000 1.000000 0.000000
  outer loop
   vertex 54.500000 35.750000 4.600000
   vertex 56.300000 35.750000 5.600000
   vertex 56.300000 35.750000 4.600000
  endloop
 endfacet
 facet normal -1.000000 0.000000 0.000000
  outer loop
   vertex 54.500000 35.450000 4.600000
   vertex 54.500000 35.450000 5.600000
   vertex 54.500000 35.750000 5.600000
  endloop
 endfacet
 facet normal -1.000000 0.000000 0.000000
  outer loop
   vertex 54.500000 35.450000 4.600000
   vertex 54.500000 35.750000 5.600000
   vertex 54.500000 35.750000 4.600000
  endloop
 endfacet
 facet normal 1.000000 0.000000 0.000000
  outer loop
   vertex 56.300000 35.450000 4.600000
   vertex 56.300000 35.750000 4.600000
   vertex 56.300000 35.750000 5.600000
  endloop
 endfacet
 facet normal 1.000000 0.000000 0.000000
  outer loop
   vertex 56.300000 35.450000 4.600000
   vertex 56.300000 35.750000 5.600000
   vertex 56.300000 35.450000 5.600000
  endloop
 endfacet
 facet normal 0.000000 0.000000 -1.000000
  outer loop
   vertex -97.300000 -74.300000 0.000000
   vertex -97.300000 -73.700000 0.000000
   vertex -96.700000 -73.700000 0.000000
  endloop
 endfacet
 facet normal 0.000000 0.000000 -1.000000
  outer loop
   vertex -97.300000 -74.300000 0.000000
   vertex -96.700000 -73.700000 0.000000
   vertex -96.700000 -74.300000 0.000000
  endloop
 endfacet
 facet normal 0.000000 0.000000 1.000000
  outer loop
   vertex -97.300000 -74.300000 0.600000
   vertex -96.700000 -74.300000 0.600000
   vertex -96.700000 -73.700000 0.600000
  endloop
 endfacet
 facet normal 0.000000 0.000000 1.000000
  outer loop
   vertex -97.300000 -74.300000 0.600000
   vertex -96.700000 -73.700000 0.600000
   vertex -97.300000 -73.700000 0.600000
  endloop
 endfacet
 facet normal 0.000000 -1.000000 0.000000
  outer loop
   vertex -97.300000 -74.300000 0.000000
   vertex -96.700000 -74.300000 0.000000
   vertex -96.700000 -74.300000 0.600000
  endloop
 endfacet
 facet normal 0.000000 -1.000000 0.000000
  outer loop
   vertex -97.300000 -74.300000 0.000000
   vertex -96.700000 -74.300000 0.600000
   vertex -97.300000 -74.300000 0.600000
  endloop
 endfacet
 facet normal 0.000000 1.000000 0.000000
  outer loop
   vertex -97.300000 -73.700000 0.000000
   vertex -97.300000 -73.700000 0.600000
   vertex -96.700000 -73.700000 0.600000
  endloop
 endfacet
 facet normal 0.000000 1.000000 0.000000
  outer loop
   vertex -97.300000 -73.700000 0.000000
   vertex -96.700000 -73.700000 0.600000
   vertex -96.700000 -73.700000 0.000000
  endloop
 endfacet
 facet normal -1.000000 0.000000 0.000000
  outer loop
   vertex -97.300000 -74.300000 0.000000
   vertex -97.300000 -74.300000 0.600000
   vertex -97.300000 -73.700000 0.600000
  endloop
 endfacet
 facet normal -1.000000 0.000000 0.000000
  outer loop
   vertex -97.300000 -74.300000 0.000000
   vertex -97.300000 -73.700000 0.600000
   vertex -97.300000 -73.700000 0.000000
  endloop
 endfacet
 facet normal 1.000000 0.000000 0.000000
  outer loop
   vertex -96.700000 -74.300000 0.000000
   vertex -96.700000 -73.700000 0.000000
   vertex -96.700000 -73.700000 0.600000
  endloop
 endfacet
 facet normal 1.000000 0.000000 0.000000
  outer loop
   vertex -96.700000 -74.300000 0.000000
   vertex -96.700000 -73.700000 0.600000
   vertex -96.700000 -74.300000 0.600000
  endloop
 endfacet
 facet normal 0.000000 0.000000 -1.000000
  outer loop
   vertex 96.700000 -74.300000 0.000000
   vertex 96.700000 -73.700000 0.000000
   vertex 97.300000 -73.700000 0.000000
  endloop
 endfacet
 facet normal 0.000000 0.000000 -1.000000
  outer loop
   vertex 96.700000 -74.300000 0.000000
   vertex 97.300000 -73.700000 0.000000
   vertex 97.300000 -74.300000 0.000000
  endloop
 endfacet
 facet normal 0.000000 0.000000 1.000000
  outer loop
   vertex 96.700000 -74.300000 0.600000
   vertex 97.300000 -74.300000 0.600000
   vertex 97.300000 -73.700000 0.600000
  endloop
 endfacet
 facet normal 0.000000 0.000000 1.000000
  outer loop
   vertex 96.700000 -74.300000 0.600000
   vertex 97.300000 -73.700000 0.600000
   vertex 96.700000 -73.700000 0.600000
  endloop
 endfacet
 facet normal 0.000000 -1.000000 0.000000
  outer loop
   vertex 96.700000 -74.300000 0.000000
   vertex 97.300000 -74.300000 0.000000
   vertex 97.300000 -74.300000 0.600000
  endloop
 endfacet
 facet normal 0.000000 -1.000000 0.000000
  outer loop
   vertex 96.700000 -74.300000 0.000000
   vertex 97.300000 -74.300000 0.600000
   vertex 96.700000 -74.300000 0.600000
  endloop
 endfacet
 facet normal 0.000000 1.000000 0.000000
  outer loop
   vertex 96.700000 -73.700000 0.000000
   vertex 96.700000 -73.700000 0.600000
   vertex 97.300000 -73.700000 0.600000
  endloop
 endfacet
 facet normal 0.000000 1.000000 0.000000
  outer loop
   vertex 96.700000 -73.700000 0.000000
   vertex 97.300000 -73.700000 0.600000
   vertex 97.300000 -73.700000 0.000000
  endloop
 endfacet
 facet normal -1.000000 0.000000 0.000000
  outer loop
   vertex 96.700000 -74.300000 0.000000
   vertex 96.700000 -74.300000 0.600000
   vertex 96.700000 -73.700000 0.600000
  endloop
 endfacet
 facet normal -1.000000 0.000000 0.000000
  outer loop
   vertex 96.700000 -74.300000 0.000000
   vertex 96.700000 -73.700000 0.600000
   vertex 96.700000 -73.700000 0.000000
  endloop
 endfacet
 facet normal 1.000000 0.000000 0.000000
  outer loop
   vertex 97.300000 -74.300000 0.000000
   vertex 97.300000 -73.700000 0.000000
   vertex 97.300000 -73.700000 0.600000
  endloop
 endfacet
 facet normal 1.000000 0.000000 0.000000
  outer loop
   vertex 97.300000 -74.300000 0.000000
   vertex 97.300000 -73.700000 0.600000
   vertex 97.300000 -74.300000 0.600000
  endloop
 endfacet
 facet normal 0.000000 0.000000 -1.000000
  outer loop
   vertex -97.300000 73.700000 0.000000
   vertex -97.300000 74.300000 0.000000
   vertex -96.700000 74.300000 0.000000
  endloop
 endfacet
 facet normal 0.000000 0.000000 -1.000000
  outer loop
   vertex -97.300000 73.700000 0.000000
   vertex -96.700000 74.300000 0.000000
   vertex -96.700000 73.700000 0.000000
  endloop
 endfacet
 facet normal 0.000000 0.000000 1.000000
  outer loop
   vertex -97.300000 73.700000 0.600000
   vertex -96.700000 73.700000 0.600000
   vertex -96.700000 74.300000 0.600000
  endloop
 endfacet
 facet normal 0.000000 0.000000 1.000000
  outer loop
   vertex -97.300000 73.700000 0.600000
   vertex -96.700000 74.300000 0.600000
   vertex -97.300000 74.300000 0.600000
  endloop
 endfacet
 facet normal 0.000000 -1.000000 0.000000
  outer loop
   vertex -97.300000 73.700000 0.000000
   vertex -96.700000 73.700000 0.000000
   vertex -96.700000 73.700000 0.600000
  endloop
 endfacet
 facet normal 0.000000 -1.000000 0.000000
  outer loop
   vertex -97.300000 73.700000 0.000000
   vertex -96.700000 73.700000 0.600000
   vertex -97.300000 73.700000 0.600000
  endloop
 endfacet
 facet normal 0.000000 1.000000 0.000000
  outer loop
   vertex -97.300000 74.300000 0.000000
   vertex -97.300000 74.300000 0.600000
   vertex -96.700000 74.300000 0.600000
  endloop
 endfacet
 facet normal 0.000000 1.000000 0.000000
  outer loop
   vertex -97.300000 74.300000 0.000000
   vertex -96.700000 74.300000 0.600000
   vertex -96.700000 74.300000 0.000000
  endloop
 endfacet
 facet normal -1.000000 0.000000 0.000000
  outer loop
   vertex -97.300000 73.700000 0.000000
   vertex -97.300000 73.700000 0.600000
   vertex -97.300000 74.300000 0.600000
  endloop
 endfacet
 facet normal -1.000000 0.000000 0.000000
  outer loop
   vertex -97.300000 73.700000 0.000000
   vertex -97.300000 74.300000 0.600000
   vertex -97.300000 74.300000 0.000000
  endloop
 endfacet
 facet normal 1.000000 0.000000 0.000000
  outer loop
   vertex -96.700000 73.700000 0.000000
   vertex -96.700000 74.300000 0.000000
   vertex -96.700000 74.300000 0.600000
  endloop
 endfacet
 facet normal 1.000000 0.000000 0.000000
  outer loop
   vertex -96.700000 73.700000 0.000000
   vertex -96.700000 74.300000 0.600000
   vertex -96.700000 73.700000 0.600000
  endloop
 endfacet
 facet normal 0.000000 0.000000 -1.000000
  outer loop
   vertex 96.700000 73.700000 0.000000
   vertex 96.700000 74.300000 0.000000
   vertex 97.300000 74.300000 0.000000
  endloop
 endfacet
 facet normal 0.000000 0.000000 -1.000000
  outer loop
   vertex 96.700000 73.700000 0.000000
   vertex 97.300000 74.300000 0.000000
   vertex 97.300000 73.700000 0.000000
  endloop
 endfacet
 facet normal 0.000000 0.000000 1.000000
  outer loop
   vertex 96.700000 73.700000 0.600000
   vertex 97.300000 73.700000 0.600000
   vertex 97.300000 74.300000 0.600000
  endloop
 endfacet
 facet normal 0.000000 0.000000 1.000000
  outer loop
   vertex 96.700000 73.700000 0.600000
   vertex 97.300000 74.300000 0.600000
   vertex 96.700000 74.300000 0.600000
  endloop
 endfacet
 facet normal 0.000000 -1.000000 0.000000
  outer loop
   vertex 96.700000 73.700000 0.000000
   vertex 97.300000 73.700000 0.000000
   vertex 97.300000 73.700000 0.600000
  endloop
 endfacet
 facet normal 0.000000 -1.000000 0.000000
  outer loop
   vertex 96.700000 73.700000 0.000000
   vertex 97.300000 73.700000 0.600000
   vertex 96.700000 73.700000 0.600000
  endloop
 endfacet
 facet normal 0.000000 1.000000 0.000000
  outer loop
   vertex 96.700000 74.300000 0.000000
   vertex 96.700000 74.300000 0.600000
   vertex 97.300000 74.300000 0.600000
  endloop
 endfacet
 facet normal 0.000000 1.000000 0.000000
  outer loop
   vertex 96.700000 74.300000 0.000000
   vertex 97.300000 74.300000 0.600000
   vertex 97.300000 74.300000 0.000000
  endloop
 endfacet
 facet normal -1.000000 0.000000 0.000000
  outer loop
   vertex 96.700000 73.700000 0.000000
   vertex 96.700000 73.700000 0.600000
   vertex 96.700000 74.300000 0.600000
  endloop
 endfacet
 facet normal -1.000000 0.000000 0.000000
  outer loop
   vertex 96.700000 73.700000 0.000000
   vertex 96.700000 74.300000 0.600000
   vertex 96.700000 74.300000 0.000000
  endloop
 endfacet
 facet normal 1.000000 0.000000 0.000000
  outer loop
   vertex 97.300000 73.700000 0.000000
   vertex 97.300000 74.300000 0.000000
   vertex 97.300000 74.300000 0.600000
  endloop
 endfacet
 facet normal 1.000000 0.000000 0.000000
  outer loop
   vertex 97.300000 73.700000 0.000000
   vertex 97.300000 74.300000 0.600000
   vertex 97.300000 73.700000 0.600000
  endloop
 endfacet
endsolid estadio
